"source","term_name","term_id","highlighted","adjusted_p_value","negative_log10_of_adjusted_p_value","term_size","query_size","intersection_size","effective_domain_size","OLFML2B","KLHL1","NTNG2","MCTP2","SNTB1","LRMDA","SFMBT2","CACHD1","POSTN","STK32B","B3GAT2","ABCC3","GNB4","HPSE2","SULF1","NR4A2","SYNPR","LAMA4","CTNNA3","PLD5","RAB31","ZNF804B","BMP6","CRTAC1","GALNT14","SPOCK3","GNAO1","RGS12","ADRA1B","ZNF804A","THEMIS","AFF2","CPNE5","STPG2","SOX5","KCNMB2","TLL1","ADAMTS19","SORBS2","PTPRU","CUX1","GSG1L","ANKRD13A","MGAT5","ERC2","GBE1","SAMD5","TRPC4","CHN2","GNG2","GRIP1","LRIG1","GFRA1","CADPS","TENM3","KCTD16","UNC5C","CYTH1","CHST11","GPD2","TESC","SCD5","GPC5","PDZRN4","NWD2","KLF7","AK5","ABCC8","AKAP13","TEX2","TRPC5","GRIK2","SPOCK1","ATP8B1","FRAS1","ATP10A","EPB41L4A","TRHDE","TMEM163","CDH12","TMTC2","PPP1R12B","FHOD3","TENM4","MMP16","SGCZ","CACNA1E","SETBP1","PHACTR3","CLSTN2","CNTN6","GAB1","DSCAML1","DIP2A","SASH1","ENOX1","HS3ST4","KANSL1L","PACRG","KIF13A","SH3GL3","CSGALNACT1","SYBU","CNTN4","PCDH9","NBEA","TRPS1","CTDSPL","CADPS2","USP43","DYSF","STXBP5","ST8SIA5","ARMC2","PRICKLE2","GALNT2","RETREG1","LSAMP","CTNNAL1","PPP6R2","SLIT1","GAB2","TMEM132D","MPP7","CARMIL1","LRFN2","SSBP2","INPP4B","SORCS3","ADCY2","ALCAM","TEAD1","SRGAP3","ZEB2","RIMS2","DGKI","PLCL1","TIAM2","ADAM23","SATB2","KCNC2","SCHIP1","FRMD5","RPS6KA2","HOMER1","SYNJ2","HSPA12A","IGSF21","RIT2","BRINP2","KCNQ3","PTPRK","EFNA5","PDE1A","CA10","CPNE4","NTNG1"
"GO:MF","signaling adaptor activity","GO:0035591","true","0.011108239698988599","1.954354757403514","104","154","7","20212",,,,,,,,,,,,,"IBA",,,,,,,,,,,,,,,,,,,,,,,,,,,,,,,,,,,,,,"NAS",,,,,,,,,,,,,,,,,,"IDA,IBA",,,,,,,,,,,,,,,,,,,,,,,"IBA",,,,,,,,,,,,,,,,,,,,,,,,,,,,,,"IDA,IBA",,"TAS,NAS",,,,,,,,,,,,,,,,,,,,,"IC",,,,,,,,,,,,
"GO:MF","cell adhesion molecule binding","GO:0050839","true","0.019584995924577176","1.708076514488024","561","154","15","20212",,,,,,,,,"IBA",,,,,,,,,,"TAS,IEA",,,,,,,,,,,,,,,,,,,,,,,,,,,,,"IPI",,,,,"IEA",,"IBA",,,,,,,,,,,,,,,,,,,,,,,,,"IBA",,,,"IBA",,,,,,,"IBA",,"IBA",,,,,,,,,,,"IBA",,,,,,,,,,,,,,,"IEA",,,,,"HDA",,,,,,,,,,,,,,,"TAS",,,,"IDA",,,,,,,,,,,,,,"IPI,IGI"
"GO:MF","beta-catenin binding","GO:0008013","true","0.04570671790831384","1.3400199632541887","89","154","6","20212",,,,,,,,,,,,,,,,"TAS",,,"IPI,IBA",,,,,,,,,,,,,,,,,,,,,"IPI,IEA",,,,,,,,"IPI",,,"TAS",,,,,,,,,,,,,,,,,,,,,,,,,,,,,,,,,,,,,,,,,,,,,,,,,,,,,,,,,,,,,,,,,,,,,,,,,,,,,,,,,,,,,,,,,,,,,,,,,,,,,"IPI",,,,,
"GO:BP","nervous system development","GO:0007399","true","6.261195567355714e-9","8.20334273089034","2531","148","50","21031",,"IBA,IEA","ISS,IEA",,,,,,"IEA",,,,"HEP",,"ISS,IEA","ISS,IBA,TAS,IEA",,,,,,,"IEA","IBA",,,,,,"IMP,IGI",,"TAS","IDA",,"IGI",,,,,,"ISS",,,,,,,"IEA",,,"ISS","IEA","IBA,IEA",,"ISS,IBA",,"IDA,ISS,IBA,TAS,IEA",,,,,,,,,"ISS,IEA",,"IEA",,,"TAS,IEA",,"IDA,ISS,NAS","IEA",,,,,"IMP",,,,,"IMP,ISS,IBA,IEA",,,,,,"IBA,IEA","IBA,TAS",,"IDA,IBA,NAS,IEA","ISS,IEA",,,,,,,"TAS,IEA",,"IBA,IEA","IMP,ISS,IBA,TAS,IEA","IEA",,,,,,,,,,,,,"TAS",,,"IDA,IMP,ISS,IBA,NAS,IEA",,,,,,,,,,"ISS,IEA",,,"NAS,IEA","IDA",,,"IBA","TAS","IEA","IEA",,,,,,,"ISS,IEA","IGI,ISS,IBA,IEA","IBA,IEA","IEA",,"IBA,TAS,IEA",,"NAS",,"ISS,IEA"
"GO:BP","system development","GO:0048731","false","1.393153116838752e-8","7.8560011490866275","3973","148","64","21031",,"IBA,IEA","ISS,IEA",,,,,,"IEA",,,,"HEP",,"IDA,ISS,IBA,IEA","ISS,IBA,TAS,IEA",,"IEA",,,,,"IDA,TAS,IEA","IBA",,,,,,"IMP,IGI",,"TAS","IDA",,"IDA,IGI,ISS,IBA",,"TAS",,"ISS",,"ISS",,,,,,,"IEA",,,"ISS","IEA","IBA,IEA",,"IMP,ISS,IBA",,"IDA,ISS,IBA,TAS,IEA",,"IEA",,,,,,,"ISS,IEA",,"IEA","ISS",,"TAS,IEA",,"IDA,ISS,NAS","IEA","IEA",,,,"IMP",,,,"IBA,IEA","IMP,ISS,IBA,IEA","IBA,IEA","IBA",,,,"IBA,IEA","IBA,TAS","IMP","IDA,IBA,NAS,IEA","ISS,IEA","IMP",,,,,,"TAS,IEA","IEA","IBA,IEA","IMP,ISS,IBA,TAS,IEA","IEA",,"IMP,ISS",,,,,,,,,,,"TAS",,,"IDA,IMP,ISS,IBA,NAS,IEA",,,,,,,,,,"ISS,IEA",,,"NAS,IEA","IDA",,,"IBA","TAS","IEA","IEA",,,"IEA",,,,"ISS,IEA","IGI,ISS,IBA,IEA","IBA,IEA","IEA",,"IBA,TAS,IEA",,"NAS",,"ISS,IEA"
"GO:BP","neurogenesis","GO:0022008","false","0.0000013439097727190726","5.871629887923266","1742","148","37","21031",,"IBA,IEA","ISS,IEA",,,,,,"IEA",,,,,,,"ISS,IBA,TAS,IEA",,,,,,,"IEA","IBA",,,,,,"IMP,IGI",,,"IDA",,"IGI",,,,,,"ISS",,,,,,,"IEA",,,"ISS",,"IEA",,"ISS,IBA",,"ISS,IBA,TAS,IEA",,,,,,,,,"ISS,IEA",,"IEA",,,"IEA",,"IDA,ISS","IEA",,,,,,,,,,"IMP,ISS,IBA,IEA",,,,,,,"IBA",,"IBA,NAS,IEA","ISS",,,,,,,"IEA",,,"IMP,ISS,IBA,TAS,IEA",,,,,,,,,,,,,,,,,"IDA,IMP,IBA,IEA",,,,,,,,,,"ISS,IEA",,,"IEA","IDA",,,"IBA",,"IEA",,,,,,,,,"IGI,ISS,IBA,IEA","IEA","IEA",,"IBA,IEA",,,,"ISS,IEA"
"GO:BP","multicellular organism development","GO:0007275","false","0.0000015075105239981058","5.8217396473481084","4643","148","66","21031",,"IBA,IEA","ISS,IEA",,,,,,"IEA",,,,"HEP",,"IDA,ISS,IBA,IEA","ISS,IBA,TAS,IEA",,"IEA",,,,,"IDA,TAS,IEA","IBA",,,,,,"IMP,IGI",,"TAS","IDA",,"IDA,IGI,ISS,IBA",,"IBA,TAS",,"ISS",,"ISS",,,,,,,"IEA",,,"ISS","IEA","IBA,IEA",,"IMP,ISS,IBA",,"IDA,ISS,IBA,TAS,IEA",,"IEA",,"IDA,IMP,IBA",,,,,"IMP,ISS,IEA",,"IEA","ISS",,"TAS,IEA",,"IDA,ISS,NAS","IEA","IEA",,,,"IMP",,,,"IBA,IEA","IMP,ISS,IBA,IEA","IBA,IEA","IBA",,,,"IBA,IEA","IBA,TAS","IMP","IDA,IBA,NAS,IEA","ISS,IEA","IMP",,,,,,"TAS,IEA","IEA","IBA,IEA","IMP,ISS,IBA,TAS,IEA","IEA",,"IMP,ISS",,,,,,,,,,,"TAS",,,"IDA,IMP,ISS,IBA,NAS,IEA",,,,,,,,,,"ISS,IEA","IBA",,"NAS,IEA","IDA",,,"IBA","TAS","IEA","IEA",,,"IEA",,,,"ISS,IEA","IGI,ISS,IBA,IEA","IBA,IEA","IEA",,"IBA,TAS,IEA",,"NAS",,"ISS,IEA"
"GO:BP","generation of neurons","GO:0048699","false","0.0000018780691537929548","5.726288420292623","1514","148","34","21031",,"IBA,IEA","ISS,IEA",,,,,,"IEA",,,,,,,"ISS,IBA,TAS,IEA",,,,,,,"IEA","IBA",,,,,,"IMP,IGI",,,"IDA",,"IGI",,,,,,"ISS",,,,,,,,,,"ISS",,"IEA",,"ISS,IBA",,"ISS,IBA,TAS,IEA",,,,,,,,,"ISS,IEA",,,,,"IEA",,"IDA,ISS","IEA",,,,,,,,,,"IMP,IBA",,,,,,,"IBA",,"IBA,NAS,IEA","ISS",,,,,,,"IEA",,,"IMP,ISS,IBA,TAS,IEA",,,,,,,,,,,,,,,,,"IDA,IMP,IBA,IEA",,,,,,,,,,"ISS,IEA",,,,"IDA",,,"IBA",,"IEA",,,,,,,,,"IGI,ISS,IBA,IEA","IEA","IEA",,"IBA,IEA",,,,"ISS,IEA"
"GO:BP","neuron development","GO:0048666","false","0.000004252445658394257","5.371361227488539","1167","148","29","21031",,"IBA,IEA","ISS,IEA",,,,,,"IEA",,,,,,,"IEA",,,,,,,,"IBA",,,,,,"IMP,IGI",,,"IDA",,,,,,,,"ISS",,,,,,,,,,"ISS",,"IEA",,"ISS,IBA",,"ISS,IBA,TAS,IEA",,,,,,,,,"ISS,IEA",,,,,"IEA",,"IDA","IEA",,,,,,,,,,"IMP,IBA",,,,,,,"IBA",,"IBA,NAS,IEA","ISS",,,,,,,,,,"ISS,IBA,TAS,IEA",,,,,,,,,,,,,,,,,"IDA,IMP,IBA,IEA",,,,,,,,,,"ISS,IEA",,,,"IDA",,,"IBA",,,,,,,,,,,"IGI,ISS,IBA,IEA",,"IEA",,"IBA,IEA",,,,"ISS,IEA"
"GO:BP","anterograde trans-synaptic signaling","GO:0098916","false","0.000005030525578049615","5.2983866384584815","750","148","23","21031",,,"IEA","IBA",,,,,,,,,,,,,,,,,,,,,,,,,,,,,,,,,,,,,,,,,"IBA,IEA",,,,,,,,,"IEA",,,,,,,,,,,,,,"IEA",,,,"IDA,IMP,IBA,TAS,IEA",,,,,,,,,,,,,,,"IBA,TAS",,,"IBA,IEA",,,,,,,,,,,,,"IEA","TAS",,,,,"IEA",,"IBA","IEA",,,,,,,,,,,,,,"IEA",,,"IEA",,,,,,"ISS,IBA","IBA,IEA","IEA",,,,,,,"TAS","ISS,TAS",,,,"TAS",,"TAS,IEA",,,,,,"IEA"
"GO:BP","chemical synaptic transmission","GO:0007268","true","0.000005030525578049615","5.2983866384584815","750","148","23","21031",,,"IEA","IBA",,,,,,,,,,,,,,,,,,,,,,,,,,,,,,,,,,,,,,,,,"IBA,IEA",,,,,,,,,"IEA",,,,,,,,,,,,,,"IEA",,,,"IDA,IMP,IBA,TAS,IEA",,,,,,,,,,,,,,,"IBA,TAS",,,"IBA,IEA",,,,,,,,,,,,,"IEA","TAS",,,,,"IEA",,"IBA","IEA",,,,,,,,,,,,,,"IEA",,,"IEA",,,,,,"ISS,IBA","IBA,IEA","IEA",,,,,,,"TAS","ISS,TAS",,,,"TAS",,"TAS,IEA",,,,,,"IEA"
"GO:BP","trans-synaptic signaling","GO:0099537","false","0.000005849484798751506","5.232882383304572","756","148","23","21031",,,"IEA","IBA",,,,,,,,,,,,,,,,,,,,,,,,,,,,,,,,,,,,,,,,,"IBA,IEA",,,,,,,,,"IEA",,,,,,,,,,,,,,"IEA",,,,"IDA,IMP,IBA,TAS,IEA",,,,,,,,,,,,,,,"IBA,TAS",,,"IBA,IEA",,,,,,,,,,,,,"IEA","TAS",,,,,"IEA",,"IBA","IEA",,,,,,,,,,,,,,"IEA",,,"IEA",,,,,,"ISS,IBA","IBA,IEA","IEA",,,,,,,"TAS","ISS,TAS",,,,"TAS",,"TAS,IEA",,,,,,"IEA"
"GO:BP","neuron differentiation","GO:0030182","false","0.000007202803034695791","5.142498461124229","1431","148","32","21031",,"IBA,IEA","ISS,IEA",,,,,,"IEA",,,,,,,"ISS,IBA,TAS,IEA",,,,,,,"IEA","IBA",,,,,,"IMP,IGI",,,"IDA",,,,,,,,"ISS",,,,,,,,,,"ISS",,"IEA",,"ISS,IBA",,"ISS,IBA,TAS,IEA",,,,,,,,,"ISS,IEA",,,,,"IEA",,"IDA,ISS","IEA",,,,,,,,,,"IMP,IBA",,,,,,,"IBA",,"IBA,NAS,IEA","ISS",,,,,,,"IEA",,,"IMP,ISS,IBA,TAS,IEA",,,,,,,,,,,,,,,,,"IDA,IMP,IBA,IEA",,,,,,,,,,"ISS,IEA",,,,"IDA",,,"IBA",,,,,,,,,,,"IGI,ISS,IBA,IEA","IEA","IEA",,"IBA,IEA",,,,"ISS,IEA"
"GO:BP","synaptic signaling","GO:0099536","false","0.000010537246882334306","4.977272844530975","780","148","23","21031",,,"IEA","IBA",,,,,,,,,,,,,,,,,,,,,,,,,,,,,,,,,,,,,,,,,"IBA,IEA",,,,,,,,,"IEA",,,,,,,,,,,,,,"IEA",,,,"IDA,IMP,IBA,TAS,IEA",,,,,,,,,,,,,,,"IBA,TAS",,,"IBA,IEA",,,,,,,,,,,,,"IEA","TAS",,,,,"IEA",,"IBA","IEA",,,,,,,,,,,,,,"IEA",,,"IEA",,,,,,"ISS,IBA","IBA,IEA","IEA",,,,,,,"TAS","ISS,TAS",,,,"TAS",,"TAS,IEA",,,,,,"IEA"
"GO:BP","neuron projection development","GO:0031175","false","0.000017250064130928726","4.7632092860019135","1014","148","26","21031",,"IBA,IEA","ISS,IEA",,,,,,"IEA",,,,,,,"IEA",,,,,,,,"IBA",,,,,,"IMP,IGI",,,"IDA",,,,,,,,"ISS",,,,,,,,,,"ISS",,"IEA",,"ISS",,"ISS,IBA,TAS,IEA",,,,,,,,,"ISS,IEA",,,,,"IEA",,"IDA",,,,,,,,,,,,,,,,,,"IBA",,"IBA,NAS,IEA","ISS",,,,,,,,,,"ISS,IBA,TAS,IEA",,,,,,,,,,,,,,,,,"IDA,IMP,IBA,IEA",,,,,,,,,,"ISS,IEA",,,,"IDA",,,"IBA",,,,,,,,,,,"IGI,ISS,IBA,IEA",,,,"IBA,IEA",,,,"ISS,IEA"
"GO:BP","anatomical structure development","GO:0048856","false","0.000021850273689362937","4.660543118829227","5899","148","74","21031",,"IBA,IEA","ISS,IEA",,,,,,"IEA",,,,"HEP",,"IDA,ISS,IBA,IEA","ISS,IBA,TAS,IEA",,"IEA",,,,,"IDA,TAS,IEA","IBA",,,,,,"IMP,IGI","ISS,IEA","TAS","IDA",,"IDA,IGI,ISS,IBA",,"IBA,TAS",,"ISS","IEA","ISS",,,,,,,"IEA",,,"ISS","IEA","IBA,IEA",,"IMP,ISS,IBA",,"IDA,ISS,IBA,TAS,IEA",,"IEA",,"IDA,IMP,IBA",,,,,"IMP,ISS,IEA",,"IEA","ISS",,"TAS,IEA",,"IDA,ISS,NAS","IEA","IBA,IEA","NAS",,,"IMP","IBA",,,"IBA,IEA","IMP,ISS,IBA,IEA","IBA,IEA","IBA,TAS",,,,"IBA,IEA","IBA,TAS","IMP","IDA,IBA,NAS,IEA","ISS,IEA","IMP",,,,"IEA",,"TAS,IEA","IEA","IBA,IEA","IMP,ISS,IBA,TAS,IEA","IEA",,"IMP,ISS",,,,,,,"IMP,IBA,IEA",,,,"TAS",,,"IDA,IMP,ISS,IBA,NAS,IEA","IMP",,,,,,,,,"ISS,IEA","IBA",,"IBA,NAS,IEA","IDA",,,"IBA","TAS","IEA","IEA",,,"IEA","IEA",,,"ISS,IEA","IGI,ISS,IBA,IEA","IBA,IEA","IEA",,"IDA,IBA,TAS,IEA",,"NAS",,"ISS,IEA"
"GO:BP","cell development","GO:0048468","false","0.0000336973247784911","4.472404576281682","2819","148","46","21031",,"IBA,IEA","ISS,IEA",,,,,,"IEA",,,,,,"ISS,IEA","IEA",,,,,,,"IDA","IBA",,,,,,"IMP,IGI","ISS,IEA",,"IDA",,,,,,"ISS",,"ISS",,,,,,,,,,"ISS",,"IEA",,"ISS,IBA",,"ISS,IBA,TAS,IEA",,"IEA",,"IDA,IMP,IBA",,,,,"ISS,IEA",,"IEA","ISS",,"IEA",,"IDA","IEA",,,,,,,,,"IBA,IEA","IMP,ISS,IBA,IEA",,"TAS",,,,,"IBA",,"IBA,NAS,IEA","ISS",,,,,"IEA",,,,,"ISS,IBA,TAS,IEA",,,,,,,,,,"IMP,IBA,IEA",,,,,,,"IDA,IMP,IBA,IEA","IMP",,,,,,,,,"ISS,IEA",,,"IEA","IDA",,,"IBA",,"IEA",,,,"IEA","IEA",,,,"IGI,ISS,IBA,IEA",,"IEA",,"IBA,IEA",,,,"ISS,IEA"
"GO:BP","cell-cell signaling","GO:0007267","false","0.00003729601625958039","4.428337554488328","1704","148","34","21031",,,"IEA","IBA",,,,,,,,,,,"IDA,IBA","TAS",,,,,,,"IEA",,,,,,"ISS,IBA,TAS",,,,,,,,,,,"IDA",,,,,"IBA,IEA",,,,,,,,,"IEA",,,,,,,,,"IBA",,,"IMP",,"IEA",,,,"IDA,IMP,IBA,TAS,IEA",,,,,,"TAS",,,,,,,,,"IBA,TAS",,,"IBA,IEA",,,,,,,,,,,,,"IEA","TAS",,,,,"IEA",,"IBA","IEA",,,"NAS",,,,,,,,,,,"IEA",,,"IEA",,,,,"IMP","ISS,IBA","IBA,IEA","IEA",,,,,,,"TAS","ISS,TAS",,,,"TAS",,"TAS,IEA",,"ISS,IEA",,,,"IEA"
"GO:BP","cellular anatomical entity morphogenesis","GO:0032989","false","0.00005790581393706153","4.23727782946734","785","148","22","21031",,,"ISS,IEA",,,,,,"IEA",,,,,,,"IEA",,,,,,,,,,,,,,,,,"IDA",,,,,,,,"ISS",,,,,,,,,,"ISS",,,,,,"ISS,IBA,TAS,IEA",,,,,,,,,"ISS,IEA",,,"ISS",,"IEA",,,,,,,,,,,,"IBA,IEA","IMP,ISS,IEA",,,,,,,"IBA",,"IBA,NAS,IEA","ISS",,,,,,,,,,"IBA,TAS,IEA",,,,,,,,,,,,,,,,,"IDA,IMP,IBA,IEA",,,,,,,,,,"ISS,IEA",,,,"IDA",,,"IBA",,,,,,,,,,,,,,,"IBA,IEA",,,,"ISS,IEA"
"GO:BP","modulation of chemical synaptic transmission","GO:0050804","false","0.0001183421926195923","3.9268603884664066","489","148","17","21031",,,"IEA","IBA",,,,,,,,,,,,,,,,,,,,,,,,,,,,,,,,,,,,,,,,,"IBA",,,,,,,,,,,,,,,,,,,,,,,,,,,"IDA,IMP,IBA,IEA",,,,,,,,,,,,,,,,,,"IBA,IEA",,,,,,,,,,,,,"IEA","TAS",,,,,,,"IBA","IEA",,,,,,,,,,,,,,"IEA",,,"IEA",,,,,,"ISS,IBA","IBA,IEA","IEA",,,,,,,,"ISS",,,,,,"IEA",,,,,,"IEA"
"GO:BP","regulation of trans-synaptic signaling","GO:0099177","false","0.00012186566678351875","3.914118630941636","490","148","17","21031",,,"IEA","IBA",,,,,,,,,,,,,,,,,,,,,,,,,,,,,,,,,,,,,,,,,"IBA",,,,,,,,,,,,,,,,,,,,,,,,,,,"IDA,IMP,IBA,IEA",,,,,,,,,,,,,,,,,,"IBA,IEA",,,,,,,,,,,,,"IEA","TAS",,,,,,,"IBA","IEA",,,,,,,,,,,,,,"IEA",,,"IEA",,,,,,"ISS,IBA","IBA,IEA","IEA",,,,,,,,"ISS",,,,,,"IEA",,,,,,"IEA"
"GO:BP","cell-cell adhesion via plasma-membrane adhesion molecules","GO:0098742","true","0.00017189996278257997","3.7647242173404165","280","148","13","21031",,,"IEA",,,,,,,,,,,,,,,,,,,,,,,,,,,,,,,,,,,,,,,,,,,,,,,,,,,,"ISS,IBA",,,,,,,,,,,,,,,,,,,,,,,,,"IBA,IEA",,,,"IBA",,,,,,"IEA","IBA",,"IDA,IBA",,,,,,,,,,,"IBA","IEA",,,,,,,,,,,,,,,,,,,,,,,,,,"IMP",,,,,,,,,,,,,,,,,"IBA",,,,,"IEA",,,,"IGI,IEA"
"GO:BP","developmental process","GO:0032502","false","0.00021032323432575284","3.6771127483213077","6453","148","76","21031",,"IBA,IEA","ISS,IEA",,,"IMP,IBA,IEA",,,"IEA",,,,"HEP",,"IDA,ISS,IBA,IEA","ISS,IBA,TAS,IEA",,"IEA",,,,,"IDA,TAS,IEA","IBA",,,,,,"IMP,IGI","ISS,IEA","TAS","IDA,IEA",,"IDA,IGI,ISS,IBA,IEA",,"IBA,TAS,IEA",,"ISS","IEA","ISS",,,,,,,"IEA",,,"ISS","IEA","IBA,IEA",,"IMP,ISS,IBA,IEA",,"IDA,ISS,IBA,TAS,IEA",,"IEA",,"IDA,IMP,IBA,IEA",,,,,"IMP,ISS,IEA",,"IEA","ISS",,"TAS,IEA",,"IDA,ISS,NAS","IEA","IBA,IEA","NAS",,,"IMP","IBA",,,"IBA,IEA","IMP,ISS,IBA,IEA","IBA,IEA","IBA,TAS",,,,"IBA,IEA","IBA,TAS","IMP","IDA,IBA,NAS,IEA","ISS,IEA","IMP",,,,"IEA",,"TAS,IEA","IEA","IBA,IEA","IMP,ISS,IBA,TAS,IEA","IEA",,"IMP,ISS",,,,,,,"IMP,IBA,IEA",,,"IEA","TAS",,,"IDA,IMP,ISS,IBA,NAS,IEA","IMP",,,,,,,,,"ISS,IEA","IBA",,"ISS,IBA,NAS,IEA","IDA,IEA",,,"IBA","TAS","IEA","IEA",,,"IEA","IEA",,,"ISS,IEA","IGI,ISS,IBA,IEA","IBA,IEA","IEA",,"IDA,IBA,TAS,IEA",,"NAS",,"ISS,IEA"
"GO:BP","multicellular organismal process","GO:0032501","false","0.0002816515986998745","3.5502877792961494","7669","148","85","21031",,"IBA,IEA","ISS,IEA",,"TAS",,,,"IEA",,,"NAS","HEP",,"IDA,ISS,IBA,IEA","ISS,IBA,TAS,IEA",,"ISS,IEA","IMP",,,,"IDA,IMP,ISS,TAS,IEA","IBA",,,"TAS",,"IBA,IEA","IMP,IGI","ISS,IEA","TAS,IEA","IDA",,"IDA,IGI,ISS,IBA","IDA,TAS","IBA,TAS",,"ISS",,"ISS",,,,,,,"IEA",,,"ISS","IEA","IBA,IEA",,"IMP,ISS,IBA",,"IDA,ISS,IBA,TAS,IEA",,"IEA",,"IDA,IMP,IBA",,,,,"IMP,ISS,IEA",,"IEA","ISS",,"TAS,IEA","ISS,IEA","IDA,ISS,NAS","IEA","IEA",,,,"IMP",,,"TAS","IBA,IEA","IMP,ISS,IBA,IEA","IBA,IEA","IBA",,,,"IBA,IEA","IBA,TAS","IMP","IDA,IBA,NAS,IEA","ISS,IEA","IDA,IMP",,,,"IEA",,"TAS,IEA","IEA","IBA,IEA","IMP,ISS,IBA,TAS,IEA","IEA","IEA","IMP,ISS",,,,"IMP",,,"IMP,IBA,IEA",,,"IMP","TAS",,,"IDA,IMP,ISS,IBA,NAS,IEA","ISS",,,,,,,"IEA",,"ISS,IEA","IBA",,"ISS,NAS,IEA","IDA,ISS","TAS,IEA","ISS,IEA","IBA","TAS","IEA","IEA",,,"IEA","IEA",,,"ISS,IEA","IGI,ISS,IBA,IEA","IBA,IEA","IEA",,"IBA,TAS,IEA",,"NAS",,"ISS,IEA"
"GO:BP","neuron projection morphogenesis","GO:0048812","false","0.00032390820138335203","3.489578055477194","655","148","19","21031",,,"ISS,IEA",,,,,,"IEA",,,,,,,"IEA",,,,,,,,,,,,,,,,,"IDA",,,,,,,,"ISS",,,,,,,,,,"ISS",,,,,,"ISS,IBA,TAS,IEA",,,,,,,,,"ISS,IEA",,,,,"IEA",,,,,,,,,,,,,,,,,,,,"IBA",,"IBA,NAS,IEA","ISS",,,,,,,,,,"IBA,TAS,IEA",,,,,,,,,,,,,,,,,"IDA,IMP,IBA,IEA",,,,,,,,,,"ISS,IEA",,,,"IDA",,,"IBA",,,,,,,,,,,,,,,"IBA,IEA",,,,"ISS,IEA"
"GO:BP","plasma membrane bounded cell projection morphogenesis","GO:0120039","false","0.0004687603495890225","3.329049130528688","671","148","19","21031",,,"ISS,IEA",,,,,,"IEA",,,,,,,"IEA",,,,,,,,,,,,,,,,,"IDA",,,,,,,,"ISS",,,,,,,,,,"ISS",,,,,,"ISS,IBA,TAS,IEA",,,,,,,,,"ISS,IEA",,,,,"IEA",,,,,,,,,,,,,,,,,,,,"IBA",,"IBA,NAS,IEA","ISS",,,,,,,,,,"IBA,TAS,IEA",,,,,,,,,,,,,,,,,"IDA,IMP,IBA,IEA",,,,,,,,,,"ISS,IEA",,,,"IDA",,,"IBA",,,,,,,,,,,,,,,"IBA,IEA",,,,"ISS,IEA"
"GO:BP","cell projection morphogenesis","GO:0048858","false","0.0005249441625683181","3.2798868893142856","676","148","19","21031",,,"ISS,IEA",,,,,,"IEA",,,,,,,"IEA",,,,,,,,,,,,,,,,,"IDA",,,,,,,,"ISS",,,,,,,,,,"ISS",,,,,,"ISS,IBA,TAS,IEA",,,,,,,,,"ISS,IEA",,,,,"IEA",,,,,,,,,,,,,,,,,,,,"IBA",,"IBA,NAS,IEA","ISS",,,,,,,,,,"IBA,TAS,IEA",,,,,,,,,,,,,,,,,"IDA,IMP,IBA,IEA",,,,,,,,,,"ISS,IEA",,,,"IDA",,,"IBA",,,,,,,,,,,,,,,"IBA,IEA",,,,"ISS,IEA"
"GO:BP","plasma membrane bounded cell projection organization","GO:0120036","false","0.0007651480301240674","3.116254535504158","1570","148","30","21031",,"IBA,IEA","ISS,IEA",,,,,,"IEA",,,,,,,"IEA",,,,,,,,"IBA",,,,,,"IMP,IGI,IEA",,,"IDA",,,,,,,,"ISS",,,,,,,,,,"ISS",,"IEA",,"ISS",,"ISS,IBA,TAS,IEA",,,,,,,,,"ISS,IEA",,,,,"IEA",,"IDA","IMP",,,,,,,,,,,,,,,,,"IBA",,"IBA,NAS,IEA","ISS",,,,,,,,,,"ISS,IBA,TAS,IEA",,,,,,,,,,"IMP,IBA,IEA",,,,,,,"IDA,IMP,IBA,IEA",,,,"IDA,IMP,IEA",,,,,,"ISS,IEA",,,,"IDA",,,"IBA",,,,,,,"ISS",,,,"IGI,ISS,IBA,IEA",,,,"IBA,IEA",,,,"ISS,IEA"
"GO:BP","cell communication","GO:0007154","false","0.0008931358907286205","3.049082458128628","6537","148","75","21031","IBA",,"IEA","IBA,NAS",,,,,"IDA,IEA","IBA",,,"IBA,IEA",,"IDA,IMP,ISS,IBA,IEA","IDA,IMP,TAS,NAS,IEA",,,"IMP",,,,"IDA,IMP,ISS,IBA,IEA",,,,"IBA,IEA","IBA,TAS,IEA","IDA,ISS,IBA,TAS,IEA",,"ISS,IBA,IEA",,,,,"IDA",,,"IBA","IDA,NAS",,,,"IDA","IBA,IEA",,,,"TAS,IEA","ISS,IBA,IEA","NAS",,"NAS,IEA","IEA","IEA","IBA,IEA","IEA","IEA","IEA",,,,"IBA,IEA",,,"IMP",,"IEA","IDA,IMP,ISS,IBA,TAS,IEA","NAS",,"IDA,IMP,IBA,TAS,IEA",,,"IEA",,,"TAS",,,,"TAS,IEA",,"IEA",,,"IBA,TAS",,,"IBA,IEA","IEA","IMP,ISS,IBA,TAS",,,"IMP,IBA",,,,,,"TAS",,"IEA","TAS",,,,,"IEA",,"IBA","IEA",,,"NAS",,,,"IDA,IBA,IEA",,,"ISS,IBA,IEA",,,,"IEA",,"TAS","NAS,IEA","ISS,IBA,IEA","TAS","IDA,IBA,NAS,IEA","TAS,IEA","IMP","ISS,IBA","IBA,IEA","TAS,IEA","IBA,TAS,IEA",,,"ISS,IEA","IBA",,"TAS,NAS,IEA","ISS,IBA,TAS,IC,IEA",,,,"IDA,ISS,IBA,TAS,NAS,IEA",,"TAS,IEA","IDA","IDA,ISS,IBA,IEA","IBA,IEA",,,"IEA"
"GO:BP","cell projection organization","GO:0030030","false","0.0013514996925934378","2.8691840487480813","1613","148","30","21031",,"IBA,IEA","ISS,IEA",,,,,,"IEA",,,,,,,"IEA",,,,,,,,"IBA",,,,,,"IMP,IGI,IEA",,,"IDA",,,,,,,,"ISS",,,,,,,,,,"ISS",,"IEA",,"ISS",,"ISS,IBA,TAS,IEA",,,,,,,,,"ISS,IEA",,,,,"IEA",,"IDA","IMP",,,,,,,,,,,,,,,,,"IBA",,"IBA,NAS,IEA","ISS",,,,,,,,,,"ISS,IBA,TAS,IEA",,,,,,,,,,"IMP,IBA,IEA",,,,,,,"IDA,IMP,IBA,IEA",,,,"IDA,IMP,IEA",,,,,,"ISS,IEA",,,,"IDA",,,"IBA",,,,,,,"ISS",,,,"IGI,ISS,IBA,IEA",,,,"IBA,IEA",,,,"ISS,IEA"
"GO:BP","signal release from synapse","GO:0099643","false","0.0015920329331168218","2.798047952601508","145","148","9","21031",,,,"IBA",,,,,,,,,,,,,,,,,,,,,,,,,,,,,,,,,,,,,,,,,"IEA",,,,,,,,,"IEA",,,,,,,,,,,,,,"IEA",,,,,,,,,,,,,,,,,,,,,,,,,,,,,,,,,,,,,,,,,"IEA",,"IBA","IEA",,,,,,,,,,,,,,,,,,,,,,,"ISS,IBA","IEA",,,,,,,,,,,,,,,,,,,,,
"GO:BP","neurotransmitter secretion","GO:0007269","false","0.0015920329331168218","2.798047952601508","145","148","9","21031",,,,"IBA",,,,,,,,,,,,,,,,,,,,,,,,,,,,,,,,,,,,,,,,,"IEA",,,,,,,,,"IEA",,,,,,,,,,,,,,"IEA",,,,,,,,,,,,,,,,,,,,,,,,,,,,,,,,,,,,,,,,,"IEA",,"IBA","IEA",,,,,,,,,,,,,,,,,,,,,,,"ISS,IBA","IEA",,,,,,,,,,,,,,,,,,,,,
"GO:BP","cell differentiation","GO:0030154","false","0.0023596376095366954","2.627154690361813","4366","148","56","21031",,"IBA,IEA","ISS,IEA",,,"IMP,IBA,IEA",,,"IEA",,,,,,"ISS,IEA","ISS,IBA,TAS,IEA",,"IEA",,,,,"IDA,IEA","IBA",,,,,,"IMP,IGI","ISS,IEA",,"IDA,IEA",,"IDA,IGI,ISS,IBA,IEA",,"IEA",,"ISS","IEA","ISS",,,,,,,"IEA",,,"ISS",,"IEA",,"ISS,IBA,IEA",,"ISS,IBA,TAS,IEA",,"IEA",,"IDA,IMP,IBA,IEA",,,,,"IMP,ISS,IEA",,"IEA","ISS",,"IEA",,"IDA,ISS","IEA",,,,,,,,,"IBA,IEA","IMP,ISS,IBA,IEA",,"TAS",,,,,"IBA",,"IBA,NAS,IEA","ISS",,,,,"IEA",,"IEA",,,"IMP,ISS,IBA,TAS,IEA",,,"ISS",,,,,,,"IMP,IBA,IEA",,,"IEA",,,,"IDA,IMP,IBA,IEA","IMP",,,,,,,,,"ISS,IEA",,,"ISS,IEA","IDA,IEA",,,"IBA",,"IEA",,,,"IEA","IEA",,,,"IGI,ISS,IBA,IEA","IEA","IEA",,"IBA,IEA",,,,"ISS,IEA"
"GO:BP","cellular developmental process","GO:0048869","false","0.0023775659820530312","2.623867421711723","4367","148","56","21031",,"IBA,IEA","ISS,IEA",,,"IMP,IBA,IEA",,,"IEA",,,,,,"ISS,IEA","ISS,IBA,TAS,IEA",,"IEA",,,,,"IDA,IEA","IBA",,,,,,"IMP,IGI","ISS,IEA",,"IDA,IEA",,"IDA,IGI,ISS,IBA,IEA",,"IEA",,"ISS","IEA","ISS",,,,,,,"IEA",,,"ISS",,"IEA",,"ISS,IBA,IEA",,"ISS,IBA,TAS,IEA",,"IEA",,"IDA,IMP,IBA,IEA",,,,,"IMP,ISS,IEA",,"IEA","ISS",,"IEA",,"IDA,ISS","IEA",,,,,,,,,"IBA,IEA","IMP,ISS,IBA,IEA",,"TAS",,,,,"IBA",,"IBA,NAS,IEA","ISS",,,,,"IEA",,"IEA",,,"IMP,ISS,IBA,TAS,IEA",,,"ISS",,,,,,,"IMP,IBA,IEA",,,"IEA",,,,"IDA,IMP,IBA,IEA","IMP",,,,,,,,,"ISS,IEA",,,"ISS,IEA","IDA,IEA",,,"IBA",,"IEA",,,,"IEA","IEA",,,,"IGI,ISS,IBA,IEA","IEA","IEA",,"IBA,IEA",,,,"ISS,IEA"
"GO:BP","cell adhesion","GO:0007155","true","0.0036930269422076906","2.4326175239738657","1512","148","28","21031",,,"IEA",,,,,,"IDA,IBA,IEA",,,,,,,,,"IEA","IPI,IMP,IBA,IEA",,,,"IDA",,,,,,,,,,,,,,,,,"IDA,NAS,IEA",,,,,,,,,,,,,,,"ISS,IBA,IEA",,"IEA","IDA",,,"IMP,IBA",,,,,,,,,,,,"IDA,NAS",,,,,,,"IBA,IEA",,,,"IBA",,,,,,"IEA","IBA,TAS,IEA",,"IDA,IBA,IEA",,,,,,,,,,,"IBA,TAS,IEA","IBA,IEA",,,,,,,,,,,,,"IEA","IEA",,,,,,"IMP,IEA",,,,,,"IMP,ISS,IBA,TAS,IEA",,,,,,,,"IEA",,,,"IMP",,,,,"IBA",,,,"IMP,IEA","IDA,IBA,IEA",,,,"IGI,IEA"
"GO:BP","signaling","GO:0023052","false","0.005855077421069942","2.232467357923615","6447","148","72","21031","IBA",,"IEA","IBA,NAS",,,,,"IEA","IBA",,,"IBA,IEA",,"IDA,IMP,ISS,IBA,IEA","IMP,TAS,NAS,IEA",,,,,,,"IDA,IMP,ISS,IBA,IEA",,,,"IBA,IEA","IBA,TAS,IEA","IDA,ISS,IBA,TAS,IEA",,"ISS,IBA,IEA",,,,,,,,"IBA","IDA,NAS",,,,"IDA","IBA,IEA",,,,"TAS,IEA","ISS,IBA,IEA","NAS",,"NAS,IEA","IEA","IEA","IBA,IEA","IEA","IEA","IEA",,,,"IBA,IEA",,,"IMP",,"IEA","IDA,IMP,ISS,IBA,TAS,IEA","NAS",,"IDA,IMP,IBA,TAS,IEA",,,,,,"TAS",,,,"TAS,IEA",,"IEA",,,"IBA,TAS",,,"IBA,IEA","IEA","IMP,ISS,IBA,TAS",,,"IMP,IBA",,,,,,"TAS",,"IEA","TAS",,,,,"IEA",,"IBA","IEA",,,"NAS",,,,"IDA,IBA,IEA",,,"ISS,IBA,IEA",,,,"IEA",,"TAS","NAS,IEA","ISS,IBA,IEA","TAS","IDA,IBA,NAS,IEA","TAS,IEA","IMP","ISS,IBA","IBA,IEA","TAS,IEA","IBA,TAS,IEA",,,"ISS,IEA","IBA",,"TAS,NAS,IEA","ISS,IBA,TAS,IC,IEA",,,,"IDA,ISS,IBA,TAS,NAS,IEA",,"TAS,IEA","IDA","IDA,ISS,IBA,IEA","IBA,IEA",,,"IEA"
"GO:BP","cell morphogenesis","GO:0000902","false","0.010296215566696215","1.98732237340295","986","148","21","21031",,,"ISS,IEA",,,,,,"IEA",,,,,,,"IEA",,,,,,,,,,,,,,,,,"IDA",,,,,,,,"ISS",,,,,,,,,,"ISS",,,,,,"ISS,IBA,TAS,IEA",,,,,,,,,"ISS,IEA",,,,,"IEA",,,,,"NAS",,,,"IBA",,,,,,,,,,,"IBA",,"IBA,NAS,IEA","ISS",,,,,,,,,,"IBA,TAS,IEA",,,,,,,,,,,,,,,,,"IDA,IMP,IBA,IEA",,,,,,,,,,"ISS,IEA",,,,"IDA",,,"IBA",,,,,,,,,,,,,,,"IDA,IBA,IEA",,,,"ISS,IEA"
"GO:BP","cell junction organization","GO:0034330","true","0.012028461254939005","1.9197899263784812","759","148","18","21031",,,"IEA",,,,,,,,,,,,,,,,,,,,"IDA",,,,,,,"IEA",,,,,,,,,,,,,,,"IBA",,,,,,,,,,,,,,,,,,,,,,,"IEA",,,,,,,,,,,,"IBA",,,,,,,,,,"IBA,IEA",,,,"ISS",,,,,,,,,"IBA,IEA",,,"IEA",,,,,,,,,,,,,,,"ISS",,,"IDA",,"IEA",,,,,,,,,,,,,,,,,,,"ISS,IEA",,,"ISS,IEA",,,,"IMP","IDA,IEA",,,,"IGI,IEA"
"GO:BP","regulation of cellular component organization","GO:0051128","true","0.01725688382920191","1.7630376244936123","2425","148","36","21031",,,"ISS,IEA",,,,,,,,,,,,,,,,,,"ISS",,"IDA",,,,,,,"IMP,IGI,IEA",,,"IDA",,,,,,,,"ISS","IEA","IMP",,"IEA",,,,,,"ISS",,,,"ISS",,,,,,,,,,,,,"IEA","ISS",,"IEA",,"IDA,NAS","IMP,IEA",,"IDA",,,,,,,"IEA",,,,,,,"IBA,IEA",,,,,,,,,,,"IEA",,,,,,,,,,"IMP","IEA",,,,,,,,,"ISS,IEA",,,"IDA,TAS","IDA,IMP,ISS,IBA,IEA","IEA",,,,,,"IDA",,"ISS","IDA",,,"IBA",,,,"IMP",,"IEA","ISS",,,,"IMP,IGI,ISS,IBA,IEA",,,,"IDA,IBA,IEA",,,,"ISS,IEA"
"GO:BP","anatomical structure morphogenesis","GO:0009653","false","0.02712911188816285","1.5665644232816542","2684","148","38","21031",,,"ISS,IEA",,,,,,"IEA",,,,,,"IDA,ISS,IEA","IEA",,,,,,,"IEA",,,,,,,,,,"IDA",,"ISS",,,,,,"ISS",,,,,,,,,,"ISS","IEA",,,"IMP",,"ISS,IBA,TAS,IEA",,"IEA",,,,,,,"ISS,IEA",,"IEA","ISS",,"IEA",,,"IEA","IBA,IEA","NAS",,,,"IBA",,,"IBA,IEA","IMP,ISS,IEA","IEA",,,,,,"IBA","IMP","IDA,IBA,NAS,IEA","ISS","IMP",,,,,,,"IEA",,"IBA,TAS,IEA",,,,,,,,,,,,,,,,,"IDA,IMP,IBA,NAS,IEA",,,,,,,,,,"ISS,IEA",,,,"IDA",,,"IBA",,"IEA",,,,,,,,,,,,,"IDA,IBA,IEA",,,,"ISS,IEA"
"GO:BP","neurotransmitter transport","GO:0006836","false","0.02928785505529284","1.5333124334314374","207","148","9","21031",,,,"IBA",,,,,,,,,,,,,,,,,,,,,,,,,,,,,,,,,,,,,,,,,"IEA",,,,,,,,,"IEA",,,,,,,,,,,,,,"IEA",,,,,,,,,,,,,,,,,,,,,,,,,,,,,,,,,,,,,,,,,"IEA",,"IBA","IEA",,,,,,,,,,,,,,,,,,,,,,,"ISS,IBA","IEA",,,,,,,,,,,,,,,,,,,,,
"GO:BP","cell morphogenesis involved in neuron differentiation","GO:0048667","false","0.03807473603999574","1.419363098806645","597","148","15","21031",,,"ISS,IEA",,,,,,,,,,,,,"IEA",,,,,,,,,,,,,,,,,,,,,,,,,"ISS",,,,,,,,,,,,,,,,"ISS,IBA,TAS,IEA",,,,,,,,,"ISS,IEA",,,,,"IEA",,,,,,,,,,,,,,,,,,,,"IBA",,"IBA,NAS,IEA","ISS",,,,,,,,,,"IBA,TAS,IEA",,,,,,,,,,,,,,,,,"IDA,IMP,IBA,IEA",,,,,,,,,,"ISS,IEA",,,,,,,"IBA",,,,,,,,,,,,,,,"IBA,IEA",,,,"ISS,IEA"
"GO:BP","axon development","GO:0061564","false","0.03950116752347268","1.4033900678796598","527","148","14","21031",,,"ISS,IEA",,,,,,,,,,,,,"IEA",,,,,,,,"IBA",,,,,,,,,,,,,,,,,,,,,,,,,,,,,,,,,"ISS,IBA,TAS,IEA",,,,,,,,,"ISS,IEA",,,,,"IEA",,,,,,,,,,,,,,,,,,,,"IBA",,"IBA,NAS,IEA",,,,,,,,,,,"IBA,TAS,IEA",,,,,,,,,,,,,,,,,"IDA,IMP,IBA,IEA",,,,,,,,,,"ISS,IEA",,,,,,,"IBA",,,,,,,,,,,,,,,"IBA,IEA",,,,"ISS,IEA"
"GO:BP","homophilic cell adhesion via plasma membrane adhesion molecules","GO:0007156","false","0.04572290808058484","1.3398661552849271","168","148","8","21031",,,,,,,,,,,,,,,,,,,,,,,,,,,,,,,,,,,,,,,,,,,,,,,,,,,,,,,"ISS",,,,,,,,,,,,,,,,,,,,,,,,,"IEA",,,,,,,,,,"IEA","IBA",,"IDA,IBA",,,,,,,,,,,"IBA","IEA",,,,,,,,,,,,,,,,,,,,,,,,,,,,,,,,,,,,,,,,,,,"IBA",,,,,,,,,
"GO:BP","axonogenesis","GO:0007409","false","0.04742881280745444","1.3239577460549457","466","148","13","21031",,,"ISS,IEA",,,,,,,,,,,,,"IEA",,,,,,,,,,,,,,,,,,,,,,,,,,,,,,,,,,,,,,,,,"ISS,IBA,TAS,IEA",,,,,,,,,"ISS,IEA",,,,,"IEA",,,,,,,,,,,,,,,,,,,,"IBA",,"IBA,NAS,IEA",,,,,,,,,,,"IBA,TAS,IEA",,,,,,,,,,,,,,,,,"IDA,IMP,IBA,IEA",,,,,,,,,,"ISS,IEA",,,,,,,"IBA",,,,,,,,,,,,,,,"IBA,IEA",,,,"ISS,IEA"
"GO:CC","cell junction","GO:0030054","true","7.547546677953544e-18","17.12219419239364","2230","151","58","22097",,,"IEA","IBA","HDA,IBA,IEA",,,,"IEA",,,,,,,,"IBA,IEA","IEA","IDA,IBA,IEA",,,,,,,,,"ISS,IEA",,"IDA,IEA","IEA",,,,,,,,"IBA,IEA","IDA,IEA",,"IEA",,,"ISS,IBA,TAS,IEA",,,"IDA","IDA",,"IEA",,,"IBA,IEA",,"IBA,IEA","IEA","ISS,IEA",,,,,,,,,,"IEA",,,,"IBA,IEA","ISS,NAS",,,,,,"ISS,IEA","IBA",,,,,,,"IEA",,,"IBA,IEA","IEA","IMP","IEA","ISS,IEA",,,,,,,"IBA,IEA",,,,"IEA","IEA",,,"IBA,IEA",,"IBA","IEA",,,,,,,,,,,,"IDA,IBA,IEA",,"IEA",,,"IEA",,"HDA",,,,"IBA,TAS,IEA","IDA,IEA",,"IBA","IEA",,"ISS,IBA,IEA","IBA","IDA,IEA","IEA","IBA,IEA","IBA,IEA",,"ISS,IBA,IEA","IEA",,"IEA","IDA,IEA","IEA",,,,"IEA"
"GO:CC","synapse","GO:0045202","false","1.2098046928703757e-15","14.917284735183474","1468","151","45","22097",,,"IEA","IBA","IBA,IEA",,,,"IEA",,,,,,,,"IBA,IEA","IEA",,,,,,,,,,"ISS,IEA",,"IDA,IEA",,,,,,,,,"IBA",,,"IEA",,,"ISS,IBA,TAS,IEA",,,,"IDA",,"IEA",,,"IBA,IEA",,"IBA,IEA","IEA",,,,,,,,,,,"IEA",,,,"IBA,IEA","ISS,NAS",,,,,,"ISS,IEA",,,,,,,,"IEA",,,"IBA,IEA","IEA",,"IEA","ISS,IEA",,,,,,,"IBA,IEA",,,,,"IEA",,,"IBA,IEA",,"IBA","IEA",,,,,,,,,,,,,,"IEA",,,"IEA",,,,,,"IBA,TAS,IEA","IDA,IEA",,"IBA","IEA",,"ISS,IBA,IEA",,,"IEA","IBA,IEA","IBA,IEA",,"ISS,IEA","IEA",,"IEA",,"IEA",,,,"IEA"
"GO:CC","neuron projection","GO:0043005","true","1.3307358029119938e-9","8.875908158444608","1334","151","35","22097",,"IBA,IEA","IEA",,,,,,,,,,,,,,"IEA",,,,,,,,,,,"ISS,IEA",,"IDA,IEA",,,"IEA",,,,,,"IBA",,,,,,"ISS",,,,,,"ISS,IEA",,"IEA",,"IBA,IEA",,"ISS,IEA",,,,,,,,,,,,,,"IEA","IEA","ISS","IEA",,,,,,,,,,"ISS,IBA,IEA",,,,,,"IEA","IBA",,"IBA","ISS,IEA",,,,,"IDA,IBA,IEA",,,,"IEA","IBA,NAS","IEA",,,,,,,,,,,,,,,,,,,,,,,,,"ISS","ISS,IEA",,,,,"IDA,IEA",,"IEA",,,"ISS,IBA,IEA","ISS,IEA",,,"ISS,IBA,IEA",,,,"IDA,ISS,IEA","IBA,IEA","ISS,IEA",,,,,,
"GO:CC","membrane","GO:0016020","false","2.025565092657234e-9","8.69345379596219","9864","151","109","22097",,,"ISS,TAS,IEA","IDA,HDA,IBA,IEA","IBA,TAS,IEA",,,"IBA,IEA",,,"IBA,TAS,IEA","IDA,IBA,TAS,IEA","HDA,IBA,IEA","TAS,IEA","IDA,ISS,IBA,IEA",,"IBA,IEA","IEA",,"IEA","IDA,ISS,IBA,TAS,IEA",,,,"TAS,IEA",,"IDA,IBA,TAS,IEA","IBA,TAS","IDA,TAS,IEA","IDA",,,"IBA",,,"IDA,IBA,TAS,IEA","IEA",,"IBA,IEA","TAS,NAS,IEA","TAS,IEA","IBA,IEA","IDA,IEA","IDA,ISS,TAS,IEA","ISS",,"IEA","IDA,IBA,TAS,IEA","IEA","ISS,IBA,TAS,IEA","ISS,TAS,IEA","TAS,IEA","IBA,TAS,IEA","IEA","ISS,IEA","IBA,IEA","IDA,IEA","IDA,ISS,TAS,IEA","HDA,TAS,NAS,IEA","TAS","IDA,IBA,IEA","IDA,TAS,IEA","TAS,IEA",,,,,"IDA,IPI,ISS,IBA,TAS,IEA","HDA,TAS,IEA","NAS,IEA","IDA,IBA,TAS,IEA","IBA,TAS,IEA",,"IDA,IBA,TAS,NAS,IEA","IEA","IDA,IBA,TAS,NAS,IEA",,"TAS,IEA","ISS,IBA,IEA","IBA,TAS,IEA","IDA,IBA,IEA",,,"IDA,IEA","IDA,TAS,IEA","IBA,TAS,IEA","IBA,TAS,IEA",,,"IBA,IEA","IBA,IEA",,"IBA,TAS,IEA","IDA,IEA",,"IDA,IBA,IEA","IEA",,"IEA","IDA,ISS,IEA","IEA","TAS,NAS,IEA","IEA","IBA,TAS,NAS,IEA","IEA","ISS,IBA,IEA",,,"IEA",,"IDA,IBA,TAS,IEA","ISS,IBA,IEA","ISS,TAS,IEA",,"IEA","HDA,TAS,NAS,IEA","IDA,IEA","TAS,IEA","IEA",,,"IDA,ISS,IEA","NAS,IEA","IDA,IBA,IEA","IDA,IBA,IEA","TAS,IEA",,"IEA","NAS,IEA","IDA,ISS,TAS,IEA","IDA,ISS,IBA,IEA",,,,"IBA,IEA","TAS,IEA",,"IBA,IEA","TAS,IEA",,"ISS,IBA,TAS,IEA","IBA","IEA",,"IBA,IEA","IEA",,"ISS,IEA","IDA,ISS,IBA,TAS,IEA",,"IDA,ISS,IBA,TAS,IEA","IDA,NAS,IEA","IDA,ISS,IBA,TAS,IEA",,,"IBA","IDA,ISS,TAS,IEA"
"GO:CC","presynapse","GO:0098793","false","2.1846758841543184e-9","8.660612985313412","564","151","23","22097",,,"IEA","IBA",,,,,,,,,,,,,"IBA,IEA",,,,,,,,,,,,,"IEA",,,,,,,,,,,,,,,"ISS,IBA,TAS,IEA",,,,,,,,,"IEA",,"IBA,IEA",,,,,,,,,,,,"IEA",,,,"IBA,IEA",,,,,,,"ISS,IEA",,,,,,,,,,,,"IEA",,,,,,,,,,"IBA,IEA",,,,,,,,"IEA",,"IBA","IEA",,,,,,,,,,,,,,"IEA",,,,,,,,,"IBA,TAS,IEA","IEA",,,"IEA",,"ISS,IBA,IEA",,,,,"IBA,IEA",,"ISS,IEA",,,,,,,,,"IEA"
"GO:CC","cell periphery","GO:0071944","false","1.3777667480999518e-8","7.86082430099697","6228","151","81","22097","IEA",,"ISS,TAS,IEA",,"IBA,TAS,IEA",,,"IBA","IDA,HDA,ISS,IBA,IEA",,,"IDA,TAS,IEA","IBA,IEA","IDA,IBA,TAS","HDA,ISS,IBA,IEA",,,"IDA,HDA,ISS,TAS,IEA",,,"ISS,TAS",,,,,"IDA","IDA,IBA,TAS,IEA","IBA,TAS","IDA,TAS,IEA","IDA",,,"IBA",,,"IDA,IBA,TAS,IEA",,,"IBA,IEA","TAS,NAS,IEA",,"IBA,IEA","IDA,IEA",,"ISS,IBA,IEA",,,"IDA,IBA,TAS,IEA",,"ISS,IBA,TAS,IEA","ISS,TAS,IEA","IBA,TAS,IEA","IBA,TAS,IEA",,"ISS,IEA","IBA,IEA","IDA,IEA","IDA,ISS,IEA",,,"IDA,IBA,IEA",,"TAS,IEA",,,,,"IDA,IPI,TAS,IEA","IDA,IEA",,"IBA,TAS,IEA","IBA,TAS,IEA",,"IDA,IBA,TAS,NAS,IEA","ISS,IBA,IEA","IDA,IBA,TAS,IEA",,"TAS","IEA","IBA,TAS,IEA",,,,"IDA,IEA","IDA,TAS,IEA","IBA,TAS,IEA","IBA,TAS,IEA",,,"IBA,IEA","IBA,IEA",,"IBA,TAS,IEA","IEA",,"IDA,IBA,IEA",,,,,,,,"IBA,TAS,NAS,IEA","IEA","ISS,IEA",,,,,"IDA,TAS,IEA","ISS,IBA,IEA",,,,,,"TAS,IEA","IEA",,,"IDA,IEA",,"IDA,IBA,IEA","IDA,IBA,IEA","TAS,IEA",,,"IEA","IDA,ISS,TAS,IEA","IDA,ISS,IBA,IEA",,,,"IBA,IEA","TAS,IEA",,,"TAS,IEA",,"ISS,IBA,TAS,IEA","IBA",,,"IBA,IEA","IEA",,"ISS,IEA","IDA,ISS,IBA,TAS,IEA",,"IDA,ISS,IBA,TAS,IEA","IDA,NAS,IEA","IDA,ISS,IBA,TAS,IEA",,,"IBA","IDA,ISS,TAS,IEA"
"GO:CC","plasma membrane","GO:0005886","false","4.464493266921135e-8","7.350227827675513","5742","151","76","22097",,,"ISS,TAS,IEA",,"IBA,TAS,IEA",,,"IBA",,,,"IDA,TAS,IEA","IBA,IEA","TAS","ISS,IBA,IEA",,,,,,"ISS,TAS",,,,,,"IDA,IBA,TAS,IEA","IBA,TAS","IDA,TAS,IEA","IDA",,,"IBA",,,"IDA,IBA,TAS,IEA",,,"IBA,IEA","TAS,NAS,IEA",,"IBA,IEA","IDA,IEA",,"ISS",,,"IDA,IBA,TAS,IEA",,"ISS,IBA,TAS,IEA","ISS,TAS,IEA","TAS,IEA","IBA,TAS,IEA",,"ISS,IEA","IBA,IEA","IDA,IEA","IDA,ISS,IEA",,,"IDA,IBA,IEA",,"TAS,IEA",,,,,"IDA,IPI,TAS,IEA",,,"IBA,TAS,IEA","IBA,TAS,IEA",,"IDA,IBA,TAS,NAS,IEA","IEA","IDA,IBA,TAS,IEA",,"TAS","IEA","IBA,TAS,IEA",,,,"IDA,IEA","IDA,TAS,IEA","IBA,TAS,IEA","IBA,TAS,IEA",,,"IBA,IEA","IBA,IEA",,"IBA,TAS,IEA","IEA",,"IDA,IBA,IEA",,,,,,,,"IBA,TAS,NAS,IEA","IEA","ISS,IEA",,,,,"IDA,TAS,IEA","ISS,IBA,IEA",,,,,,"TAS,IEA","IEA",,,"IDA,IEA",,"IDA,IBA,IEA","IDA,IBA,IEA","TAS,IEA",,,"IEA","IDA,ISS,TAS,IEA","IDA,ISS,IBA,IEA",,,,"IBA,IEA","TAS,IEA",,,"TAS,IEA",,"ISS,IBA,TAS,IEA","IBA",,,"IBA,IEA","IEA",,"ISS,IEA","IDA,ISS,IBA,TAS,IEA",,"IDA,ISS,IBA,TAS,IEA","IDA,NAS,IEA","IDA,ISS,IBA,TAS,IEA",,,"IBA","IDA,ISS,TAS,IEA"
"GO:CC","synaptic membrane","GO:0097060","false","7.920910173022637e-7","6.101224911793093","399","151","17","22097",,,"IEA",,,,,,,,,,,,,,,,,,,,,,,,,,,,,,,,,,,,,,,"IEA",,,"ISS",,,,,,"IEA",,,,,"IBA,IEA",,,,,,,,,,,,,,,,"IBA,IEA",,,,,,,,,,,,,,,,,,"IBA,IEA","IEA",,,,,,,,,,,,,,,"IEA",,,,,,,,,,,,,,,,,,,,"IEA",,,"IEA",,,,,,"IBA,IEA","IEA",,,"IEA",,"ISS,IBA,IEA",,,,,,,"ISS,IEA",,,,,,,,,"IEA"
"GO:CC","axon","GO:0030424","false","0.0000015517113601762248","5.809189060359309","656","151","21","22097",,,"IEA",,,,,,,,,,,,,,,,,,,,,,,,,,,"IDA,IEA",,,,,,,,,,,,,,,"ISS",,,,,,,,"IEA",,"IEA",,"ISS,IEA",,,,,,,,,,,,,,"IEA","IEA","ISS",,,,,,,,,,,,,,,,,,"IBA",,"IBA",,,,,,,,,,"IEA","IBA,NAS","IEA",,,,,,,,,,,,,,,,,,,,,,,,,,"ISS,IEA",,,,,"IEA",,"IEA",,,"ISS,IBA,IEA","ISS,IEA",,,"IEA",,,,,,"ISS,IEA",,,,,,
"GO:CC","cell body","GO:0044297","false","0.000004116017800061842","5.38552275576288","565","151","19","22097",,"IBA,IEA",,,,,,,,,,,"IEA",,,,,,,,,,,,,,,,,"IDA,IEA",,,"IEA",,,,,,"IBA",,,,,,,,,,,,"IEA",,"IEA",,,,"IEA",,,,,,,,,,,,,,"IEA","IEA",,,,,,,,,,,,,,,"IBA",,,,,,,,,,,,"IEA",,,,,,,,,,,,,,,,,,,,,,,,,,,,,,,,"IEA",,,,,,,"IEA",,,"ISS,IBA,IEA",,,,"IEA",,,,"ISS,IEA","IBA,IEA",,,,"IBA,IEA",,,
"GO:CC","cell projection","GO:0042995","false","0.000006183807478587105","5.208744039835008","2389","151","41","22097",,"IBA,IEA","IEA",,,,,,,,,,,,,,"IEA",,"IEA",,,,,,,,,"ISS,IEA",,"IDA,IEA",,,"IEA",,,,,,"IBA,IEA",,,,,,"ISS,IEA",,,,,,"ISS,IEA",,"IEA",,"IBA,IEA","IEA","ISS,IEA",,,,"IDA,ISS,IEA",,,,,,,,,,"IEA","IEA","ISS","IEA",,,,,,,,,,"ISS,IBA,IEA",,,,,,"IEA","IBA",,"IBA","ISS,IEA",,,,,"IDA,ISS,IBA,IEA",,,,"IEA","IBA,NAS","IEA",,,,,,,,,,,,,,,,,,,,"IDA,IBA,IEA",,,,,"ISS","ISS,IEA",,,,"IEA","IDA,IEA",,"IEA",,,"ISS,IBA,IEA","ISS,IEA",,,"ISS,IBA,IEA","IEA",,,"IDA,ISS,IEA","IBA,IEA","ISS,IEA",,,,,,
"GO:CC","somatodendritic compartment","GO:0036477","false","0.00002766651053595921","4.558045613195253","848","151","22","22097",,"IBA,IEA",,,,,,,,,,,,,,,,,,,,,,,,,,"ISS,IEA",,"IDA,IEA",,,"IEA",,,,,,"IBA",,,,,,,,,,,,"IEA",,"IEA",,,,"IEA",,,,,,,,,,,,,,"IEA","IEA",,,,,,,,,,,,,,,"IBA",,,"IEA",,,,"ISS,IEA",,,,,,,,,,,,,,,,,,,,,,,,,,,,,,,,,,,,"ISS","IEA",,,,,"IDA,IEA",,"IEA",,,"ISS,IBA,IEA",,,,"IBA,IEA",,,,"ISS,IEA","IBA,IEA",,,,"IBA,IEA",,,
"GO:CC","plasma membrane bounded cell projection","GO:0120025","false","0.00005039086994435023","4.297648143950848","2277","151","38","22097",,"IBA,IEA","IEA",,,,,,,,,,,,,,"IEA",,"IEA",,,,,,,,,"ISS,IEA",,"IDA,IEA",,,"IEA",,,,,,"IBA,IEA",,,,,,"ISS",,,,,,"ISS,IEA",,"IEA",,"IBA,IEA",,"ISS,IEA",,,,"IDA,ISS,IEA",,,,,,,,,,"IEA","IEA","ISS","IEA",,,,,,,,,,"ISS,IBA,IEA",,,,,,"IEA","IBA",,"IBA","ISS,IEA",,,,,"IDA,ISS,IBA,IEA",,,,"IEA","IBA,NAS","IEA",,,,,,,,,,,,,,,,,,,,"IDA,IBA,IEA",,,,,"ISS","ISS,IEA",,,,,"IDA,IEA",,"IEA",,,"ISS,IBA,IEA","ISS,IEA",,,"ISS,IBA,IEA",,,,"IDA,ISS,IEA","IBA,IEA","ISS,IEA",,,,,,
"GO:CC","presynaptic membrane","GO:0042734","false","0.0000791203788766816","4.101711641738756","166","151","10","22097",,,"IEA",,,,,,,,,,,,,,,,,,,,,,,,,,,,,,,,,,,,,,,,,,"ISS",,,,,,,,,,,"IBA,IEA",,,,,,,,,,,,,,,,"IBA,IEA",,,,,,,,,,,,,,,,,,,"IEA",,,,,,,,,,,,,,,,,,,,,,,,,,,,,,,,,,,,,,,,,,,,"IBA,IEA",,,,"IEA",,"ISS,IBA,IEA",,,,,,,"ISS,IEA",,,,,,,,,"IEA"
"GO:CC","neuronal cell body","GO:0043025","false","0.00011759602647203442","3.929607352668247","498","151","16","22097",,"IBA,IEA",,,,,,,,,,,,,,,,,,,,,,,,,,,,"IDA,IEA",,,"IEA",,,,,,"IBA",,,,,,,,,,,,"IEA",,"IEA",,,,"IEA",,,,,,,,,,,,,,"IEA","IEA",,,,,,,,,,,,,,,"IBA",,,,,,,,,,,,,,,,,,,,,,,,,,,,,,,,,,,,,,,,,,,,"IEA",,,,,,,"IEA",,,"ISS,IBA,IEA",,,,"IEA",,,,,"IBA,IEA",,,,"IBA,IEA",,,
"GO:CC","glutamatergic synapse","GO:0098978","false","0.00048359287457020627","3.3155201068138265","424","151","14","22097",,,"IEA",,,,,,,,,,,,,,,,,,,,,,,,,,,,,,,,,,,,,,,"IEA",,,"IEA",,,,,,,,,"IBA",,,,,,,,,,,,,,,,,,"IEA",,,,,,,,,,,,,,,,,,"IEA",,,,,,,,,,,"IBA,IEA",,,,,"IEA",,,"IBA",,,,,,,,,,,,,,,,,,,,"IEA",,,,,,,"IEA",,,"IEA",,,,,,"IEA",,,,,,,,,,,,"IEA"
"GO:CC","dendritic tree","GO:0097447","false","0.00048665107313862905","3.312782314603057","624","151","17","22097",,"IBA,IEA",,,,,,,,,,,,,,,,,,,,,,,,,,"ISS,IEA",,"IDA,IEA",,,,,,,,,"IBA",,,,,,,,,,,,"IEA",,,,,,"IEA",,,,,,,,,,,,,,"IEA","IEA",,,,,,,,,,,,,,,,,,"IEA",,,,"ISS,IEA",,,,,,,,,,,,,,,,,,,,,,,,,,,,,,,,,,,,"ISS","IEA",,,,,"IDA,IEA",,,,,"ISS,IBA,IEA",,,,"IBA,IEA",,,,"ISS,IEA","IBA,IEA",,,,,,,
"GO:CC","plasma membrane region","GO:0098590","false","0.0018851987224370438","2.724642863225329","1266","151","24","22097",,,"IEA",,,,,,,,,"IDA,IEA",,,,,,,,,,,,,,,,,"IEA",,,,,,,,,,"IEA",,,"IEA",,,"ISS",,,"IDA,IEA",,,"IEA",,,,,"IBA,IEA",,,,,"IEA",,,,,,,,,,,"IBA,IEA",,"IDA,IEA",,,,,,,,,,,,,,,,"IBA,IEA","IEA",,,,,,,,,,,,,,,"IEA",,,,,,,,,,,,,,,,,,,,"IEA",,,"IEA",,,,,,"IBA,IEA","IEA",,,"IEA",,"ISS,IBA,IEA",,,,,,,"ISS,IEA",,,,,"IEA",,,,"IEA"
"GO:CC","dendrite","GO:0030425","false","0.002102555839602377","2.6772524613996556","622","151","16","22097",,"IBA,IEA",,,,,,,,,,,,,,,,,,,,,,,,,,"ISS,IEA",,"IDA,IEA",,,,,,,,,"IBA",,,,,,,,,,,,"IEA",,,,,,"IEA",,,,,,,,,,,,,,"IEA","IEA",,,,,,,,,,,,,,,,,,"IEA",,,,"ISS,IEA",,,,,,,,,,,,,,,,,,,,,,,,,,,,,,,,,,,,"ISS","IEA",,,,,"IDA,IEA",,,,,"ISS,IBA,IEA",,,,"IBA,IEA",,,,,"IBA,IEA",,,,,,,
"GO:CC","plasma membrane protein complex","GO:0098797","false","0.003147474223469831","2.5020378179002125","718","151","17","22097",,,,,"IBA,TAS",,,"IBA",,,,,"IBA,IEA",,,,,,,,,,,,,,"IBA",,,,,,,,,"IDA,IBA,IEA",,,,,,,,,,,,,,"ISS,IBA,IEA",,,"IEA",,,,,,,,,,,,,,,"IDA,IPI,IEA",,,,"IBA,IEA",,,,,,,,"IBA",,,,,,"IBA,TAS,IEA","IBA,TAS,IEA",,,,,,,,,,,,,,,,,,,,,,,,,"ISS,IEA",,,,,,,,,,,,"IDA",,,,,,,"IDA",,,,,,,,,,"ISS,IBA,IEA",,,,,,,,,,"IDA,IBA,IEA",,,,,,
"GO:CC","postsynapse","GO:0098794","false","0.0036428495104604544","2.4385587695010336","650","151","16","22097",,,,,,,,,,,,,,,,,,,,,,,,,,,,,,"IDA,IEA",,,,,,,,,,,,"IEA",,,,,,,,,"IEA",,,,,"IBA,IEA",,,,,,,,,,,,,,,,"IBA,IEA","NAS",,,,,,,,,,,,,,,,,"IBA,IEA",,,,"ISS,IEA",,,,,,,"IEA",,,,,"IEA",,,,,,,,,,,,,,,,,,,,"IEA",,,"IEA",,,,,,,"IDA,IEA",,,,,"ISS,IBA,IEA",,,,"IBA,IEA",,,"IEA",,,,,,,,,
"GO:CC","cation channel complex","GO:0034703","true","0.004703250705949535","2.327601870646119","207","151","9","22097",,,,,,,,"IBA",,,,,,,,,,,,,,,,,,,,,,,,,,,,"IDA,IBA,IEA",,,,,,,,,,,,"IDA,IBA",,,,,,,,,,,,,,,,,,,,"IDA,IPI,IEA",,,"IDA,IBA","IBA,IEA",,,,,,,,,,,,,,,"IBA,TAS,IEA",,,,,,,,,,,,,,,,,,,,,,,,,,,,,,,,,,,,,,,,,,,,,,,,,,,,,,"ISS,IBA,IEA",,,,,,,,,,"IDA,IBA,IEA",,,,,,
"GO:CC","postsynaptic membrane","GO:0045211","false","0.008021161527502986","2.0957627378929495","278","151","10","22097",,,,,,,,,,,,,,,,,,,,,,,,,,,,,,,,,,,,,,,,,,"IEA",,,,,,,,,"IEA",,,,,"IBA,IEA",,,,,,,,,,,,,,,,"IBA,IEA",,,,,,,,,,,,,,,,,,"IBA,IEA",,,,,,,,,,,,,,,,"IEA",,,,,,,,,,,,,,,,,,,,"IEA",,,"IEA",,,,,,,,,,,,"ISS,IBA,IEA",,,,,,,"IEA",,,,,,,,,
"GO:CC","adherens junction","GO:0005912","true","0.01676004134893678","1.7757249142503173","188","151","8","22097",,,,,,,,,,,,,,,,,,,"IBA,IEA",,,,,,,,,,,,,,,,,,,,,,,,,,,,,,,,,,,,,,,"IEA",,,,,,,,,,,,,,,,,,,,,,"IBA",,,,,,,,,,,,,,,,,,,,,,,,,,,,,,,,,,,,,,,,,,,,"IDA,IEA",,,,,,,,,,,,,,,,,,,"IDA,IEA",,,,,"IBA",,,,"IEA","IEA",,,,
"GO:CC","cell-cell junction","GO:0005911","false","0.021519501333713765","1.6671677966917842","519","151","13","22097",,,,,,,,,,,,,,,,,,,"IDA,IBA,IEA",,,,,,,,,,,,"IEA",,,,,,,,,"IDA",,,,,,,,"IDA",,,,,,,,,,"ISS,IEA",,,,,,,,,,,,,,,,,,,,,,"IBA",,,,,,,,,,,,"IMP",,,,,,,,,,,,,"IEA",,,,,,,,,,,,,,,,,,,"IDA,IBA,IEA",,,,,,,,,,,,,,,,,,,"IDA,IEA",,,,,"IBA",,,,"IDA,IEA","IEA",,,,
"GO:CC","transporter complex","GO:1990351","true","0.03624964894179213","1.4406961949793533","472","151","12","22097",,,,,,,,"IBA",,,,,,,,,,,,,,,,,,,,,,,,,,,,"IDA,IBA,IEA",,,,,,,,,,,,"IDA,IBA",,,,,,,,,,,,,,,,,,,,"IDA,IPI,ISS,IEA",,,"IDA,IBA","IBA,IEA",,"IDA,IPI",,"IDA,IPI",,,,,,,,,,,"IBA,TAS,IEA",,,,,,,,,,,,,,,,,,,,,,,,,"ISS,IEA",,,,,,,,,,,,,,,,,,,,,,,,,,,,,"ISS,IBA,IEA",,,,,,,,,,"IDA,IBA,IEA",,,,,,
"GO:CC","side of membrane","GO:0098552","false","0.04669636834215722","1.3307168939583167","721","151","15","22097",,,"IEA",,,,,,,,,,"IBA,IEA",,,,,,,,,,,,,,"IBA",,,,,,,,,,,,,,,,,,,,,,,"ISS,IBA,IEA",,,"IBA,IEA",,,,,"ISS",,,,,"IEA",,,,,,,,,,,,,,,,,,,,,,,,,,,,"IEA",,,,,"IEA",,,,,,,,"IEA",,,,,,,,,,,,,,"IEA",,,,,,,,,,,,,"IEA",,,,,,,,,,,,,,,,,"ISS,IEA",,,,,"IDA,IEA",,,,"IEA"
"GO:CC","monoatomic ion channel complex","GO:0034702","false","0.04983784666102458","1.302440730462803","346","151","10","22097",,,,,,,,"IBA",,,,,,,,,,,,,,,,,,,,,,,,,,,,"IDA,IBA,IEA",,,,,,,,,,,,"IDA,IBA",,,,,,,,,,,,,,,,,,,,"IDA,IPI,IEA",,,"IDA,IBA","IBA,IEA",,,,,,,,,,,,,,,"IBA,TAS,IEA",,,,,,,,,,,,,,,,,,,,,,,,,"ISS,IEA",,,,,,,,,,,,,,,,,,,,,,,,,,,,,"ISS,IBA,IEA",,,,,,,,,,"IDA,IBA,IEA",,,,,,
"KEGG","Axon guidance","KEGG:04360","false","0.002270201270067154","2.643935637694705","181","58","8","8484",,,"KEGG",,,,,,,,,,,,,,,,,,,,,,,,,,,,,,,,,,,,,,,,,,,,,"KEGG",,,,,,,,,"KEGG",,,,,,,,,,,,,,"KEGG",,,,,,,,,,,,,,,,,,,,,,,,,,,,,,,,,,,,,,,,,,,,,,,,,,"KEGG",,,,,,,,,,,,"KEGG",,,,,,,,,,,,,,,,,,,,"KEGG",,,,"KEGG"
"KEGG","Glutamatergic synapse","KEGG:04724","false","0.00994021485027798","2.0026042285522077","115","58","6","8484",,,,,,,,,,,,,"KEGG",,,,,,,,,,,,,,"KEGG",,,,,,,,,,,,,,,,,,,,,,,"KEGG",,,,,,,,,,,,,,,,,,,,,,"KEGG",,,,,,,,,,,,,,,,,,,,,,,,,,,,,,,,,,,,,,,,,,,,,,,,,,,,,,,,,,"KEGG",,,,,,,,,,,,,,,"KEGG",,,,,,,,,,,,
"KEGG","Morphine addiction","KEGG:05032","false","0.026889332058148516","1.5704199856927712","89","58","5","8484",,,,,,,,,,,,,"KEGG",,,,,,,,,,,,,,"KEGG",,,,,,,,,,,,,,,,,,,,,,,"KEGG",,,,,,,,,,,,,,,,,,,,,,,,,,,,,,,,,,,,,,,,,,,,,,,,,,,,,,,,,,,,,,,,,,,,,,,,,,,,,,,,"KEGG",,,,,,,,,,,,,,,,,,,,,,,,"KEGG",,,
"KEGG","GABAergic synapse","KEGG:04727","false","0.026889332058148516","1.5704199856927712","89","58","5","8484",,,,,,,,,,,,,"KEGG",,,,,,,,,,,,,,"KEGG",,,,,,,,,,,,,,,,,,,,,,,"KEGG",,,,,,,,,,,,,,,,,,,,,,,,,,,,,,,,,,,,,,,,,,,,,,,,,,,,,,,,,,,,,,,,,,,,,,,,,,,,,,,,"KEGG",,,,,,,"KEGG",,,,,,,,,,,,,,,,,,,,
"REAC","Neuronal System","REAC:R-HSA-112316","false","0.0007151224834689116","3.14561956751502","400","83","14","10842",,,,,,,,,,,,,"REAC",,,,,,,,,,,,,,,,,,,,,,,"REAC",,,,,,,,,,,,,,"REAC","REAC",,,,,,,,,,,,,,,,,"REAC",,,,"REAC",,,,,,,,,,,,,,,"REAC",,,,,,,,,,,,,,,,,,,"REAC",,,,,,,,,,,,,,,,,,,,"REAC",,,,"REAC",,,,,,,,,,,"REAC",,,"REAC","REAC",,,,,,"REAC",,,,,,
"REAC","Nervous system development","REAC:R-HSA-9675108","false","0.0023347612591749175","2.6317575215748916","574","83","16","10842",,,,,,,,,,,,,,,,,,,,,,,,,,,,,,,,,,,,,,,,,,,,,,,,"REAC",,,,,"REAC",,,,"REAC",,,,,"REAC",,,,,,,,,"REAC",,,,,,,,,,,,,,,,,,,,"REAC","REAC","REAC",,,,,,,,,,,,,,,,,,,,,,,,,,,,"REAC","REAC",,,,,,,,,"REAC","REAC","REAC",,,,,,,,,,,"REAC",,,,,,,"REAC",,"REAC",,,,
"REAC","Netrin-1 signaling","REAC:R-HSA-373752","false","0.01363367060154276","1.8653872030514012","49","83","5","10842",,,,,,,,,,,,,,,,,,,,,,,,,,,,,,,,,,,,,,,,,,,,,,,,"REAC",,,,,,,,,"REAC",,,,,,,,,,,,,,"REAC",,,,,,,,,,,,,,,,,,,,,,"REAC",,,,,,,,,,,,,,,,,,,,,,,,,,,,"REAC",,,,,,,,,,,,,,,,,,,,,,,,,,,,,,,,,,,,
"REAC","Axon guidance","REAC:R-HSA-422475","false","0.025770686944620008","1.5888740047210559","549","83","14","10842",,,,,,,,,,,,,,,,,,,,,,,,,,,,,,,,,,,,,,,,,,,,,,,,"REAC",,,,,"REAC",,,,"REAC",,,,,,,,,,,,,,"REAC",,,,,,,,,,,,,,,,,,,,"REAC","REAC","REAC",,,,,,,,,,,,,,,,,,,,,,,,,,,,"REAC","REAC",,,,,,,,,"REAC",,"REAC",,,,,,,,,,,"REAC",,,,,,,"REAC",,"REAC",,,,
"TF","Factor: ETF; motif: GVGGMGG; match class: 1","TF:M00695_1","false","4.514085484427672e-7","6.345430220831208","7249","157","96","20045","TF",,"TF",,,"TF",,"TF",,"TF","TF","TF",,,,,,,,"TF","TF","TF","TF","TF","TF","TF","TF",,"TF","TF",,"TF","TF",,,,"TF",,,,"TF","TF",,,,"TF","TF","TF","TF",,,"TF","TF","TF",,,"TF",,"TF",,"TF","TF","TF","TF","TF","TF","TF",,,"TF","TF","TF","TF","TF",,"TF","TF","TF","TF",,,,"TF","TF","TF",,"TF",,,"TF",,"TF","TF","TF",,"TF","TF","TF","TF","TF",,"TF",,"TF",,"TF","TF","TF","TF","TF","TF","TF",,"TF",,"TF",,,"TF",,,"TF","TF",,"TF","TF","TF",,"TF","TF","TF","TF",,"TF","TF","TF","TF",,,,,,"TF","TF","TF","TF","TF","TF",,"TF","TF","TF","TF",,"TF",,
"TF","Factor: DB1; motif: GGRRRRGRRGGAGGGGGNGRRR","TF:M10107","false","6.617804052864841e-7","6.179286096048843","6014","157","85","20045",,"TF","TF",,,,"TF","TF",,"TF",,,,"TF",,"TF","TF","TF",,"TF",,"TF",,"TF",,"TF","TF",,"TF",,,"TF","TF",,"TF","TF",,"TF",,"TF",,,,,"TF",,"TF","TF","TF",,"TF","TF","TF","TF",,"TF","TF",,"TF","TF",,,,,,"TF",,"TF","TF",,"TF","TF","TF","TF","TF",,,"TF",,,"TF","TF","TF",,"TF",,"TF",,"TF",,,"TF","TF","TF",,"TF","TF",,,,"TF","TF","TF",,"TF",,"TF","TF","TF","TF","TF",,"TF",,"TF","TF",,"TF",,,"TF",,"TF",,"TF","TF","TF",,"TF","TF","TF",,,"TF",,"TF",,,,,"TF",,"TF","TF","TF","TF",,"TF",,"TF","TF",,,,"TF",,
"TF","Factor: ZXDL; motif: GSGSCNNGGGMRGCNCCGGGS; match class: 1","TF:M12722_1","false","0.000049319210984947795","4.306983879919459","6868","157","88","20045",,,"TF","TF",,"TF",,"TF",,"TF","TF",,,,,"TF",,,,"TF",,"TF","TF","TF","TF",,"TF",,"TF","TF",,"TF","TF",,,,"TF","TF",,,"TF","TF",,,"TF",,"TF",,"TF",,,"TF","TF","TF",,,,,"TF",,"TF","TF","TF","TF",,"TF","TF",,,,,"TF",,"TF","TF",,"TF",,"TF",,,,"TF","TF","TF",,,,"TF","TF",,,"TF","TF",,"TF","TF","TF","TF","TF",,"TF",,"TF",,"TF","TF","TF","TF","TF",,"TF","TF","TF","TF","TF",,,"TF",,"TF","TF","TF",,"TF","TF","TF",,,"TF","TF","TF",,"TF","TF","TF","TF",,"TF",,,,"TF","TF","TF","TF","TF",,,"TF","TF","TF","TF",,"TF",,
"TF","Factor: ZNF138; motif: GCAGCRSCNSGSNCMGSGCS","TF:M13144","false","0.00009448889261777891","4.024619240785177","9856","157","111","20045","TF",,"TF","TF",,"TF","TF","TF",,"TF","TF","TF",,,,"TF",,"TF",,"TF","TF","TF","TF","TF","TF","TF","TF",,"TF","TF",,"TF",,,,,"TF","TF",,"TF","TF","TF",,"TF","TF","TF","TF",,,,,"TF","TF","TF",,"TF",,,"TF","TF",,"TF",,"TF","TF","TF","TF","TF",,"TF","TF","TF","TF","TF","TF","TF","TF","TF","TF","TF","TF",,"TF","TF",,"TF","TF","TF",,"TF",,"TF","TF","TF","TF","TF","TF","TF","TF","TF",,"TF",,"TF","TF","TF","TF","TF","TF","TF",,"TF","TF",,"TF","TF",,,"TF",,,"TF","TF",,"TF","TF","TF",,"TF","TF","TF","TF",,"TF","TF","TF","TF",,"TF","TF","TF",,"TF","TF","TF","TF","TF","TF","TF",,"TF","TF","TF",,"TF",,"TF"
"TF","Factor: WT1; motif: RGGNGGGGGAGGRGGNGGRG","TF:M10108","false","0.00009956729867361213","4.00188327540722","6724","157","86","20045",,"TF",,,,"TF","TF","TF",,"TF","TF",,,,,"TF",,,"TF","TF",,"TF",,"TF",,"TF","TF",,"TF","TF",,"TF","TF",,,"TF","TF","TF",,,"TF",,,,"TF",,"TF","TF","TF","TF",,,"TF","TF",,,"TF",,"TF",,,"TF","TF",,"TF","TF",,"TF","TF",,"TF","TF",,"TF","TF","TF",,"TF",,,,"TF","TF",,"TF",,"TF",,"TF","TF",,"TF","TF","TF",,,"TF","TF",,"TF",,"TF",,,"TF","TF","TF","TF","TF","TF","TF",,"TF",,"TF","TF",,"TF",,,"TF","TF",,,"TF",,"TF",,"TF","TF","TF",,,"TF","TF","TF",,,"TF",,,,"TF","TF",,"TF","TF","TF",,"TF","TF",,"TF",,"TF",,
"TF","Factor: ZNF138; motif: GCAGCRSCNSGSNCMGSGCS; match class: 1","TF:M13144_1","false","0.00010175258224690105","3.9924545605661335","5699","157","77","20045",,,"TF",,,"TF",,"TF",,,,"TF",,,,"TF",,,,"TF",,"TF","TF","TF","TF","TF","TF",,,"TF",,"TF",,,,,"TF","TF",,"TF","TF","TF",,,"TF","TF","TF",,,,,"TF",,"TF",,,,,"TF",,,"TF",,"TF",,"TF",,"TF",,"TF",,"TF",,"TF",,,"TF",,"TF","TF","TF",,"TF","TF",,,,,,"TF",,"TF",,"TF","TF","TF","TF","TF",,"TF",,"TF",,"TF","TF","TF","TF","TF","TF","TF",,,,,"TF","TF",,,"TF",,,"TF","TF",,"TF","TF","TF",,"TF","TF",,"TF",,"TF","TF","TF",,,"TF",,,,"TF","TF","TF","TF","TF",,,,"TF","TF","TF",,,,
"TF","Factor: MOVO-B; motif: GNGGGGG","TF:M01104","false","0.00011605774632067897","3.935325867081812","10571","157","116","20045","TF","TF","TF","TF",,"TF","TF","TF",,"TF","TF","TF","TF","TF",,"TF","TF","TF","TF","TF","TF","TF","TF","TF","TF","TF","TF","TF","TF","TF",,"TF","TF","TF",,,"TF","TF",,"TF","TF","TF","TF",,"TF","TF","TF","TF","TF",,,"TF","TF","TF",,"TF",,,"TF","TF","TF","TF",,"TF","TF","TF","TF","TF",,"TF","TF","TF",,"TF","TF","TF","TF","TF","TF",,"TF",,"TF","TF","TF",,"TF",,"TF","TF",,"TF","TF","TF","TF","TF","TF","TF","TF","TF","TF","TF",,"TF",,"TF","TF","TF",,"TF","TF","TF","TF",,"TF","TF",,,"TF",,"TF","TF","TF",,"TF",,"TF",,"TF","TF",,"TF","TF","TF","TF","TF","TF",,"TF",,"TF",,,"TF","TF","TF","TF","TF",,,"TF","TF","TF",,"TF",,
"TF","Factor: ETF; motif: GVGGMGG","TF:M00695","false","0.00014645155389366092","3.8343060159669355","10745","157","117","20045","TF",,"TF","TF",,"TF","TF","TF",,"TF","TF","TF","TF",,,"TF","TF","TF","TF","TF","TF","TF","TF","TF","TF","TF","TF",,"TF","TF",,"TF","TF",,,,"TF","TF",,"TF","TF","TF","TF",,"TF","TF","TF","TF","TF",,,"TF","TF","TF",,"TF","TF",,"TF",,"TF","TF","TF","TF","TF","TF","TF","TF",,"TF","TF","TF","TF","TF",,"TF","TF","TF","TF",,"TF","TF","TF","TF","TF",,"TF",,"TF","TF",,"TF","TF","TF",,"TF","TF","TF","TF","TF",,"TF",,"TF","TF","TF","TF","TF","TF","TF","TF","TF",,"TF",,"TF",,,"TF",,"TF","TF","TF",,"TF","TF","TF",,"TF","TF","TF","TF",,"TF","TF","TF","TF",,"TF","TF","TF",,"TF","TF","TF","TF","TF","TF",,"TF","TF","TF","TF",,"TF",,
"TF","Factor: ZNF610; motif: NSCGCCGCTCCSNN","TF:M12737","false","0.0003947848774664371","3.40363949166265","1566","157","33","20045",,,"TF",,,,,,,,"TF",,,,,,,,,,,,"TF","TF",,,,,"TF",,,,,,,,,,,"TF","TF",,,,,,,,,,,"TF","TF","TF",,,"TF",,"TF",,,,,,,,,,,,,,,,,,,,"TF",,,,,"TF","TF",,,,,"TF",,,"TF","TF",,,,"TF",,"TF",,"TF",,,,,,,"TF","TF",,"TF","TF",,,,,,,,,"TF",,,,,,,,"TF",,,,,,"TF",,,"TF",,,,,"TF","TF","TF",,,,,,,"TF",,,,
"TF","Factor: RNF96; motif: BCCCGCRGCC; match class: 1","TF:M01199_1","false","0.0004837037339204224","3.3154205600897826","4481","157","64","20045",,,"TF",,,,,"TF",,,"TF",,,,,"TF",,,,"TF",,,"TF","TF","TF","TF",,,,"TF",,"TF","TF",,,,"TF","TF",,,"TF","TF",,,,,"TF",,"TF",,,"TF","TF","TF",,,,,,,,"TF",,"TF",,"TF","TF",,,"TF","TF",,,"TF",,,"TF",,"TF",,,,"TF",,"TF",,,,,"TF",,"TF",,,,"TF","TF",,"TF","TF","TF",,,,"TF","TF","TF","TF","TF",,,"TF","TF","TF",,"TF",,,"TF",,"TF",,"TF",,,"TF",,,,"TF",,"TF",,"TF","TF","TF",,,,,"TF",,,,"TF",,"TF","TF",,,"TF","TF","TF",,,,
"TF","Factor: NF-E4; motif: CHCCCTCKCCWG","TF:M02105","false","0.0006007305780685938","3.2213202612631178","2724","157","46","20045",,"TF",,,,,,,,,,,,,,"TF","TF",,,,,"TF","TF","TF","TF",,,,,,,,,,,,,"TF",,,,,,,,,"TF","TF","TF",,,,"TF",,,,"TF",,"TF",,"TF",,,,,"TF",,"TF","TF","TF","TF",,,,"TF",,"TF","TF",,,"TF",,,,"TF",,,,"TF","TF",,"TF","TF",,"TF",,"TF","TF","TF",,,,,,,"TF",,"TF",,,"TF",,"TF",,,,,"TF",,,"TF",,"TF",,"TF",,"TF",,,,,"TF",,"TF",,,,,,,,,,,,,,,,,,,"TF",,,"TF",
"TF","Factor: Churchill; motif: CGGGNN; match class: 1","TF:M00986_1","false","0.0007257588524324707","3.1392076581637","10709","157","115","20045",,"TF","TF","TF",,"TF","TF","TF",,"TF","TF","TF",,"TF",,"TF",,"TF",,"TF","TF","TF","TF","TF","TF","TF","TF","TF","TF","TF",,"TF","TF",,,,"TF","TF",,"TF","TF","TF","TF",,"TF",,"TF","TF","TF",,,"TF","TF","TF",,,"TF",,"TF","TF","TF","TF",,"TF","TF","TF","TF","TF",,"TF","TF","TF",,"TF","TF","TF","TF","TF","TF",,"TF",,"TF","TF","TF",,"TF",,"TF","TF",,"TF","TF","TF","TF","TF","TF","TF","TF","TF","TF","TF",,"TF",,"TF","TF","TF",,"TF","TF","TF","TF",,"TF","TF",,,"TF",,"TF","TF","TF",,"TF","TF","TF",,"TF","TF","TF","TF","TF","TF","TF","TF","TF","TF","TF","TF","TF",,"TF","TF","TF","TF","TF","TF",,,"TF","TF","TF",,"TF",,
"TF","Factor: TFII-I; motif: RGAGGKAGG","TF:M00706","false","0.0015742947829975493","2.8029139437415806","5828","157","75","20045",,"TF",,,"TF","TF",,,,,"TF","TF",,"TF",,,,"TF",,"TF",,,"TF",,"TF","TF","TF",,"TF",,"TF","TF","TF",,,"TF",,,,,,,,,"TF",,,,"TF",,"TF",,,"TF",,,"TF",,"TF",,,"TF",,"TF",,"TF","TF","TF","TF",,"TF",,,,"TF",,"TF","TF","TF",,"TF",,,"TF","TF",,"TF",,"TF","TF",,"TF","TF",,,,"TF",,,,"TF","TF","TF","TF","TF",,"TF","TF",,,,,,,"TF",,,,,,"TF","TF","TF",,"TF","TF","TF",,,"TF","TF",,"TF","TF","TF",,"TF","TF",,,,,"TF","TF","TF",,"TF","TF",,"TF","TF","TF","TF",,"TF",,"TF"
"TF","Factor: MOVO-B; motif: GNGGGGG; match class: 1","TF:M01104_1","false","0.003962180607754346","2.4020657319364465","5843","157","74","20045",,,,"TF",,"TF","TF",,,,"TF","TF",,"TF",,"TF",,"TF",,"TF","TF","TF","TF","TF",,,"TF",,"TF","TF",,,"TF",,,,,"TF",,"TF","TF","TF",,,"TF",,"TF","TF",,,,"TF",,,,,,,"TF","TF","TF","TF",,"TF","TF","TF",,"TF",,"TF","TF",,,,,,"TF","TF","TF",,,,"TF",,,,,,"TF",,,,"TF","TF","TF","TF","TF",,"TF",,,"TF",,"TF",,"TF","TF","TF",,,,"TF","TF",,"TF","TF",,,"TF",,"TF","TF",,,"TF",,"TF",,"TF","TF",,"TF",,"TF","TF","TF","TF",,"TF",,"TF",,,"TF","TF",,"TF","TF",,,"TF",,,,,,
"TF","Factor: TCF-1; motif: ACATCGRGRCGCTGW; match class: 1","TF:M11601_1","false","0.004006376142264576","2.3972482789962024","11404","157","118","20045","TF","TF","TF",,"TF","TF","TF","TF",,"TF","TF","TF","TF","TF",,,"TF",,,"TF","TF",,"TF","TF","TF","TF","TF",,"TF","TF",,"TF",,"TF",,"TF","TF",,,"TF","TF","TF","TF",,"TF","TF","TF","TF","TF",,,"TF","TF","TF",,"TF","TF",,"TF","TF","TF","TF","TF","TF","TF","TF","TF","TF",,"TF","TF",,"TF","TF","TF","TF","TF","TF","TF",,,"TF","TF","TF","TF","TF","TF",,"TF","TF",,"TF","TF","TF","TF","TF","TF","TF","TF","TF","TF","TF",,"TF",,"TF","TF","TF","TF","TF","TF","TF","TF","TF","TF","TF",,"TF","TF",,"TF","TF","TF",,,"TF","TF",,"TF","TF","TF","TF",,"TF","TF","TF","TF",,"TF",,,,"TF","TF","TF","TF","TF","TF",,,"TF","TF","TF",,"TF","TF","TF"
"TF","Factor: Egr-1; motif: GCGCATGCG","TF:M04869","false","0.004604698159328263","2.3367988327927556","11569","157","119","20045","TF","TF","TF","TF",,,"TF","TF",,"TF",,,"TF","TF",,"TF",,"TF","TF","TF","TF","TF",,"TF","TF","TF","TF","TF",,"TF",,"TF","TF","TF","TF",,"TF","TF",,"TF","TF","TF","TF",,"TF","TF","TF",,"TF",,,"TF","TF","TF",,"TF","TF",,"TF","TF","TF","TF","TF","TF","TF","TF","TF","TF",,"TF","TF","TF","TF","TF",,"TF","TF","TF",,,"TF","TF",,"TF","TF","TF","TF",,,"TF",,"TF","TF","TF","TF","TF","TF","TF","TF","TF","TF","TF",,"TF","TF","TF","TF","TF","TF","TF",,"TF","TF","TF","TF","TF","TF",,"TF","TF","TF","TF","TF",,"TF","TF","TF",,"TF","TF","TF","TF","TF","TF","TF","TF","TF","TF","TF","TF",,,"TF","TF","TF","TF","TF","TF",,"TF",,"TF","TF",,"TF",,
"TF","Factor: ZF5; motif: NRNGNGCGCGCWN; match class: 1","TF:M00333_1","false","0.006103482552242344","2.2144222925878307","12784","157","127","20045","TF","TF","TF","TF","TF","TF","TF","TF",,"TF","TF","TF","TF","TF","TF","TF","TF",,"TF","TF","TF","TF","TF","TF","TF","TF","TF","TF","TF","TF",,"TF","TF",,"TF",,"TF","TF",,"TF","TF","TF","TF",,"TF","TF","TF","TF","TF",,,"TF","TF","TF",,"TF","TF",,"TF","TF","TF","TF","TF","TF","TF","TF","TF","TF",,"TF","TF","TF","TF","TF","TF","TF","TF","TF","TF",,"TF",,"TF","TF","TF","TF","TF",,"TF","TF",,"TF","TF","TF","TF","TF","TF","TF","TF","TF","TF","TF",,"TF","TF","TF","TF","TF","TF","TF",,"TF","TF",,"TF","TF",,"TF",,,"TF","TF","TF",,"TF","TF","TF",,"TF","TF","TF","TF",,"TF","TF","TF","TF",,"TF","TF","TF",,"TF","TF","TF","TF","TF","TF",,"TF","TF","TF","TF",,"TF","TF",
"TF","Factor: DB1; motif: GGRRRRGRRGGAGGGGGNGRRR; match class: 1","TF:M10107_1","false","0.006234818761917104","2.2051761663784313","2764","157","44","20045",,"TF",,,,,,"TF",,"TF",,,,,,,,"TF",,"TF",,,,"TF",,"TF","TF",,"TF",,,,"TF",,,"TF",,,,,,,,,,,,,"TF",,,,"TF",,,"TF","TF",,,,,,,,,"TF",,"TF","TF",,,,,,,,,"TF",,,,"TF",,,"TF",,"TF",,"TF",,,"TF",,,,,"TF",,,,"TF",,,,"TF",,"TF","TF","TF",,,,"TF",,,,,"TF",,,"TF",,,,"TF",,"TF",,"TF",,"TF",,,"TF",,"TF",,,,,,,,"TF",,"TF",,"TF",,,"TF",,,,"TF",,
"TF","Factor: MAZ; motif: GGGGGAGGGGGNGRGRRRGNRG","TF:M09984","false","0.006378238771788275","2.195299226810042","9841","157","106","20045",,"TF","TF","TF",,"TF","TF","TF",,"TF",,,,"TF","TF","TF","TF",,"TF","TF",,"TF",,"TF",,"TF","TF",,"TF","TF",,"TF","TF",,"TF","TF","TF","TF","TF","TF",,"TF",,,"TF",,"TF","TF","TF",,,"TF","TF","TF",,"TF","TF",,"TF","TF","TF","TF",,"TF",,"TF","TF","TF","TF","TF","TF","TF","TF","TF","TF","TF","TF","TF","TF",,"TF","TF","TF","TF","TF",,"TF",,"TF",,,"TF","TF",,"TF","TF","TF",,"TF","TF","TF",,"TF","TF",,"TF","TF","TF","TF","TF","TF",,"TF",,"TF","TF",,"TF",,,"TF","TF",,,,,"TF",,"TF","TF","TF",,,"TF","TF","TF",,,"TF",,"TF",,"TF","TF","TF","TF","TF","TF",,"TF","TF","TF","TF",,"TF",,"TF"
"TF","Factor: E2F-3; motif: GGCGGGN; match class: 1","TF:M02089_1","false","0.01184339675308515","1.9265237216372149","9682","157","104","20045","TF",,"TF","TF",,"TF","TF","TF",,"TF",,"TF","TF",,,"TF",,,"TF","TF","TF","TF","TF","TF","TF",,"TF",,"TF","TF",,,"TF","TF",,,"TF","TF",,"TF","TF","TF","TF",,"TF","TF",,"TF","TF",,,"TF","TF","TF",,"TF",,,"TF","TF","TF","TF","TF","TF","TF","TF",,"TF",,"TF","TF","TF",,"TF","TF","TF","TF","TF","TF",,,,"TF",,,,,,"TF","TF",,"TF","TF","TF","TF","TF","TF","TF","TF","TF",,"TF",,"TF",,"TF","TF",,"TF","TF","TF","TF","TF","TF","TF","TF",,,"TF",,"TF","TF","TF",,"TF","TF","TF",,"TF","TF",,"TF",,"TF","TF","TF","TF",,"TF",,"TF",,"TF","TF","TF","TF","TF","TF",,,"TF","TF","TF",,"TF",,
"TF","Factor: AP-2; motif: MKCCCSCNGGCG","TF:M00189","false","0.013282697074329268","1.8767137317774356","10911","157","113","20045","TF","TF","TF","TF","TF",,,"TF",,,,"TF","TF",,,"TF",,"TF","TF","TF","TF","TF","TF","TF","TF","TF","TF",,"TF","TF",,"TF","TF",,,,,"TF",,"TF","TF","TF","TF",,"TF","TF","TF","TF",,,,"TF","TF","TF",,"TF","TF",,"TF","TF","TF","TF","TF","TF","TF","TF",,"TF",,"TF","TF","TF","TF","TF","TF","TF","TF","TF","TF",,,,"TF","TF","TF",,,"TF","TF","TF",,"TF","TF","TF","TF","TF","TF","TF","TF","TF","TF",,,"TF","TF","TF","TF","TF","TF","TF","TF","TF","TF","TF","TF","TF",,,"TF",,"TF","TF","TF",,"TF","TF","TF",,"TF","TF","TF","TF",,"TF","TF","TF","TF",,"TF","TF","TF",,"TF","TF","TF","TF","TF","TF",,,"TF","TF",,,"TF","TF",
"TF","Factor: ZNF383; motif: SSNGGGMGGNGSNGGS","TF:M12703","false","0.017318548590683294","1.7614885075536484","9356","157","101","20045",,"TF","TF","TF",,"TF","TF","TF",,,"TF","TF","TF","TF",,,,,"TF","TF","TF","TF",,"TF","TF",,"TF",,"TF","TF",,,"TF","TF",,,"TF","TF","TF",,"TF","TF","TF",,"TF",,"TF","TF",,,,,"TF",,,"TF","TF","TF","TF",,"TF","TF","TF","TF","TF","TF",,"TF","TF","TF","TF","TF","TF",,,"TF",,"TF","TF",,,,"TF",,"TF",,"TF",,"TF","TF",,"TF","TF","TF","TF","TF","TF","TF","TF","TF","TF",,,"TF",,"TF","TF","TF","TF","TF","TF","TF","TF","TF","TF","TF",,,,"TF","TF","TF",,,,,"TF",,"TF","TF","TF",,,"TF","TF","TF",,,"TF",,,,"TF","TF","TF","TF","TF","TF",,"TF","TF","TF","TF",,"TF","TF","TF"
"TF","Factor: RNF96; motif: BCCCGCRGCC","TF:M01199","false","0.02097449615748123","1.6783084628546276","8748","157","96","20045","TF",,"TF",,,,,"TF",,,"TF","TF",,,,"TF",,,"TF","TF",,,"TF","TF","TF","TF",,,"TF","TF",,"TF","TF",,,,"TF","TF",,"TF","TF","TF",,,"TF",,"TF","TF","TF",,,"TF","TF","TF",,,"TF",,"TF",,"TF","TF","TF","TF",,"TF","TF",,"TF","TF","TF","TF","TF","TF","TF","TF","TF","TF","TF",,,,"TF",,"TF",,,,"TF","TF",,"TF","TF","TF","TF","TF","TF","TF","TF","TF","TF",,,,"TF","TF","TF","TF","TF","TF","TF","TF","TF","TF","TF","TF",,,"TF",,"TF","TF","TF",,"TF","TF","TF",,,"TF",,"TF","TF","TF","TF","TF",,,"TF",,"TF",,,"TF","TF","TF","TF","TF",,,"TF","TF","TF",,,,
"TF","Factor: ZNF93; motif: GGYAGCRGCAGCGGYG","TF:M12742","false","0.023600936377873034","1.6270707658571881","2618","157","41","20045",,,"TF",,,"TF",,,,,,,,,,,,,,"TF",,,"TF",,"TF",,"TF",,,"TF",,"TF",,,,,,,,,"TF","TF",,,,,,,"TF",,,,"TF","TF",,,,,"TF",,,,"TF",,"TF",,,,,,,"TF",,"TF",,,,,,,,"TF",,,"TF",,,,,"TF",,,,,,"TF","TF","TF",,"TF",,"TF",,,,"TF","TF",,"TF","TF",,"TF",,,,,,,,,,,,,,,,,"TF","TF","TF","TF",,"TF",,"TF","TF",,,,,,,,,,,,,"TF","TF",,,,"TF",,
"TF","Factor: E2F1; motif: NNNNNGCGSSAAAN","TF:M08874","false","0.025390197619124415","1.5953339188757363","7418","157","85","20045","TF","TF",,,,,"TF",,,"TF","TF",,,,,"TF",,"TF","TF",,"TF","TF","TF",,"TF","TF",,"TF",,"TF",,,"TF",,,,,"TF",,,"TF","TF","TF",,"TF",,"TF",,"TF","TF",,"TF","TF","TF",,,"TF",,"TF",,"TF","TF",,"TF","TF",,"TF","TF",,"TF","TF",,,"TF",,"TF","TF","TF",,"TF","TF",,"TF",,,"TF",,,"TF","TF",,"TF","TF","TF","TF",,"TF",,,"TF","TF",,"TF","TF","TF",,"TF","TF","TF",,"TF","TF","TF","TF","TF",,,,"TF",,"TF","TF",,,"TF","TF","TF",,"TF","TF",,"TF",,,"TF","TF","TF",,"TF","TF",,,,,"TF",,,,,,,"TF","TF","TF","TF",,"TF"
"TF","Factor: AP-2alpha; motif: NGCCYSNNGSN","TF:M01857","false","0.02718550504538879","1.5656625943750517","9435","157","101","20045",,"TF","TF",,,"TF",,"TF",,"TF","TF","TF","TF","TF",,"TF","TF",,,"TF","TF","TF",,"TF","TF",,"TF","TF","TF",,,"TF","TF",,,,"TF",,,"TF","TF","TF",,,"TF","TF","TF",,"TF",,,"TF","TF","TF",,"TF","TF","TF","TF",,"TF","TF","TF","TF",,"TF","TF",,,"TF","TF","TF","TF","TF",,"TF","TF",,"TF",,"TF","TF","TF","TF","TF",,,"TF",,"TF",,"TF",,,"TF",,"TF","TF","TF","TF","TF","TF",,"TF","TF","TF","TF","TF","TF","TF","TF","TF","TF",,,"TF",,,"TF",,,"TF","TF",,"TF","TF","TF",,"TF","TF",,"TF",,"TF","TF","TF","TF","TF","TF",,,,,"TF","TF","TF","TF","TF",,"TF","TF","TF","TF",,"TF",,
"TF","Factor: ZFP14; motif: SCNNYCCNGNNSCTSCNC; match class: 1","TF:M12694_1","false","0.03271326127070594","1.4852761577622295","5252","157","66","20045","TF",,"TF",,,,,,,"TF","TF","TF",,,,"TF","TF",,,"TF","TF",,,,,,"TF",,"TF","TF",,"TF","TF",,,,"TF",,,,"TF",,"TF",,"TF",,"TF",,,,,"TF",,"TF",,,,,"TF","TF","TF","TF",,,"TF",,"TF",,,,,"TF",,"TF","TF","TF","TF","TF","TF","TF",,,"TF","TF",,"TF","TF",,"TF","TF",,"TF",,,"TF",,,,"TF","TF",,,,,,,,"TF","TF","TF",,"TF","TF","TF",,"TF",,,"TF",,,"TF","TF",,,"TF","TF",,"TF","TF",,,,,,,,,"TF",,,,,"TF",,,"TF","TF",,,"TF","TF",,,,,"TF"
"TF","Factor: E2F-4; motif: GCGGGAAANA; match class: 1","TF:M02090_1","false","0.04842861286182022","1.314897970249035","6572","157","77","20045",,,"TF",,,"TF","TF",,,"TF","TF",,"TF","TF",,"TF",,"TF","TF",,,,"TF",,"TF",,,,"TF","TF",,"TF","TF","TF",,,"TF","TF",,,,,,,,"TF",,,"TF",,,,,,,,"TF",,"TF","TF",,"TF","TF",,"TF","TF","TF",,,"TF",,,,"TF",,"TF","TF","TF","TF",,"TF",,"TF","TF","TF",,"TF",,"TF",,,"TF","TF","TF","TF","TF","TF","TF","TF","TF","TF",,,"TF","TF",,"TF","TF","TF",,,,,"TF","TF",,,,"TF",,,,"TF",,"TF","TF","TF",,"TF","TF",,"TF",,,"TF","TF",,,"TF","TF",,,"TF","TF","TF",,"TF",,,,"TF",,"TF",,"TF",,
"HPA","cerebral cortex; neuropil[Medium]","HPA:0100212","false","0.03652039801538563","1.4374644979793663","2618","83","35","11019","Approved",,,,,,,,,,,,"Supported",,,,"Enhanced",,,,"Approved",,,"Enhanced",,,"Enhanced",,,,,,"Enhanced",,,,,,,"Approved","Approved",,,"Approved","Enhanced",,,,"Approved",,,"Approved",,"Enhanced",,"Approved",,,,"Enhanced",,,"Enhanced",,,,,,,"Approved",,"Approved",,,,,,,,,,,,,,,,,,,,"Approved",,,,,,,,,"Enhanced",,,,,"Enhanced",,,,,,"Enhanced","Approved",,,,,,,,,"Enhanced",,,,,,"Approved",,"Approved","Enhanced",,,,,,"Enhanced","Approved",,,,"Approved",,,"Enhanced","Approved","Approved",,,,,,"Approved",,,,
"CORUM","GNAI1-GNB4-GNG2 complex","CORUM:7022","false","0.049989038371101344","1.3011252176011052","3","18","2","3383",,,,,,,,,,,,,"CORUM",,,,,,,,,,,,,,,,,,,,,,,,,,,,,,,,,,,,,"CORUM",,,,,,,,,,,,,,,,,,,,,,,,,,,,,,,,,,,,,,,,,,,,,,,,,,,,,,,,,,,,,,,,,,,,,,,,,,,,,,,,,,,,,,,,,,,,,,,,,,,,,,,,,,,
"CORUM","KCTD16-GNB1-GNG2 complex","CORUM:6393","false","0.049989038371101344","1.3011252176011052","3","18","2","3383",,,,,,,,,,,,,,,,,,,,,,,,,,,,,,,,,,,,,,,,,,,,,,,,,,"CORUM",,,,,,"CORUM",,,,,,,,,,,,,,,,,,,,,,,,,,,,,,,,,,,,,,,,,,,,,,,,,,,,,,,,,,,,,,,,,,,,,,,,,,,,,,,,,,,,,,,,,,,,,,,,,,,,,
"CORUM","GNAS-L-GNB4-GNG2 complex","CORUM:7150","false","0.049989038371101344","1.3011252176011052","3","18","2","3383",,,,,,,,,,,,,"CORUM",,,,,,,,,,,,,,,,,,,,,,,,,,,,,,,,,,,,,"CORUM",,,,,,,,,,,,,,,,,,,,,,,,,,,,,,,,,,,,,,,,,,,,,,,,,,,,,,,,,,,,,,,,,,,,,,,,,,,,,,,,,,,,,,,,,,,,,,,,,,,,,,,,,,,
