"source","term_name","term_id","highlighted","adjusted_p_value","negative_log10_of_adjusted_p_value","term_size","query_size","intersection_size","effective_domain_size","HS3ST2","RXFP1","CLSTN2","PRUNE2","CHN2","TLL1","CCDC85A","LRP1B","IL1RAPL2","CRIM1","PDE4B","KCNAB1","CAMK2D","PDE3B","ELAVL4","ASTN2","MDGA2","NRG1","NKAIN2","FNBP1L","IPCEF1","STARD13","ST6GALNAC3","SMYD2","MGLL","TMTC2","PID1","CCSER1","EPHA3","PTPRT","CELF4","PDE1A","PCLO","GRIK3","NYAP2","NETO2","ELAVL2","TMEM117","TMEFF2","TRPM3","KAZN","GALNT17","KCNC2","KCNH7","SLC24A2","SLC35F1","TEAD1","KCNT2","PHACTR1","GRIP1","HS3ST4","CADPS2","RORB","GRID2","CDH10","KCNQ3","MYRIP","KHDRBS3","GRM8","PRKCE","BICD1","CPNE4","PDE1C","ZNF385B","NOS1AP","KCNQ5","SORCS1","GALNT14","PCDH7","XKR4","CTNNA2","GABRG3","TOX","DPP10","PRKG1","RORA","PDZRN4","FSTL4","MCTP1"
"GO:MF","potassium ion transmembrane transporter activity","GO:0015079","true","0.0001044872680994657","3.9809366256391874","161","77","8","20212",,,,,,,,,,,,"IEA",,,,,,,,,,,,,,,,,,,,,,"IDA,IBA",,,,,,,,,"ISS,IBA,IEA","IBA,IEA","IDA,IBA,TAS,IEA",,,"IMP,IBA,IEA",,,,,,,,"IDA,IBA,IEA",,,,,,,,,,"IDA,IMP,IBA,IEA",,,,,,,,,,,,,
"GO:MF","potassium channel activity","GO:0005267","false","0.0002701482605653439","3.5683978244575814","124","77","7","20212",,,,,,,,,,,,"IEA",,,,,,,,,,,,,,,,,,,,,,"IDA,IBA",,,,,,,,,"ISS,IBA,IEA","IBA,IEA",,,,"IMP,IBA,IEA",,,,,,,,"IDA,IBA,IEA",,,,,,,,,,"IDA,IMP,IBA,IEA",,,,,,,,,,,,,
"GO:MF","3',5'-cyclic-AMP phosphodiesterase activity","GO:0004115","true","0.00033257879183231455","3.4781054486939658","18","77","4","20212",,,,,,,,,,,"IDA,IGI,ISS,IBA,TAS,IEA",,,"IDA,IBA,TAS,IEA",,,,,,,,,,,,,,,,,,"IDA,IEA",,,,,,,,,,,,,,,,,,,,,,,,,,,,,,,"IDA,IEA",,,,,,,,,,,,,,,,
"GO:MF","monoatomic ion channel activity","GO:0005216","false","0.0005357456869405119","3.271041316591268","444","77","11","20212",,,,,,,,,,,,"IEA",,,,,,,,,,,,,,,,,,,,,,"IDA,ISS,IBA,IEA",,,,,,"IDA,IBA,TAS,IEA",,,"ISS,IBA,IEA","IBA,IEA","IBA,IEA",,,"IMP,IBA,IEA",,,,,,"IBA,IEA",,"IDA,IBA,IEA",,,,,,,,,,"IDA,IMP,IBA,IEA",,,,,,"IBA,IEA",,,,,,,
"GO:MF","voltage-gated potassium channel activity","GO:0005249","false","0.0013081795097745282","2.883332657574904","100","77","6","20212",,,,,,,,,,,,"IEA",,,,,,,,,,,,,,,,,,,,,,,,,,,,,,,"ISS,IBA,IEA","IBA,IEA",,,,"IBA",,,,,,,,"IDA,IBA,IEA",,,,,,,,,,"IDA,IMP,IBA,IEA",,,,,,,,,,,,,
"GO:MF","3',5'-cyclic-nucleotide phosphodiesterase activity","GO:0004114","false","0.0015877175606948727","2.7992267517459553","26","77","4","20212",,,,,,,,,,,"IDA,IGI,ISS,IBA,TAS,IEA",,,"EXP,IDA,IBA,TAS,IEA",,,,,,,,,,,,,,,,,,"IDA,ISS,IBA,IEA",,,,,,,,,,,,,,,,,,,,,,,,,,,,,,,"IDA,IBA,IEA",,,,,,,,,,,,,,,,
"GO:MF","gated channel activity","GO:0022836","false","0.0017915131467328665","2.7467800004855403","315","77","9","20212",,,,,,,,,,,,"IEA",,,,,,,,,,,,,,,,,,,,,,"IDA,ISS,IBA,IEA",,,,,,,,,"ISS,IBA,IEA","IBA,IEA",,,,"IMP,IBA,IEA",,,,,,"IBA,IEA",,"IDA,IBA,IEA",,,,,,,,,,"IDA,IMP,IBA,IEA",,,,,,"IBA,IEA",,,,,,,
"GO:MF","channel activity","GO:0015267","false","0.00193512197259459","2.7132916557844498","507","77","11","20212",,,,,,,,,,,,"IEA",,,,,,,,,,,,,,,,,,,,,,"IDA,ISS,IBA,IEA",,,,,,"IDA,IBA,TAS,IEA",,,"ISS,IBA,IEA","IBA,IEA","IBA,IEA",,,"IMP,IBA,IEA",,,,,,"IBA,IEA",,"IDA,IBA,IEA",,,,,,,,,,"IDA,IMP,IBA,IEA",,,,,,"IBA,IEA",,,,,,,
"GO:MF","passive transmembrane transporter activity","GO:0022803","false","0.0019719632909552085","2.705101173920151","508","77","11","20212",,,,,,,,,,,,"IEA",,,,,,,,,,,,,,,,,,,,,,"IDA,ISS,IBA,IEA",,,,,,"IDA,IBA,TAS,IEA",,,"ISS,IBA,IEA","IBA,IEA","IBA,IEA",,,"IMP,IBA,IEA",,,,,,"IBA,IEA",,"IDA,IBA,IEA",,,,,,,,,,"IDA,IMP,IBA,IEA",,,,,,"IBA,IEA",,,,,,,
"GO:MF","cyclic-nucleotide phosphodiesterase activity","GO:0004112","false","0.0021619553650418124","2.66515327657889","28","77","4","20212",,,,,,,,,,,"IDA,IGI,ISS,IBA,TAS,IEA",,,"EXP,IDA,IBA,TAS,IEA",,,,,,,,,,,,,,,,,,"IDA,ISS,IBA,IEA",,,,,,,,,,,,,,,,,,,,,,,,,,,,,,,"IDA,IBA,IEA",,,,,,,,,,,,,,,,
"GO:MF","monoatomic cation channel activity","GO:0005261","false","0.0030259902221873255","2.5191324796363452","336","77","9","20212",,,,,,,,,,,,"IEA",,,,,,,,,,,,,,,,,,,,,,"IDA,IBA",,,,,,"IDA,IBA,TAS,IEA",,,"ISS,IBA,IEA","IBA,IEA","IBA,IEA",,,"IMP,IBA,IEA",,,,,,,,"IDA,IBA,IEA",,,,,,,,,,"IDA,IMP,IBA,IEA",,,,,,,,,,,,,
"GO:MF","3',5'-cyclic-GMP phosphodiesterase activity","GO:0047555","false","0.016701241956861918","1.7772512321484295","16","77","3","20212",,,,,,,,,,,,,,"IEA",,,,,,,,,,,,,,,,,,"IDA,ISS,IBA,IEA",,,,,,,,,,,,,,,,,,,,,,,,,,,,,,,"IDA,IBA,IEA",,,,,,,,,,,,,,,,
"GO:MF","voltage-gated monoatomic cation channel activity","GO:0022843","false","0.016841084504381047","1.7736299449561552","156","77","6","20212",,,,,,,,,,,,"IEA",,,,,,,,,,,,,,,,,,,,,,,,,,,,,,,"ISS,IBA,IEA","IBA,IEA",,,,"IBA",,,,,,,,"IDA,IBA,IEA",,,,,,,,,,"IDA,IMP,IBA,IEA",,,,,,,,,,,,,
"GO:MF","calmodulin-activated dual specificity 3',5'-cyclic-GMP, 3',5'-cyclic-AMP phosphodiesterase activity","GO:0004117","false","0.024924373339694494","1.603375752114963","3","77","2","20212",,,,,,,,,,,,,,,,,,,,,,,,,,,,,,,,"IDA,IEA",,,,,,,,,,,,,,,,,,,,,,,,,,,,,,,"IDA",,,,,,,,,,,,,,,,
"GO:MF","calmodulin-activated 3',5'-cyclic-GMP phosphodiesterase activity","GO:0048101","false","0.024924373339694494","1.603375752114963","3","77","2","20212",,,,,,,,,,,,,,,,,,,,,,,,,,,,,,,,"ISS,IBA,IEA",,,,,,,,,,,,,,,,,,,,,,,,,,,,,,,"IBA",,,,,,,,,,,,,,,,
"GO:MF","metal ion transmembrane transporter activity","GO:0046873","false","0.027952878160905505","1.5535734684557085","445","77","9","20212",,,,,,,,,,,,"IEA",,,,,,,,,,,,,,,,,,,,,,"IDA,IBA",,,,,,"IDA,TAS,IEA",,,"ISS,IBA,IEA","IBA,IEA","IDA,IBA,TAS,IEA",,,"IMP,IBA,IEA",,,,,,,,"IDA,IBA,IEA",,,,,,,,,,"IDA,IMP,IBA,IEA",,,,,,,,,,,,,
"GO:MF","voltage-gated monoatomic ion channel activity","GO:0005244","false","0.04105761208691126","1.386606312823069","183","77","6","20212",,,,,,,,,,,,"IEA",,,,,,,,,,,,,,,,,,,,,,,,,,,,,,,"ISS,IBA,IEA","IBA,IEA",,,,"IBA",,,,,,,,"IDA,IBA,IEA",,,,,,,,,,"IDA,IMP,IBA,IEA",,,,,,,,,,,,,
"GO:MF","voltage-gated channel activity","GO:0022832","false","0.04491975773430282","1.3475625946843814","186","77","6","20212",,,,,,,,,,,,"IEA",,,,,,,,,,,,,,,,,,,,,,,,,,,,,,,"ISS,IBA,IEA","IBA,IEA",,,,"IBA",,,,,,,,"IDA,IBA,IEA",,,,,,,,,,"IDA,IMP,IBA,IEA",,,,,,,,,,,,,
"GO:BP","potassium ion transmembrane transport","GO:0071805","true","0.00015545423839789248","3.8083974325932988","212","77","9","21031",,,,,,,,,,,,"IDA,IMP,ISS,IEA",,,,,,,,,,,,,,,,,,,,,,,,,,,,,,,"ISS,IBA,IEA","IBA,IEA","IDA",,,"IMP,IBA,IEA",,,,,,,,"IDA,IBA,IEA",,,,,,,,,"ISS","IDA,IMP,IBA,IEA",,,,,,,,"ISS,IBA",,,,,
"GO:BP","potassium ion transport","GO:0006813","false","0.0004013851724452376","3.396438674808556","237","77","9","21031",,,,,,,,,,,,"IDA,IMP,ISS,TAS,IEA",,,,,,,,,,,,,,,,,,,,,,,,,,,,,,,"ISS,IBA,IEA","IBA,IEA","IDA,IEA",,,"IMP,IBA,IEA",,,,,,,,"IDA,IBA,IEA",,,,,,,,,"ISS","IDA,IMP,IBA,IEA",,,,,,,,"ISS,IBA",,,,,
"GO:BP","regulation of membrane potential","GO:0042391","true","0.0009409364185664341","3.0264397219485883","433","77","11","21031",,,,,,,,,,,,,"IDA,ISS,IC",,,,,,,,,,,,,,"ISS,TAS,IEA",,,,"IEA",,,"IDA,ISS,IEA",,,,,,,,,"IEA","IBA",,,,,,,,,,"ISS,IEA",,"IEA",,,,,,,,,"IMP,ISS,TAS","IEA",,,,,,"IBA",,,,,,,
"GO:BP","monoatomic ion transmembrane transport","GO:0034220","false","0.0012285987750480039","2.9105899220216305","1013","77","16","21031",,,,,,,,,,,"ISS,IEA","IDA,IMP,ISS,IEA","IDA,ISS,TAS,IC",,,,,,,,,,,,,,,,,,,,,"IEA",,,,,,"IDA,IBA,TAS,IEA",,,"ISS,IBA,IEA","IBA,IEA","IDA,IBA",,,"IMP,IBA,IEA",,,,,,"IEA",,"IDA,IBA,IEA",,,,"TAS,IEA",,,,,"ISS,TAS","IDA,IMP,IBA,IEA",,,,,,"IBA,IEA",,"ISS,IBA",,,,,
"GO:BP","regulation of biological quality","GO:0065008","false","0.002698494398586641","2.568878479086793","2846","77","27","21031",,,"IBA,IEA",,,,,,"IDA,IMP",,,,"IDA,ISS,TAS,IC",,"IDA,IEA",,,"IDA,IMP",,,,,,,,,"ISS,TAS,IEA",,,"IEA","IEA",,"IEA","IDA,ISS,IEA",,"IEA",,,,,,,"IEA","IBA","IBA,IEA",,,,,"IBA",,,,"IMP,ISS,IEA",,"IEA","ISS",,,"ISS,IEA",,,,,"IMP,ISS,TAS","IEA",,,,"IBA","ISS","IBA",,,"IMP,IEA",,,"IEA","ISS"
"GO:BP","monoatomic ion transport","GO:0006811","false","0.004352427570097953","2.361268447360204","1256","77","17","21031",,,,,,,,,,,"ISS,IEA","IDA,IMP,ISS,TAS,IEA","IDA,ISS,TAS,IC",,,,,,"IBA,IEA",,,,,,,,,,,,,,,"IEA",,,,,,"IDA,IBA,TAS,IEA",,,"ISS,IBA,IEA","IBA,IEA","IDA,IBA,TAS,IEA",,,"IMP,IBA,IEA",,,,,,"IEA",,"IDA,IBA,IEA",,,,"TAS,IEA",,,,,"ISS,TAS","IDA,IMP,IBA,IEA",,,,,,"IBA,IEA",,"ISS,IBA",,,,,
"GO:BP","transport","GO:0006810","false","0.0055160442684835075","2.258372257093548","4350","77","34","21031",,,,,,,,"TAS,IEA",,,"ISS,IEA","IDA,IMP,ISS,TAS,IEA","IDA,ISS,TAS,IC",,,"IEA",,"IDA,IMP","IBA,IEA","IDA,IEA","NAS",,,,,,"IDA,IBA,IEA",,"IDA",,,,"NAS,IEA","IEA",,,,,,"IDA,IBA,TAS,IEA",,,"ISS,IBA,IEA","IBA,IEA","IDA,IBA,TAS,IEA","IEA",,"IMP,IBA,IEA",,"IBA",,"IBA,IEA",,"IEA",,"IDA,IBA,IEA","ISS,IEA",,,"TAS,IEA","IMP,IBA",,,,"ISS,TAS","IDA,IMP,IBA,IEA","IBA",,,"IBA",,"IBA,IEA",,"ISS,IBA","IEA",,,,"ISS,IBA,IEA"
"GO:BP","metal ion transport","GO:0030001","false","0.006063517948088023","2.2172753325750367","877","77","14","21031",,,,,,,,,,,"ISS,IEA","IDA,IMP,ISS,TAS,IEA","IDA,ISS,TAS,IC",,,,,,"IBA,IEA",,,,,,,,,,,,,,,,,,,,,"IDA,TAS,IEA",,,"ISS,IBA,IEA","IBA,IEA","IDA,IBA,IEA",,,"IMP,IBA,IEA",,,,,,,,"IDA,IBA,IEA",,,,"TAS,IEA",,,,,"ISS,TAS","IDA,IMP,IBA,IEA",,,,,,,,"ISS,IBA",,,,,
"GO:BP","signaling","GO:0023052","true","0.007354152956904941","2.1334673416076284","6447","77","43","21031",,"IBA,IEA","IBA,IEA",,"TAS,IEA",,,,"IEA","IMP,IEA","IMP,ISS,IBA,IEA",,"TAS,IC","IMP,IBA,TAS,IEA",,,,"IDA,IMP,IBA,IEA",,"IEA",,"IBA,TAS,IEA",,"IMP,TAS","ISS",,"IDA,IEA",,"IDA,IBA,IEA","IDA,IMP,NAS","IEA","IBA,IEA","NAS,IEA","IDA,ISS,IBA,IEA","ISS,IBA",,,"IMP,IBA",,,,,"ISS,IEA",,"ISS,IBA,IEA",,"IDA,IBA,NAS,IEA",,,"NAS",,"IEA","IEA","IMP,ISS,IBA,TAS,IEA",,"TAS,IEA","ISS",,"IDA,IMP,IBA,IEA","ISS,IBA,TAS,IEA","ISS",,"IBA,IEA","IDA","ISS",,"NAS",,,,,"IBA,IEA",,,"TAS,IEA","IDA,IMP,ISS,IEA",,"IBA,IEA","ISS,IBA,NAS"
"GO:BP","inorganic ion transmembrane transport","GO:0098660","false","0.00817642631601791","2.087436472656121","900","77","14","21031",,,,,,,,,,,"ISS,IEA","IDA,IMP,ISS,IEA","IDA,ISS,TAS,IC",,,,,,,,,,,,,,,,,,,,,,,,,,,"IDA,TAS,IEA",,,"ISS,IBA,IEA","IBA,IEA","IDA,IBA",,,"IMP,IBA,IEA",,,,,,,,"IDA,IBA,IEA",,,,"TAS,IEA",,,,,"ISS,TAS","IDA,IMP,IBA,IEA",,,,,,"IBA,IEA",,"ISS,IBA",,,,,
"GO:BP","cell communication","GO:0007154","true","0.01094011103600588","1.9609782701342215","6537","77","43","21031",,"IBA,IEA","IBA,IEA",,"TAS,IEA",,,,"IEA","IMP,IEA","IMP,ISS,IBA,IEA",,"ISS,TAS,IC","IMP,IBA,TAS,IEA",,,,"IDA,IMP,IBA,TAS,IEA",,"IEA",,"IBA,TAS,IEA",,"IMP,TAS","ISS",,"IDA,IEA",,"IDA,IBA,IEA","IDA,IMP,NAS","IEA","IBA,IEA","NAS,IEA","IDA,ISS,IBA,IEA","ISS,IBA",,,"IMP,IBA",,,,,"ISS,IEA",,"ISS,IBA,IEA",,"IDA,IBA,NAS,IEA",,,"NAS",,"IEA","IEA","IMP,ISS,IBA,TAS,IEA",,"TAS,IEA","ISS",,"IDA,IMP,IBA,IEA","ISS,IBA,TAS,IEA","ISS",,"IBA,IEA","IDA","ISS",,"NAS",,,,,"IBA,IEA",,,"TAS,IEA","IDA,IMP,ISS,IEA",,"IBA,IEA","ISS,IBA,NAS"
"GO:BP","inorganic cation transmembrane transport","GO:0098662","false","0.013127717100771182","1.88181079079849","808","77","13","21031",,,,,,,,,,,"ISS,IEA","IDA,IMP,ISS,IEA","IDA,ISS,TAS,IC",,,,,,,,,,,,,,,,,,,,,,,,,,,"IDA,TAS,IEA",,,"ISS,IBA,IEA","IBA,IEA","IDA,IBA",,,"IMP,IBA,IEA",,,,,,,,"IDA,IBA,IEA",,,,"TAS,IEA",,,,,"ISS,TAS","IDA,IMP,IBA,IEA",,,,,,,,"ISS,IBA",,,,,
"GO:BP","transmembrane transport","GO:0055085","false","0.01537619478846439","1.8131511279182857","1534","77","18","21031",,,,,,,,,,,"ISS,IEA","IDA,IMP,ISS,IEA","IDA,ISS,TAS,IC",,,,,,,,,,,,,,"IDA,IBA,IEA",,,,,,,"IEA",,,,,,"IDA,IBA,TAS,IEA",,,"ISS,IBA,IEA","IBA,IEA","IDA,IBA,IEA","IEA",,"IMP,IBA,IEA",,,,,,"IEA",,"IDA,IBA,IEA",,,,"TAS,IEA",,,,,"ISS,TAS","IDA,IMP,IBA,IEA",,,,,,"IBA,IEA",,"ISS,IBA",,,,,
"GO:BP","monoatomic cation transmembrane transport","GO:0098655","false","0.017511595704441246","1.756674278013736","830","77","13","21031",,,,,,,,,,,"ISS,IEA","IDA,IMP,ISS,IEA","IDA,ISS,TAS,IC",,,,,,,,,,,,,,,,,,,,,,,,,,,"IDA,IBA,TAS,IEA",,,"ISS,IBA,IEA","IBA,IEA","IDA,IBA",,,"IMP,IBA,IEA",,,,,,,,"IDA,IBA,IEA",,,,"TAS,IEA",,,,,"ISS,TAS","IDA,IMP,IBA,IEA",,,,,,,,"ISS,IBA",,,,,
"GO:BP","chemical synaptic transmission","GO:0007268","true","0.03264642748220792","1.486164336889754","750","77","12","21031",,,"IBA,IEA",,,,,,,,,,,,,,,,,,,,,,,,,,,,"IEA",,"NAS","ISS,IBA",,,,,,,,,,,"IBA,IEA",,,,,,,"IEA",,"IMP,ISS,IBA,IEA",,"TAS,IEA",,,"IBA","IEA",,,,,,,,,,,,"IBA",,,,,,,"ISS,IBA"
"GO:BP","anterograde trans-synaptic signaling","GO:0098916","false","0.03264642748220792","1.486164336889754","750","77","12","21031",,,"IBA,IEA",,,,,,,,,,,,,,,,,,,,,,,,,,,,"IEA",,"NAS","ISS,IBA",,,,,,,,,,,"IBA,IEA",,,,,,,"IEA",,"IMP,ISS,IBA,IEA",,"TAS,IEA",,,"IBA","IEA",,,,,,,,,,,,"IBA",,,,,,,"ISS,IBA"
"GO:BP","trans-synaptic signaling","GO:0099537","false","0.035325301473080904","1.4519141231089354","756","77","12","21031",,,"IBA,IEA",,,,,,,,,,,,,,,,,,,,,,,,,,,,"IEA",,"NAS","ISS,IBA",,,,,,,,,,,"IBA,IEA",,,,,,,"IEA",,"IMP,ISS,IBA,IEA",,"TAS,IEA",,,"IBA","IEA",,,,,,,,,,,,"IBA",,,,,,,"ISS,IBA"
"GO:BP","monoatomic cation transport","GO:0006812","false","0.038888970065886305","1.4101735585400001","1033","77","14","21031",,,,,,,,,,,"ISS,IEA","IDA,IMP,ISS,TAS,IEA","IDA,ISS,TAS,IC",,,,,,"IBA,IEA",,,,,,,,,,,,,,,,,,,,,"IDA,IBA,TAS,IEA",,,"ISS,IBA,IEA","IBA,IEA","IDA,IBA,IEA",,,"IMP,IBA,IEA",,,,,,,,"IDA,IBA,IEA",,,,"TAS,IEA",,,,,"ISS,TAS","IDA,IMP,IBA,IEA",,,,,,,,"ISS,IBA",,,,,
"GO:BP","synaptic signaling","GO:0099536","false","0.048061613683590264","1.3182016517153556","780","77","12","21031",,,"IBA,IEA",,,,,,,,,,,,,,,,,,,,,,,,,,,,"IEA",,"NAS","ISS,IBA",,,,,,,,,,,"IBA,IEA",,,,,,,"IEA",,"IMP,ISS,IBA,IEA",,"TAS,IEA",,,"IBA","IEA",,,,,,,,,,,,"IBA",,,,,,,"ISS,IBA"
"GO:BP","regulation of calcium ion transmembrane transport via high voltage-gated calcium channel","GO:1902514","true","0.04910480041166893","1.3088760498242358","16","77","3","21031",,,,,,,,,,,"ISS,IEA",,"ISS",,,,,,,,,,,,,,,,,,,,,,,,,,,,,,,,,,,,,,,,,,,,,,,,,,,,"ISS,TAS",,,,,,,,,,,,,,
"GO:CC","synapse","GO:0045202","true","2.4738978385878213e-9","8.606618238843385","1468","76","25","22097",,,"IBA,IEA",,"IDA",,,,"IDA,IMP",,"IEA",,,,"IEA",,,"IDA,IMP",,,,,,,,,,,,"IEA","IEA",,"ISS,IBA,TAS,IEA","ISS,IBA,IEA",,"IBA,IEA",,,,,,,"ISS,IBA,IEA",,,"IDA,IEA",,,"IEA","IEA",,"IBA,IEA",,"ISS,IBA,IEA","IEA","IEA","IEA",,,"IEA",,,,,"IDA,IMP,IEP","IEA",,,,,,"IBA,IEA",,,,,,,"ISS,IBA,IEA"
"GO:CC","cell junction","GO:0030054","false","1.2414846025299652e-7","6.906058662398373","2230","76","28","22097",,,"IBA,IEA",,"IDA",,"IDA,IEA",,"IDA,IMP",,"IEA",,,,"IEA",,,"IDA,IMP",,,,,,,,,,,,"IEA","IEA",,"ISS,IBA,TAS,IEA","ISS,IBA,IEA",,"IBA,IEA",,,,,"IDA,IEA",,"ISS,IBA,IEA",,,"IDA,IEA",,,"IEA","IEA",,"IBA,IEA",,"ISS,IBA,IEA","IBA,IEA","IEA","IEA",,,"IEA",,,,,"IDA,IMP,IEP,IEA","IEA",,,,,"ISS,IBA,IEA","IBA,IEA",,,,,,,"ISS,IBA,IEA"
"GO:CC","membrane","GO:0016020","true","0.0000012410643102293678","5.906205713381128","9864","76","59","22097","TAS,IEA","TAS,IEA","IBA,IEA","IEA","IEA","IEA",,"IBA,IEA","TAS,IEA","IBA,TAS,IEA","ISS,IEA","IDA,IMP,IBA,TAS,IEA","HDA,TAS,IEA","IDA,HDA,IBA,IEA",,"IEA","TAS,IEA","IDA,NAS,IEA","IEA","IEA","IEA","IEA","TAS,IEA",,"ISS,IBA,TAS,IEA","IDA,IBA,IEA",,,"IDA,TAS,IEA","IDA,NAS,IEA",,,"IEA","IDA,IBA,TAS,IEA",,"IEA",,"IDA,IEA","NAS,IEA","TAS,IEA","IDA","IEA","ISS,IBA,TAS,IEA","TAS,IEA","IDA,RCA,TAS,IEA","IDA,IEA",,"IDA,IBA,IEA",,"ISS,TAS,IEA","IEA","IEA",,"ISS,IBA,TAS,IEA","IBA,TAS,IEA","IDA,ISS,IBA,TAS,IEA",,,"TAS,IEA","IDA,TAS,IEA","IDA","IBA",,,"ISS,IEA","IDA,IBA,TAS,IEA","IDA,IEA","TAS,IEA","IDA,TAS,IEA","ISS,IBA,IEA","IBA,IEA","IDA,IBA,TAS,IEA",,"IDA,IPI,ISS,IBA,IEA","IDA,IEA",,,,"IDA,ISS,IBA,IEA"
"GO:CC","glutamatergic synapse","GO:0098978","false","0.000006277599849689625","5.202206370797541","424","76","12","22097",,,"IEA",,,,,,"IDA,IMP",,,,,,"IEA",,,"IDA,IMP",,,,,,,,,,,,"IEA",,,"IBA","IEA",,"IEA",,,,,,,,,,,,,,,,"IBA",,"IEA","IEA",,,,,,,,,,"IDA,IMP,IEP",,,,,,,,,,,,,,
"GO:CC","cell periphery","GO:0071944","false","0.000055620715771550286","4.254763426589543","6228","76","43","22097",,"TAS,IEA","IBA,IEA",,,,,"IBA","TAS","IBA,IEA","ISS,IEA","IDA,IMP,IBA,TAS,IEA","IEA",,,"IEA","TAS,IEA","IDA,IEA","IEA","IEA","IEA",,,,"TAS",,,,"IDA,TAS,IEA","IDA,IEA",,,"IBA,TAS,IEA","IDA,IBA,TAS,IEA",,"IEA",,"IDA,IEA",,"TAS,IEA","IDA",,"ISS,IBA,TAS,IEA","TAS","IDA,RCA,TAS,IEA",,,"IDA,IBA,IEA",,"ISS,TAS,IEA",,,,"ISS,IBA,TAS,IEA","IBA,TAS,IEA","IDA,ISS,IBA,TAS,IEA","IBA,IEA",,"TAS,IEA","IDA,ISS,TAS,IEA",,"IBA",,,"ISS,IEA","IDA,IBA,TAS,IEA",,,"IDA,TAS,IEA","ISS,IBA,IEA","IBA,IEA","IDA,IBA,TAS,IEA",,"IPI,ISS,IBA,IEA","IDA,IEA",,,,
"GO:CC","monoatomic ion channel complex","GO:0034702","false","0.00008538878225932152","4.068599179930112","346","76","10","22097",,,,,,,,,,,"ISS,IEA","IDA,IMP,IBA,IEA",,,,,,,,,,,,,,,,,,,,,,"IBA",,,,,,,,,"ISS,IBA,IEA","IEA",,,,,,,,,,"ISS,IEA",,"IDA,IBA,IEA",,,,,,,,,,"IDA,IBA,IEA",,,,,,"IEA",,"IPI,IBA",,,,,
"GO:CC","postsynapse","GO:0098794","false","0.00008763570073610899","4.057318936364447","650","76","13","22097",,,"IBA,IEA",,,,,,,,"IEA",,,,"IEA",,,,,,,,,,,,,,,"IEA","IEA",,"IEA","IBA,IEA",,"IBA,IEA",,,,,,,"ISS,IBA,IEA",,,,,,,"IEA",,,,"ISS,IBA,IEA","IEA",,,,,,,,,,,,,,,,,"IBA,IEA",,,,,,,
"GO:CC","postsynaptic membrane","GO:0045211","false","0.0001359984097989351","3.866466169714968","278","76","9","22097",,,"IBA,IEA",,,,,,,,,,,,,,,,,,,,,,,,,,,"IEA",,,,"IBA,IEA",,"IEA",,,,,,,"ISS,IBA,IEA",,,,,,,"IEA",,,,"IBA,IEA","IEA",,,,,,,,,,,,,,,,,"IEA",,,,,,,
"GO:CC","plasma membrane","GO:0005886","false","0.00018689766850581196","3.7283961162850314","5742","76","40","22097",,"TAS,IEA","IBA,IEA",,,,,"IBA","TAS","IBA,IEA","ISS,IEA","IDA,IMP,IBA,TAS,IEA","IEA",,,,"TAS,IEA","IDA,IEA","IEA","IEA","IEA",,,,"TAS",,,,"IDA,TAS,IEA","IDA,IEA",,,,"IDA,IBA,TAS,IEA",,"IEA",,"IDA,IEA",,"TAS,IEA","IDA",,"ISS,IBA,TAS,IEA","TAS","IDA,RCA,TAS,IEA",,,"IDA,IBA,IEA",,"ISS,TAS,IEA",,,,"ISS,IBA,TAS,IEA","IBA,TAS,IEA","IDA,ISS,IBA,TAS,IEA",,,"TAS,IEA","IDA,TAS,IEA",,"IBA",,,"ISS,IEA","IDA,IBA,TAS,IEA",,,"IDA,TAS,IEA","ISS,IBA,IEA","IBA,IEA","IDA,IBA,TAS,IEA",,"IPI,ISS,IBA,IEA","IDA,IEA",,,,
"GO:CC","synaptic membrane","GO:0097060","false","0.0003126146809816531","3.5049906305407377","399","76","10","22097",,,"IBA,IEA",,,,,,,,,,,,,,,,,,,,,,,,,,,"IEA",,,,"IBA,IEA",,"IEA",,,,,,,"ISS,IBA,IEA",,,,,,,"IEA",,,,"IBA,IEA","IEA",,,,,,,,,,,"IEA",,,,,,"IEA",,,,,,,
"GO:CC","potassium channel complex","GO:0034705","false","0.0003383790038878868","3.47059659237806","99","76","6","22097",,,,,,,,,,,,"IDA,IMP,IBA",,,,,,,,,,,,,,,,,,,,,,"IBA",,,,,,,,,"ISS,IBA,IEA",,,,,,,,,,,,,"IDA,IBA,IEA",,,,,,,,,,"IDA,IBA",,,,,,,,"IPI,IBA",,,,,
"GO:CC","postsynaptic specialization","GO:0099572","false","0.0008299842965917319","3.080930124452931","346","76","9","22097",,,"IEA",,,,,,,,"IEA",,,,,,,,,,,,,,,,,,,"IEA",,,"IEA","IBA",,"IBA,IEA",,,,,,,,,,,,,,"IEA",,,,"IBA,IEA","IEA",,,,,,,,,,,,,,,,,,,,,,,,
"GO:CC","transmembrane transporter complex","GO:1902495","false","0.0008304433150946576","3.080690006538019","445","76","10","22097",,,,,,,,,,,"ISS,IEA","IDA,IMP,IBA,IEA",,,,,,,,,,,,,,,,,,,,,,"IBA",,,,,,,,,"ISS,IBA,IEA","IEA",,,,,,,,,,"ISS,IEA",,"IDA,IBA,IEA",,,,,,,,,,"IDA,IBA,IEA",,,,,,"IEA",,"IPI,IBA",,,,,
"GO:CC","postsynaptic specialization membrane","GO:0099634","false","0.0011467699629658884","2.940523690933965","122","76","6","22097",,,"IEA",,,,,,,,,,,,,,,,,,,,,,,,,,,"IEA",,,,"IBA",,"IEA",,,,,,,,,,,,,,,,,,"IBA,IEA","IEA",,,,,,,,,,,,,,,,,,,,,,,,
"GO:CC","transporter complex","GO:1990351","false","0.0013981329779498804","2.8544515204048206","472","76","10","22097",,,,,,,,,,,"ISS,IEA","IDA,IMP,IBA,IEA",,,,,,,,,,,,,,,,,,,,,,"IBA",,,,,,,,,"ISS,IBA,IEA","IEA",,,,,,,,,,"ISS,IEA",,"IDA,IBA,IEA",,,,,,,,,,"IDA,IBA,IEA",,,,,,"IEA",,"IPI,IBA",,,,,
"GO:CC","cation channel complex","GO:0034703","false","0.0020789864669244662","2.682148337681112","207","76","7","22097",,,,,,,,,,,"ISS,IEA","IDA,IMP,IBA",,,,,,,,,,,,,,,,,,,,,,"IBA",,,,,,,,,"ISS,IBA,IEA",,,,,,,,,,,,,"IDA,IBA,IEA",,,,,,,,,,"IDA,IBA",,,,,,,,"IPI,IBA",,,,,
"GO:CC","neuron projection","GO:0043005","true","0.0028281765294304764","2.548493486188846","1334","76","16","22097",,,"IEA",,,,,,,,"IEA","IBA","IBA",,"ISS,IEA",,,,,,,,,,,,,,"IBA",,,,"IBA","ISS",,,,,,,,,"ISS,IBA,IEA",,,,,,,"ISS,IEA",,,,"ISS,IEA",,"ISS,IEA","IEA",,,,,,,,,"IEA",,,,,"ISS,IEA","IBA",,,,,,,
"GO:CC","voltage-gated potassium channel complex","GO:0008076","false","0.003795050503823517","2.420782440220168","88","76","5","22097",,,,,,,,,,,,"IMP,IBA",,,,,,,,,,,,,,,,,,,,,,,,,,,,,,,"ISS,IBA,IEA",,,,,,,,,,,,,"IDA,IBA,IEA",,,,,,,,,,"IDA,IBA",,,,,,,,"IPI,IBA",,,,,
"GO:CC","postsynaptic density","GO:0014069","false","0.0039036089857636567","2.4085336909617707","318","76","8","22097",,,"IEA",,,,,,,,"IEA",,,,,,,,,,,,,,,,,,,"IEA",,,"IEA","IBA",,"IBA,IEA",,,,,,,,,,,,,,"IEA",,,,"IBA,IEA",,,,,,,,,,,,,,,,,,,,,,,,,
"GO:CC","asymmetric synapse","GO:0032279","false","0.005556765153330817","2.2551779575007025","334","76","8","22097",,,"IEA",,,,,,,,"IEA",,,,,,,,,,,,,,,,,,,"IEA",,,"IEA","IBA",,"IBA,IEA",,,,,,,,,,,,,,"IEA",,,,"IBA,IEA",,,,,,,,,,,,,,,,,,,,,,,,,
"GO:CC","postsynaptic density membrane","GO:0098839","false","0.00741117218806854","2.130113096400039","101","76","5","22097",,,"IEA",,,,,,,,,,,,,,,,,,,,,,,,,,,"IEA",,,,"IBA",,"IEA",,,,,,,,,,,,,,,,,,"IBA,IEA",,,,,,,,,,,,,,,,,,,,,,,,,
"GO:CC","somatodendritic compartment","GO:0036477","true","0.00878664917316842","2.056176713441543","848","76","12","22097",,,"IEA",,,,,,,,"IEA",,,,"ISS,IEA","IEA",,,,,,,,,,,,,"IBA",,,"IBA,IEA",,"ISS",,,,,,,,,"ISS,IBA,IEA",,,,,,,"IEA",,,,"ISS,IEA",,,,,,,,,"IBA",,,,,,,,,"IBA",,,,,,,
"GO:CC","neuron to neuron synapse","GO:0098984","false","0.010661302005105846","1.9721897541177364","366","76","8","22097",,,"IEA",,,,,,,,"IEA",,,,,,,,,,,,,,,,,,,"IEA",,,"IEA","IBA",,"IBA,IEA",,,,,,,,,,,,,,"IEA",,,,"IBA,IEA",,,,,,,,,,,,,,,,,,,,,,,,,
"GO:CC","presynapse","GO:0098793","false","0.038604353508115336","1.4133637161070611","564","76","9","22097",,,,,,,,,,,"IEA",,,,,,,,,,,,,,,,,,,,,,"IBA,TAS,IEA","ISS,IBA",,,,,,,,,"ISS,IBA,IEA",,,"IDA,IEA",,,,,,"IEA",,,"IEA",,,,,,,,,,,"IEA",,,,,,,,,,,,,"ISS,IBA,IEA"
"GO:CC","plasma membrane protein complex","GO:0098797","false","0.04881072093038376","1.311484777801883","718","76","10","22097",,,,,,,,,,,"ISS,IEA","IMP,IBA",,,,,,,,,,,,,,,,,,,,,,"IBA",,,,,,,,,"ISS,IBA,IEA",,,,,,,,,,,"ISS,IEA","IBA","IDA,IBA,IEA",,,,,,,,,,"IDA,IBA",,,,,"IBA",,,"IPI,IBA",,,,,
"KEGG","Morphine addiction","KEGG:05032","false","0.0010978285202637183","2.959465490959883","89","31","5","8484",,,,,,,,,,,"KEGG",,,"KEGG",,,,,,,,,,,,,,,,,,"KEGG",,,,,,,,,,,,,,,,,,,,,,,,,,,,,,,"KEGG",,,,,,,,,"KEGG",,,,,,,
"KEGG","Mucin type O-glycan biosynthesis","KEGG:00512","false","0.020529474664920853","1.6876221637830906","36","31","3","8484",,,,,,,,,,,,,,,,,,,,,,,"KEGG",,,,,,,,,,,,,,,,,,,"KEGG",,,,,,,,,,,,,,,,,,,,,,,,,,"KEGG",,,,,,,,,,,
"REAC","Neuronal System","REAC:R-HSA-112316","false","0.00014233904326953754","3.84667595760532","400","44","11","10842",,,,,,,,,"REAC",,,"REAC","REAC",,,,,"REAC",,,,,,,,,,,,,,,,"REAC",,,,,,,,,"REAC","REAC",,,,,,"REAC",,,,,,"REAC",,,,,,,,,,"REAC",,,,,,"REAC",,,,,,,
"REAC","Voltage gated Potassium channels","REAC:R-HSA-1296072","false","0.00027694213975894516","3.55761095659695","43","44","5","10842",,,,,,,,,,,,"REAC",,,,,,,,,,,,,,,,,,,,,,,,,,,,,,,"REAC","REAC",,,,,,,,,,,,"REAC",,,,,,,,,,"REAC",,,,,,,,,,,,,
"REAC","DAG and IP3 signaling","REAC:R-HSA-1489509","false","0.007932321674909348","2.1005996824136037","41","44","4","10842",,,,,,,,,,,,,"REAC",,,,,,,,,,,,,,,,,,,"REAC",,,,,,,,,,,,,,,,,,,,,,,,,,,,"REAC",,,"REAC",,,,,,,,,,,,,,,,
"REAC","Potassium Channels","REAC:R-HSA-1296071","false","0.021035054825624074","1.6770563517033208","103","44","5","10842",,,,,,,,,,,,"REAC",,,,,,,,,,,,,,,,,,,,,,,,,,,,,,,"REAC","REAC",,,,,,,,,,,,"REAC",,,,,,,,,,"REAC",,,,,,,,,,,,,
"REAC","Cam-PDE 1 activation","REAC:R-HSA-111957","false","0.03558636811767561","1.4487163330677537","4","44","2","10842",,,,,,,,,,,,,,,,,,,,,,,,,,,,,,,,"REAC",,,,,,,,,,,,,,,,,,,,,,,,,,,,,,,"REAC",,,,,,,,,,,,,,,,
"WP","Phosphodiesterases in neuronal function","WP:WP4222","false","0.00038086996495760947","3.419223274037613","53","36","5","8286",,,,,,,,,,,"WP",,,"WP",,,,,,,,,,,,,,,,,,"WP",,,,,,,,,,,,,,,,,,,,,,,,,,,,,,,"WP",,,,,,,,,,,,"WP",,,,
"TF","Factor: ZXDL; motif: GSGSCNNGGGMRGCNCCGGGS; match class: 1","TF:M12722_1","false","0.000006838071733876123","5.165066347607404","6868","79","53","20045","TF",,"TF",,"TF","TF","TF","TF",,"TF",,,,,,"TF","TF","TF","TF","TF",,"TF","TF","TF","TF",,"TF",,,"TF","TF",,"TF","TF",,"TF","TF","TF","TF",,"TF","TF",,,,,"TF",,"TF",,"TF","TF","TF","TF",,"TF","TF","TF","TF","TF","TF",,,"TF","TF","TF","TF","TF",,"TF","TF","TF","TF","TF","TF","TF","TF","TF",
"TF","Factor: ZNF93; motif: GGYAGCRGCAGCGGYG","TF:M12742","false","0.000012866264687212681","4.890547518456133","2618","79","31","20045",,,"TF",,"TF",,"TF","TF","TF","TF",,,,"TF",,"TF","TF","TF","TF",,,,,"TF",,,"TF",,,"TF",,,"TF",,,"TF","TF",,,,,"TF",,,,,"TF",,,,"TF","TF",,,,"TF",,"TF","TF",,,,,"TF",,"TF",,"TF",,"TF",,,"TF",,"TF",,,"TF",
"TF","Factor: ZF5; motif: NRNGNGCGCGCWN; match class: 1","TF:M00333_1","false","0.00006121636977384836","4.213132428314833","12784","79","72","20045","TF","TF","TF","TF","TF","TF","TF","TF","TF","TF","TF","TF","TF","TF",,"TF","TF","TF","TF","TF",,"TF","TF","TF","TF","TF","TF","TF","TF","TF","TF",,"TF","TF",,"TF","TF","TF","TF","TF","TF","TF","TF","TF","TF",,"TF","TF","TF",,"TF","TF","TF","TF","TF","TF","TF","TF","TF","TF","TF","TF","TF","TF","TF","TF","TF","TF","TF","TF","TF","TF","TF","TF","TF","TF","TF","TF",
"TF","Factor: RNF96; motif: BCCCGCRGCC; match class: 1","TF:M01199_1","false","0.00008817034278632563","4.0546774707658475","4481","79","40","20045","TF",,"TF",,"TF","TF","TF",,"TF","TF","TF",,"TF","TF",,,,"TF",,,,"TF",,"TF","TF",,"TF","TF",,,,,"TF","TF",,"TF","TF","TF","TF",,"TF",,"TF",,,,"TF",,,,"TF","TF",,,,"TF",,"TF",,"TF",,,,,"TF",,"TF","TF",,"TF",,"TF","TF",,"TF","TF","TF","TF",
"TF","Factor: ETF; motif: GVGGMGG; match class: 1","TF:M00695_1","false","0.00020600179880779078","3.686128987354697","7249","79","52","20045","TF",,"TF","TF","TF","TF","TF","TF",,"TF",,,"TF","TF",,"TF","TF","TF","TF","TF",,"TF",,"TF","TF",,"TF",,,"TF","TF",,"TF","TF",,"TF","TF","TF","TF",,,"TF",,,,,"TF",,"TF",,"TF","TF","TF",,,"TF",,"TF","TF","TF","TF",,,"TF","TF","TF","TF","TF","TF","TF",,"TF","TF","TF","TF","TF","TF","TF",
"TF","Factor: ZNF138; motif: GCAGCRSCNSGSNCMGSGCS; match class: 1","TF:M13144_1","false","0.0002666160318977854","3.5741137395605493","5699","79","45","20045","TF",,"TF","TF",,"TF","TF",,,"TF",,,,"TF",,"TF","TF","TF","TF",,,,"TF","TF","TF","TF","TF",,,"TF","TF",,,"TF",,"TF",,,,,"TF","TF",,,"TF",,"TF",,,,"TF","TF",,,,"TF",,"TF","TF","TF","TF",,,,"TF","TF","TF","TF","TF","TF","TF","TF","TF","TF","TF","TF","TF","TF",
"TF","Factor: BTEB3; motif: CCNNSCCNSCCCCKCCCCC","TF:M09826","false","0.0017934590416996956","2.7463085371184444","11837","79","67","20045","TF",,,"TF","TF","TF","TF","TF",,"TF","TF","TF","TF","TF","TF","TF","TF","TF","TF","TF",,"TF","TF","TF","TF","TF","TF","TF",,"TF","TF",,"TF","TF",,"TF","TF","TF","TF","TF","TF","TF","TF","TF","TF",,"TF","TF","TF",,"TF","TF","TF","TF","TF","TF","TF","TF","TF","TF","TF","TF","TF",,"TF","TF",,"TF","TF","TF","TF","TF","TF","TF","TF","TF","TF","TF",
"TF","Factor: RNF96; motif: BCCCGCRGCC","TF:M01199","false","0.0022464614039978646","2.648501038533116","8748","79","56","20045","TF",,"TF",,"TF","TF","TF",,"TF","TF","TF",,"TF","TF",,,"TF","TF","TF",,,"TF","TF","TF","TF",,"TF","TF",,"TF","TF",,"TF","TF",,"TF","TF","TF","TF",,"TF","TF","TF","TF",,,"TF",,,,"TF","TF",,"TF",,"TF","TF","TF","TF","TF","TF",,,"TF","TF","TF","TF","TF","TF","TF","TF","TF","TF","TF","TF","TF","TF","TF",
"TF","Factor: MOVO-B; motif: GNGGGGG","TF:M01104","false","0.004930645349666917","2.3070962341798307","10571","79","62","20045","TF",,"TF","TF","TF","TF","TF","TF",,"TF","TF",,"TF","TF","TF","TF","TF","TF","TF","TF",,"TF","TF","TF","TF","TF","TF",,,"TF","TF",,"TF","TF",,"TF","TF",,"TF",,,"TF","TF","TF","TF",,"TF",,"TF",,"TF",,"TF","TF","TF","TF","TF","TF","TF","TF","TF",,"TF","TF","TF","TF","TF","TF","TF","TF","TF","TF","TF","TF","TF","TF","TF","TF",
"TF","Factor: ZF5; motif: NGAGCGCGC","TF:M10111","false","0.007578267404248087","2.1204300744185796","2734","79","27","20045","TF",,,,,"TF",,,,"TF",,,,,,"TF","TF",,"TF","TF",,"TF",,"TF",,,"TF",,,"TF","TF",,,"TF",,,,,"TF","TF",,"TF",,,,,,,,,"TF",,,,,"TF",,,"TF",,"TF",,"TF",,,"TF","TF","TF",,"TF",,,"TF","TF",,,,,
"TF","Factor: ZNF93; motif: GGYAGCRGCAGCGGYG; match class: 1","TF:M12742_1","false","0.008717177887409057","2.059624091477695","1335","79","18","20045",,,,,,,"TF","TF",,,,,,,,"TF",,"TF","TF",,,,,"TF",,,,,,"TF",,,"TF",,,,"TF",,,,,,,,,,,,,,"TF",,,,,"TF",,"TF","TF",,,,,"TF",,"TF",,"TF",,,,,"TF",,"TF",,,,
"TF","Factor: E2F; motif: GGCGSG; match class: 1","TF:M00803_1","false","0.013655489492042467","1.8646927276089922","10535","79","61","20045","TF",,"TF","TF","TF","TF","TF",,"TF","TF","TF",,"TF","TF",,"TF","TF","TF","TF","TF",,"TF","TF","TF","TF","TF","TF","TF",,"TF","TF",,"TF","TF",,"TF","TF","TF","TF",,"TF","TF",,,"TF",,"TF",,"TF",,"TF","TF",,"TF",,"TF","TF","TF","TF","TF","TF",,"TF","TF","TF","TF","TF","TF","TF","TF","TF","TF","TF","TF","TF","TF","TF","TF",
"TF","Factor: MOVO-B; motif: GNGGGGG; match class: 1","TF:M01104_1","false","0.016897886023280802","1.7721676235430985","5843","79","42","20045","TF",,,"TF",,,"TF",,,"TF",,,"TF","TF",,"TF","TF","TF","TF",,,,,"TF","TF",,"TF",,,"TF","TF",,,"TF",,,"TF",,"TF",,,"TF","TF",,"TF",,"TF",,"TF",,"TF",,"TF","TF",,"TF","TF","TF","TF","TF","TF",,,"TF",,"TF","TF",,"TF","TF","TF","TF",,"TF",,"TF","TF",,
"TF","Factor: ZNF253; motif: SNGNSCGNGGNGCKGNN; match class: 1","TF:M13147_1","false","0.023203463086334315","1.6344471923916517","6820","79","46","20045","TF",,"TF",,"TF","TF","TF","TF",,"TF",,,,,,"TF",,"TF","TF","TF",,,"TF","TF","TF","TF","TF",,,"TF","TF",,,"TF",,"TF",,"TF",,,"TF","TF",,,"TF",,"TF",,"TF",,"TF","TF",,,,"TF","TF","TF","TF",,"TF",,"TF","TF","TF","TF","TF","TF","TF","TF","TF",,"TF",,,"TF","TF","TF",
"TF","Factor: RERE; motif: CNGCNSCNNGSRCRGSGSS; match class: 1","TF:M13129_1","false","0.025777898621698884","1.5887524886194344","6157","79","43","20045","TF",,"TF","TF",,"TF","TF",,,"TF",,,,"TF",,"TF",,"TF","TF",,,,"TF","TF",,"TF","TF",,,"TF","TF",,,"TF",,"TF",,,,,"TF","TF",,,,,"TF",,"TF",,"TF","TF",,,,"TF","TF","TF","TF",,"TF",,"TF",,"TF",,"TF","TF","TF","TF","TF","TF","TF","TF","TF","TF","TF","TF",
"TF","Factor: Churchill; motif: CGGGNN; match class: 1","TF:M00986_1","false","0.027086376423979566","1.5672490903647396","10709","79","61","20045","TF",,"TF","TF","TF","TF","TF",,,"TF","TF",,"TF","TF","TF","TF","TF","TF","TF","TF",,"TF","TF","TF","TF","TF","TF",,,"TF","TF",,"TF","TF",,"TF","TF",,"TF",,,"TF","TF","TF","TF",,"TF","TF","TF",,"TF",,"TF","TF","TF","TF","TF","TF","TF","TF","TF",,,"TF","TF","TF","TF","TF","TF","TF","TF","TF","TF","TF","TF","TF","TF","TF",
"TF","Factor: HIC1; motif: NSNNNNTGCCCSSNN; match class: 1","TF:M01072_1","false","0.03173889364374798","1.4984082159803374","915","79","14","20045","TF",,,,,,"TF",,,,,,"TF",,,,"TF",,,,,,,,,,,,,,,,,,,"TF",,,"TF",,,"TF",,,,,"TF",,,,"TF",,,,,,,,,,,,,,"TF",,"TF",,,,,,,,,"TF","TF","TF",
"TF","Factor: AP-2alpha; motif: NGCCYSNNGSN","TF:M01857","false","0.03947600042176365","1.4036668550588423","9435","79","56","20045","TF",,"TF",,"TF","TF","TF",,,"TF","TF",,"TF",,,"TF","TF","TF",,,,"TF","TF","TF","TF","TF","TF","TF",,"TF","TF",,"TF","TF",,"TF","TF","TF","TF",,"TF","TF",,"TF","TF",,"TF",,"TF",,"TF","TF","TF",,,"TF","TF","TF","TF","TF","TF",,"TF","TF","TF","TF","TF","TF",,"TF","TF","TF","TF","TF","TF","TF","TF","TF",
"MIRNA","hsa-miR-5006-3p","MIRNA:hsa-miR-5006-3p","false","0.0007614381641117469","3.118365359662752","255","64","9","14819",,,,,,,,,,,,,,,,,,,,"MIRNA","MIRNA",,,,,"MIRNA",,,,"MIRNA",,,,,,,,,"MIRNA",,,,,,,,,,,,,,"MIRNA",,,,,,,,,,,,,,,,,"MIRNA",,,,,,,,"MIRNA","MIRNA"
"MIRNA","hsa-miR-4755-5p","MIRNA:hsa-miR-4755-5p","false","0.0008123316470299383","3.0902666270774324","257","64","9","14819",,,,,,,,,,,,,,,,,,,,"MIRNA","MIRNA",,,,,"MIRNA",,,,"MIRNA",,,,,,,,,"MIRNA",,,,,,,,,,,,,,"MIRNA",,,,,,,,,,,,,,,,,"MIRNA",,,,,,,,"MIRNA","MIRNA"
"MIRNA","hsa-miR-623","MIRNA:hsa-miR-623","false","0.004274838676297093","2.369080270015564","237","64","8","14819",,,,,,,,,,,,,,,,,,,,"MIRNA","MIRNA",,,,,"MIRNA",,,,"MIRNA",,,,,,,,,"MIRNA",,,,,,,,,,,,,,"MIRNA",,,,,,,,,,,,,,,,,"MIRNA",,,,,,,,"MIRNA",
"MIRNA","hsa-miR-204-5p","MIRNA:hsa-miR-204-5p","false","0.031134318923199473","1.5067606302198076","405","64","9","14819",,,,,,,,,,,,,,,,,,,,"MIRNA",,,,,,"MIRNA",,,,"MIRNA",,,,,,,,,"MIRNA","MIRNA",,,,,,,,,,,,,"MIRNA",,,,,,,,,,,,,,,,,"MIRNA",,,,,,,,"MIRNA","MIRNA"
"MIRNA","hsa-miR-211-5p","MIRNA:hsa-miR-211-5p","false","0.043737904183055426","1.3591420311644338","328","64","8","14819",,,,,,,,,,,,,,,,,,,,"MIRNA",,,,,,"MIRNA",,,,"MIRNA",,,,,,,,,"MIRNA",,,,,,,,,,,,,,"MIRNA",,,,,,,,,,,,,,,,,"MIRNA",,,,,,,,"MIRNA","MIRNA"
"CORUM","KCNQ3-KCNQ5 complex","CORUM:6717","false","0.001119748733261385","2.950879420187496","2","9","2","3383",,,,,,,,,,,,,,,,,,,,,,,,,,,,,,,,,,,,,,,,,,,,,,,,,,,,,,,,"CORUM",,,,,,,,,,"CORUM",,,,,,,,,,,,,
"HP","Eyelid myoclonus","HP:0025097","false","0.0040855060718080335","2.3887541397237873","9","17","3","4958",,,,,,,,,,,,,,,,,,,,,,,,,,,,,,,,,,,,,,,,,,,"HP",,,,,,,,,,"HP",,,,,,,,,,,,,,,,,,,,,,,"HP",,,
"HP","Epileptic spasm","HP:0011097","false","0.043408185560930616","1.362428367060272","195","17","6","4958",,,,,,,,,,,,,,,,,,,,,,,,,,,,,,,,,,,,,,,,"HP",,,"HP",,,,,"HP","HP",,,,,,,,,,,,,,,,,"HP",,,,,"HP",,,,,,,,
