"source","term_name","term_id","highlighted","adjusted_p_value","negative_log10_of_adjusted_p_value","term_size","query_size","intersection_size","effective_domain_size","HTR2C","NXPH2","ROR1","LHFPL3","KCNIP1","QRFPR","SPON1","CARD11","PLPPR1","ZNF385D","GRIN3A","FAT1","ADAMTSL3","MMD2","PTGER3","SLC24A3","FGFR1","BCL11B","GRM4","GNA14","COL11A1","MCC","RANBP17","SDK1","TLL1","SORCS2","AFDN","PCP4","TLE4","GRIP1","CDH6","NR4A3","PCDH17","SEMA5B","LUZP2","VWC2L","PHLDB2","SPHKAP","CRYM","SEL1L3","ERC1","ASIC2","HS3ST4","PRR16","PLCE1","ASTN2","GHR","DIP2A","IRAG2","DGKD","TSHZ2","KLHL5","ITGA8","HPSE2","TRMT9B","TMEM132C","ABLIM3","DLC1","ZNF704","SEMA3E","ASAP2","CDH8","UST","FARP1","CDH11","DAB1","NCK2","PAPSS2","SLC24A2","TMTC2","SAMD4A","CLMP","ABLIM1","PDZRN4","CAMK2D","KIAA1217","OSBPL9","ALCAM","CORO6","MEIS2","ADCY2","SATB1","TOX","GRM8","NYAP2","MOB3B","KCNT2","PDE3B","DPP10","TSHZ3","CHN2","RALGPS2","MDGA2","GRM3","SLC1A2","OLFM3","SPOCK1","TRHDE","NLGN1","CAP2","EPHA7","MYRIP","DIP2B","DOCK4","GRIK3","XKR6","KIAA1671","BMPER","LRRTM3","LRP1B","CDH13","ZNF385B","PLXNA4","TMEM232","PARD3","ST8SIA1","CNTN4","SLC35F1","SH3RF3","EPHA5","ST6GAL2","GARNL3","NKAIN2","NELL1","FAM135B","GALNT14","CSMD2","AUTS2","STARD13","GPR158","CHSY3","SNTG1","CNTNAP2","CLSTN2","GRIA4","SGCZ","DCC"
"GO:MF","glutamate receptor activity","GO:0008066","true","0.000009203492147331299","5.036047353899174","27","131","6","20212",,,,,,,,,,,"IDA,ISS,IBA,IEA",,,,,,,,"IMP,IBA,IEA",,,,,,,,,,,,,,,,,,,,,,,,,,,,,,,,,,,,,,,,,,,,,,,,,,,,,,,,,,,,,,,,,"IMP,IBA,IEA",,,,,,,,,,"IBA,TAS,IEA",,,,,,,,,,,"IDA,ISS,IBA,TAS,IEA",,,,,,,,,,,,,,,,,,,,,,,,,,,,,,"IDA,ISS,IBA,IEA",,
"GO:MF","adenylate cyclase inhibiting G protein-coupled glutamate receptor activity","GO:0001640","false","0.0001089887547707692","3.962618309334065","9","131","4","20212",,,,,,,,,,,,,,,,,,,"IBA",,,,,,,,,,,,,,,,,,,,,,,,,,,,,,,,,,,,,,,,,,,,,,,,,,,,,,,,,,,,,,,,,"IBA",,,,,,,,,,"IBA,IEA",,,,,,,,,,,"IDA",,,,,,,,,,,,,,,,,,,,,,,,,,,,,,,,
"GO:MF","G protein-coupled glutamate receptor activity","GO:0098988","false","0.0001089887547707692","3.962618309334065","9","131","4","20212",,,,,,,,,,,,,,,,,,,"IBA",,,,,,,,,,,,,,,,,,,,,,,,,,,,,,,,,,,,,,,,,,,,,,,,,,,,,,,,,,,,,,,,,"IBA",,,,,,,,,,"IBA,IEA",,,,,,,,,,,"IDA",,,,,,,,,,,,,,,,,,,,,,,,,,,,,,,,
"GO:MF","calcium ion binding","GO:0005509","true","0.039010143884120524","1.4088224478434421","726","131","15","20212",,,,,"IDA,IBA,IEA",,,,,,,"IEA",,,,,,,,,,"IEA",,,"IEA",,,"IDA,IBA",,,"IBA,IEA",,"IEA",,,,,,,,,,,,,"IDA",,,,,,,,,,,,,,,,"IBA,IEA",,,"IBA,IEA",,,,,,,,,,,,,,,,,,,,,,,,,,,,,,,,"IDA,IEA",,,,,,,,,,,,,"IEA","IBA,IEA",,,,,,,,,,,,,"IEA",,,,,,,,,,"IEA",,,
"GO:BP","system development","GO:0048731","true","2.808648574931576e-8","7.551502597400715","3973","130","58","21031",,,"IBA,IEA",,,,,,"ISS",,"ISS,IEA","IEA",,"IDA",,,"IMP,TAS,IEA","IEA",,,"IEA",,,"ISS,IEA","TAS",,,"IMP",,"ISS",,,"IEA","IBA,IEA",,"IEA",,,,,,"TAS,IEA",,,"IMP","IBA,IEA","IEA","ISS,IEA",,,,,"IMP,IEA",,,,,"ISS",,"IDA,ISS,IBA,IEA",,,"IEA","ISS,IEA","ISS,TAS,IEA","IBA,IEA","IEA","IEA",,,,"IMP",,,,"ISS",,"ISS,IEA",,"IBA,IEA",,,"ISS,IEA",,"ISS,IBA,IEA",,,"IMP,IEA",,,,,"ISS,IBA",,"IEA","IEA","IDA,ISS,NAS",,"IDA,IMP,IGI,ISS,IBA,TAS,NAS,IEA",,"ISS,IBA,IEA",,"ISS,IEA",,,,,"IDA,IGI,IBA,IEA","IDA,IMP,IEA",,"IDA,IBA",,"ISS,IBA,IEA",,"ISS,TAS",,"IMP,ISS,IBA,TAS,IEA",,,"IEP,ISS,IBA,IEA",,,,"TAS",,,,"ISS","IMP,IGI","ISS,IEA",,,"IEP,ISS,TAS,NAS","IBA,IEA",,"IBA","IBA,TAS,IEA"
"GO:BP","nervous system development","GO:0007399","false","2.9015199178896822e-8","7.537374443813947","2531","130","45","21031",,,"IBA,IEA",,,,,,"ISS",,"ISS,IEA",,,"IDA",,,"IMP,TAS,IEA","IEA",,,,,,"ISS,IEA",,,,"IMP",,"ISS",,,"IEA","IBA,IEA",,"IEA",,,,,,"TAS,IEA",,,,"IBA,IEA",,"ISS,IEA",,,,,"IEA",,,,,"ISS",,"IDA,IBA,IEA",,,"IEA","ISS,IEA","IEA","IBA,IEA","IEA",,,,,,,,,,,"ISS,IEA",,"IBA",,,"ISS,IEA",,"ISS,IBA,IEA",,,,,,,,"ISS,IBA",,"IEA","IEA","IDA,ISS,NAS",,"IDA,IMP,IGI,ISS,IBA,TAS,NAS,IEA",,"ISS,IBA,IEA",,"ISS,IEA",,,,,,"IDA,IMP,IEA",,,,"ISS,IBA,IEA",,"ISS,TAS",,"IMP,ISS,IBA,TAS,IEA",,,"IEP,ISS,IBA,IEA",,,,"TAS",,,,"ISS",,"ISS,IEA",,,"IEP,ISS,TAS,NAS","IBA,IEA",,,"IBA,TAS,IEA"
"GO:BP","neuron projection development","GO:0031175","false","3.279907085317473e-8","7.484138459003401","1014","130","28","21031",,,"IBA",,,,,,,,"ISS,IEA",,,,,,"IEA","IEA",,,,,,"IEA",,,,,,"ISS",,,,"IBA,IEA",,,,,,,,,,,,,,"ISS",,,,,,,,,,,,"IBA",,,"IEA","ISS,IEA","IEA","IEA","IEA",,,,,,,,,,,"ISS,IEA",,,,,"ISS,IEA",,"ISS,IBA,IEA",,,,,,,,,,,,"IDA",,"IDA,IGI,ISS,NAS,IEA",,"IBA,IEA",,"ISS,IEA",,,,,,,,,,"ISS,IBA,IEA",,"TAS",,"ISS,IBA,TAS,IEA",,,"ISS,IBA",,,,,,,,"ISS",,,,,"ISS",,,,"IBA,TAS,IEA"
"GO:BP","generation of neurons","GO:0048699","false","4.350770729772797e-8","7.361433801887244","1514","130","34","21031",,,"IBA",,,,,,,,"ISS,IEA",,,"IDA",,,"IMP,TAS,IEA","IEA",,,,,,"IEA",,,,"IMP",,"ISS",,,,"IBA,IEA",,"IEA",,,,,,,,,,"IBA,IEA",,"ISS",,,,,,,,,,,,"IDA,IBA",,,"IEA","ISS,IEA","IEA","IBA,IEA","IEA",,,,,,,,,,,"ISS,IEA",,,,,"ISS,IEA",,"ISS,IBA,IEA",,,,,,,,"ISS",,,"IEA","IDA,ISS",,"IDA,IGI,ISS,NAS,IEA",,"IBA,IEA",,"ISS,IEA",,,,,,,,,,"ISS,IBA,IEA",,"TAS",,"IMP,ISS,IBA,TAS,IEA",,,"IEP,ISS,IBA",,,,,,,,"ISS",,,,,"ISS,NAS",,,,"IBA,TAS,IEA"
"GO:BP","neuron differentiation","GO:0030182","false","4.579364677338928e-8","7.339194770088896","1431","130","33","21031",,,"IBA",,,,,,,,"ISS,IEA",,,"IDA",,,"IMP,IEA","IEA",,,,,,"IEA",,,,"IMP",,"ISS",,,,"IBA,IEA",,"IEA",,,,,,,,,,,,"ISS",,,,,,,,,,,,"IDA,IBA",,,"IEA","ISS,IEA","IEA","IEA","IEA",,,,,,,,,,,"ISS,IEA",,,,,"ISS,IEA",,"ISS,IBA,IEA",,,,,,,,"ISS",,,"IEA","IDA,ISS",,"IDA,IGI,ISS,NAS,IEA",,"IBA,IEA",,"ISS,IEA",,,,,,,,,,"ISS,IBA,IEA",,"TAS",,"IMP,ISS,IBA,TAS,IEA",,,"IEP,ISS,IBA",,,,,,,,"ISS",,,,,"ISS,NAS",,,,"IBA,TAS,IEA"
"GO:BP","cell morphogenesis","GO:0000902","false","9.692645420779171e-8","7.013557674461255","986","130","27","21031",,,,,,,,,,,,"IEA",,,,,,"IEA",,,,,,,,,,,,"ISS","IBA",,,"IBA,IEA",,,,,,,,,,,,,,"ISS",,,,,,,,,,"IMP",,"IBA,IEA",,"IBA","IEA","ISS,IEA","IBA,IEA","IEA",,,,,,,,,,,,"ISS,IEA",,,,,,,"ISS,IBA,IEA",,,,,,,,,,,,,,"IGI,ISS,NAS,IEA","IBA","IBA,IEA",,"ISS,IEA",,,,,,,,"IBA",,"ISS,IBA,IEA",,"TAS",,"IBA,TAS,IEA",,,"ISS,IBA",,,,,,,,"ISS",,,,,"ISS",,,,"IBA,TAS,IEA"
"GO:BP","neuron development","GO:0048666","false","1.670210810132975e-7","6.777228709750985","1167","130","29","21031",,,"IBA",,,,,,,,"ISS,IEA",,,,,,"IEA","IEA",,,,,,"IEA",,,,,,"ISS",,,,"IBA,IEA",,,,,,,,,,,,,,"ISS",,,,,,,,,,,,"IDA,IBA",,,"IEA","ISS,IEA","IEA","IEA","IEA",,,,,,,,,,,"ISS,IEA",,,,,"ISS,IEA",,"ISS,IBA,IEA",,,,,,,,,,,"IEA","IDA",,"IDA,IGI,ISS,NAS,IEA",,"IBA,IEA",,"ISS,IEA",,,,,,,,,,"ISS,IBA,IEA",,"TAS",,"ISS,IBA,TAS,IEA",,,"IEP,ISS,IBA",,,,,,,,"ISS",,,,,"ISS,NAS",,,,"IBA,TAS,IEA"
"GO:BP","cell projection organization","GO:0030030","false","2.3961016229812343e-7","6.620494766681698","1613","130","34","21031",,,"IBA",,,,,,,,"ISS,IEA",,,,,,"IEA","IEA",,,,,,"IEA",,,,,,"ISS",,,,"IBA,IEA",,,,,,,,,,,"IMP",,,"ISS",,,,,"IEA",,,,"IMP,IBA",,,"IBA",,,"IEA","ISS,IEA","IEA","IEA","IEA",,,,,,"IMP,IBA",,,,,"ISS,IEA",,,,,"ISS,IEA",,"ISS,IBA,IEA",,,,,,,,,,,,"IDA",,"IDA,IGI,ISS,NAS,IEA",,"IBA,IEA",,"ISS,IEA",,,,,,,,"IDA",,"ISS,IBA,IEA","IEA","TAS",,"ISS,IBA,TAS,IEA",,,"ISS,IBA",,,,,,,,"ISS",,,,,"ISS",,,,"IBA,TAS,IEA"
"GO:BP","trans-synaptic signaling","GO:0099537","true","4.181779655657029e-7","6.378638854553586","756","130","23","21031","IBA,TAS",,,,,,,,,,"IBA,IEA",,,,,,,,"IBA,TAS",,,,,,,"IEA",,,,,,,"IEA",,,,,,,,"IBA","TAS",,,,,,,,,,,,,,,,,,,,"IBA,IEA",,"IEA","IEA",,,,"IBA,IEA",,,,,,,,,,,,,,,"IBA",,,,,,"ISS",,,,"IBA,TAS,IEA","TAS",,,,"IGI,ISS,IBA,NAS,IEA",,"IEA",,,,"ISS,IBA",,,,,,,,,,,,"TAS",,,,,,,,,,,,,"ISS,IEA",,,,"IBA,IEA","IBA",,"IEA"
"GO:BP","cell junction organization","GO:0034330","true","4.518153462018688e-7","6.345039022070809","759","130","23","21031",,,,,,,,,,,,,,,,,,,,,,,,"ISS",,,"IMP",,,,"IBA,IEA",,"IEA",,,,"IMP",,,,"IBA","IEA",,,,,,"ISS",,,,,,,,,,"IDA,ISS",,"ISS,IEA",,"IBA,IEA",,"ISS,IEA","IMP,IBA",,,,,,,,,,,,,,,,,,,,,,,,,,,,,,,,,,"IDA,IGI,ISS,IBA,TAS,NAS,IEA","IEA","IEA",,,,,,,,"IDA,IMP,IEA",,"IBA",,"IEA",,"ISS",,,,,,,,,,,,,,,"ISS,IEA",,,"IMP","IBA,IEA",,,
"GO:BP","cell communication","GO:0007154","false","5.273245976492942e-7","6.277921970041187","6537","130","75","21031","IDA,ISS,IBA,TAS,IEA","NAS","IMP,IBA,TAS,IEA",,,"IDA,IBA,IEA",,"IMP,ISS,IBA,IEA","IBA",,"IBA,IEA","TAS",,"IDA","IBA,TAS,IEA",,"IDA,IPI,IMP,IGI,IBA,TAS,IEA",,"IDA,IMP,IBA,TAS,IEA","IBA,TAS,IEA",,"IDA,IMP,IBA,TAS,IEA",,,,"NAS,IEA","TAS,IEA","IMP","IBA,IEA","NAS","IEA","IDA,ISS,IEA","IEA","IBA",,"IBA,IEA",,,,,"IDA,IBA","TAS,IEA",,,"IDA,IMP,IBA,NAS,IEA",,"IMP,ISS,IBA,IEA",,,"ISS,IBA,TAS,IEA",,,"IBA,IEA",,,,,"IMP,IBA,TAS,IEA",,"IDA,IGI,ISS,IBA,IEA",,"IBA,IEA",,"IEA","IEA","IEA","IBA,TAS,NAS,IEA",,"ISS,IBA,IEA",,,,,,"ISS,TAS,IC",,,"TAS",,,"ISS,IBA,IEA",,,"IDA,IMP,IBA,IEA","ISS,IBA","IMP,IBA",,"IMP,IBA,TAS,IEA",,"ISS","TAS,IEA","IBA,IEA",,"IBA,TAS,IEA","TAS,IEA","IBA",,"TAS","IGI,ISS,IBA,TAS,NAS,IEA","IBA,TAS","IDA,IBA,IEA","ISS",,"IEA","IDA,ISS,IBA,IEA",,,"IDA,IEA",,,"IDA,IMP","IDA","ISS,IBA,NAS,IEA",,"TAS",,"TAS",,"IMP,IBA,IEA","ISS,IBA,IEA",,"IEA",,,,,,"ISS","IBA,TAS,IEA","IDA,ISS,IEA",,"TAS","NAS","IBA,IEA","IBA,TAS,IEA",,"IEA"
"GO:BP","multicellular organism development","GO:0007275","false","5.350058821058926e-7","6.271641443115056","4643","130","61","21031",,,"IBA,IEA",,,,,"IEA","ISS",,"ISS,IEA","IEA",,"IDA",,,"IMP,TAS,IEA","IEA",,,"IEP,IEA",,,"ISS,IEA","IBA,TAS",,,"IMP",,"ISS",,"ISS","IEA","IBA,IEA",,"IEA","IMP,IGI",,,,,"TAS,IEA",,,"IMP","IBA,IEA","IEA","ISS,IEA",,,,,"IMP,IEP,IEA",,,,,"ISS",,"IDA,ISS,IBA,IEA",,,"IEA","ISS,IEA","ISS,TAS,IEA","IBA,IEA","IEA","IEA",,,,"IMP",,,,"ISS",,"ISS,IEA",,"ISS,IBA,IEA",,,"ISS,IEA",,"ISS,IBA,IEA",,,"IMP,IEA",,,,,"ISS,IBA",,"IEA","IEA","IDA,ISS,NAS",,"IDA,IMP,IGI,ISS,IBA,TAS,NAS,IEA",,"ISS,IBA,IEA",,"ISS,IEA",,,,,"IDA,IGI,IBA,IEA","IDA,IMP,IEA",,"IDA,IBA",,"ISS,IBA,IEA",,"ISS,TAS",,"IMP,ISS,IBA,TAS,IEA",,,"IEP,ISS,IBA,IEA",,,,"IDA,TAS",,,,"ISS","IMP,IGI","ISS,IEA",,,"IEP,ISS,TAS,NAS","IBA,IEA",,"IBA","IBA,TAS,IEA"
"GO:BP","synaptic signaling","GO:0099536","false","7.686198398093885e-7","6.114288409608158","780","130","23","21031","IBA,TAS",,,,,,,,,,"IBA,IEA",,,,,,,,"IBA,TAS",,,,,,,"IEA",,,,,,,"IEA",,,,,,,,"IBA","TAS",,,,,,,,,,,,,,,,,,,,"IBA,IEA",,"IEA","IEA",,,,"IBA,IEA",,,,,,,,,,,,,,,"IBA",,,,,,"ISS",,,,"IBA,TAS,IEA","TAS",,,,"IGI,ISS,IBA,NAS,IEA",,"IEA",,,,"ISS,IBA",,,,,,,,,,,,"TAS",,,,,,,,,,,,,"ISS,IEA",,,,"IBA,IEA","IBA",,"IEA"
"GO:BP","neuron projection morphogenesis","GO:0048812","false","0.000001089857245983535","5.9626303840243065","655","130","21","21031",,,,,,,,,,,,,,,,,,"IEA",,,,,,,,,,,,"ISS",,,,"IBA,IEA",,,,,,,,,,,,,,"ISS",,,,,,,,,,,,"IBA",,,"IEA","ISS,IEA","IEA","IEA",,,,,,,,,,,,"ISS,IEA",,,,,,,"ISS,IBA,IEA",,,,,,,,,,,,,,"IGI,ISS,NAS,IEA",,"IBA,IEA",,"ISS,IEA",,,,,,,,,,"ISS,IBA,IEA",,"TAS",,"IBA,TAS,IEA",,,"ISS,IBA",,,,,,,,"ISS",,,,,"ISS",,,,"IBA,TAS,IEA"
"GO:BP","plasma membrane bounded cell projection morphogenesis","GO:0120039","false","0.0000016811784818366427","5.774386177362421","671","130","21","21031",,,,,,,,,,,,,,,,,,"IEA",,,,,,,,,,,,"ISS",,,,"IBA,IEA",,,,,,,,,,,,,,"ISS",,,,,,,,,,,,"IBA",,,"IEA","ISS,IEA","IEA","IEA",,,,,,,,,,,,"ISS,IEA",,,,,,,"ISS,IBA,IEA",,,,,,,,,,,,,,"IGI,ISS,NAS,IEA",,"IBA,IEA",,"ISS,IEA",,,,,,,,,,"ISS,IBA,IEA",,"TAS",,"IBA,TAS,IEA",,,"ISS,IBA",,,,,,,,"ISS",,,,,"ISS",,,,"IBA,TAS,IEA"
"GO:BP","neurogenesis","GO:0022008","false","0.0000018168236702004023","5.740687220614358","1742","130","34","21031",,,"IBA,IEA",,,,,,,,"ISS,IEA",,,"IDA",,,"IMP,TAS,IEA","IEA",,,,,,"IEA",,,,"IMP",,"ISS",,,,"IBA,IEA",,"IEA",,,,,,,,,,"IBA,IEA",,"ISS",,,,,,,,,,,,"IDA,IBA",,,"IEA","ISS,IEA","IEA","IBA,IEA","IEA",,,,,,,,,,,"ISS,IEA",,,,,"ISS,IEA",,"ISS,IBA,IEA",,,,,,,,"ISS",,,"IEA","IDA,ISS",,"IDA,IGI,ISS,NAS,IEA",,"IBA,IEA",,"ISS,IEA",,,,,,,,,,"ISS,IBA,IEA",,"ISS,TAS",,"IMP,ISS,IBA,TAS,IEA",,,"IEP,ISS,IBA",,,,,,,,"ISS",,,,,"ISS,NAS",,,,"IBA,TAS,IEA"
"GO:BP","cell projection morphogenesis","GO:0048858","false","0.0000019201178785800675","5.716672108564476","676","130","21","21031",,,,,,,,,,,,,,,,,,"IEA",,,,,,,,,,,,"ISS",,,,"IBA,IEA",,,,,,,,,,,,,,"ISS",,,,,,,,,,,,"IBA",,,"IEA","ISS,IEA","IEA","IEA",,,,,,,,,,,,"ISS,IEA",,,,,,,"ISS,IBA,IEA",,,,,,,,,,,,,,"IGI,ISS,NAS,IEA",,"IBA,IEA",,"ISS,IEA",,,,,,,,,,"ISS,IBA,IEA",,"TAS",,"IBA,TAS,IEA",,,"ISS,IBA",,,,,,,,"ISS",,,,,"ISS",,,,"IBA,TAS,IEA"
"GO:BP","chemical synaptic transmission","GO:0007268","false","0.000002133445032123561","5.6709185421896935","750","130","22","21031","IBA,TAS",,,,,,,,,,"IBA,IEA",,,,,,,,"IBA,TAS",,,,,,,"IEA",,,,,,,"IEA",,,,,,,,"IBA","TAS",,,,,,,,,,,,,,,,,,,,"IBA,IEA",,,"IEA",,,,"IBA,IEA",,,,,,,,,,,,,,,"IBA",,,,,,"ISS",,,,"IBA,TAS,IEA","TAS",,,,"IGI,ISS,IBA,NAS,IEA",,"IEA",,,,"ISS,IBA",,,,,,,,,,,,"TAS",,,,,,,,,,,,,"ISS,IEA",,,,"IBA,IEA","IBA",,"IEA"
"GO:BP","anterograde trans-synaptic signaling","GO:0098916","false","0.000002133445032123561","5.6709185421896935","750","130","22","21031","IBA,TAS",,,,,,,,,,"IBA,IEA",,,,,,,,"IBA,TAS",,,,,,,"IEA",,,,,,,"IEA",,,,,,,,"IBA","TAS",,,,,,,,,,,,,,,,,,,,"IBA,IEA",,,"IEA",,,,"IBA,IEA",,,,,,,,,,,,,,,"IBA",,,,,,"ISS",,,,"IBA,TAS,IEA","TAS",,,,"IGI,ISS,IBA,NAS,IEA",,"IEA",,,,"ISS,IBA",,,,,,,,,,,,"TAS",,,,,,,,,,,,,"ISS,IEA",,,,"IBA,IEA","IBA",,"IEA"
"GO:BP","plasma membrane bounded cell projection organization","GO:0120036","false","0.0000022260563521510385","5.652463845788163","1570","130","32","21031",,,"IBA",,,,,,,,"ISS,IEA",,,,,,"IEA","IEA",,,,,,"IEA",,,,,,"ISS",,,,"IBA,IEA",,,,,,,,,,,"IMP",,,"ISS",,,,,,,,,"IMP,IBA",,,"IBA",,,"IEA","ISS,IEA","IEA","IEA","IEA",,,,,,"IMP,IBA",,,,,"ISS,IEA",,,,,"ISS,IEA",,"ISS,IBA,IEA",,,,,,,,,,,,"IDA",,"IDA,IGI,ISS,NAS,IEA",,"IBA,IEA",,"ISS,IEA",,,,,,,,"IDA",,"ISS,IBA,IEA",,"TAS",,"ISS,IBA,TAS,IEA",,,"ISS,IBA",,,,,,,,"ISS",,,,,"ISS",,,,"IBA,TAS,IEA"
"GO:BP","modulation of chemical synaptic transmission","GO:0050804","false","0.0000023965327552189684","5.6204166308017","489","130","18","21031",,,,,,,,,,,"IBA,IEA",,,,,,,,"IBA",,,,,,,"IEA",,,,,,,"IEA",,,,,,,,"IBA",,,,,,,,,,,,,,,,,,,,,,,,"IEA",,,,"IBA,IEA",,,,,,,,,,,,,,,"IBA",,,,,,"ISS",,,,"IBA,IEA",,,,,"IGI,ISS,IBA,NAS,IEA",,"IEA",,,,"ISS,IBA",,,,,,,,,,,,"TAS",,,,,,,,,,,,,"ISS,IEA",,,,"IBA,IEA","IBA",,"IEA"
"GO:BP","signaling","GO:0023052","false","0.00000240309583376556","5.619228909493369","6447","130","73","21031","IDA,ISS,IBA,TAS,IEA","NAS","IMP,IBA,TAS,IEA",,,"IDA,IBA,IEA",,"IMP,ISS,IBA,IEA","IBA",,"IBA,IEA","TAS",,"IDA","IBA,TAS,IEA",,"IDA,IPI,IMP,IGI,IBA,TAS,IEA",,"IDA,IMP,IBA,TAS,IEA","IBA,TAS,IEA",,"IDA,IMP,IBA,TAS,IEA",,,,"NAS,IEA","TAS,IEA","IMP","IBA,IEA","NAS","IEA","IDA,ISS,IEA","IEA","IBA",,"IBA,IEA",,,,,"IDA,IBA","TAS,IEA",,,"IDA,IMP,IBA,NAS,IEA",,"IMP,ISS,IBA,IEA",,,"ISS,IBA,TAS,IEA",,,"IBA,IEA",,,,,"IMP,IBA,TAS,IEA",,"IDA,IGI,ISS,IBA,IEA",,"IBA,IEA",,"IEA","IEA","IEA","IBA,TAS,NAS,IEA",,"ISS,IBA,IEA",,,,,,"TAS,IC",,,"TAS",,,"ISS,IBA,IEA",,,"IDA,IMP,IBA,IEA","ISS,IBA","IMP,IBA",,"IMP,IBA,TAS,IEA",,"ISS","TAS,IEA","IBA,IEA",,"IBA,TAS,IEA","TAS","IBA",,"TAS","IGI,ISS,IBA,TAS,NAS,IEA","IBA,TAS","IDA,IBA,IEA","ISS",,"IEA","IDA,ISS,IBA,IEA",,,"IDA,IEA",,,"IDA,IMP","IDA","ISS,IBA,NAS,IEA",,"TAS",,"TAS",,"IMP,IBA,IEA","ISS,IBA,IEA",,"IEA",,,,,,"ISS","IBA,TAS,IEA","IDA,ISS,IEA",,,,"IBA,IEA","IBA,TAS,IEA",,"IEA"
"GO:BP","regulation of trans-synaptic signaling","GO:0099177","false","0.000002475189292337804","5.6063915823974","490","130","18","21031",,,,,,,,,,,"IBA,IEA",,,,,,,,"IBA",,,,,,,"IEA",,,,,,,"IEA",,,,,,,,"IBA",,,,,,,,,,,,,,,,,,,,,,,,"IEA",,,,"IBA,IEA",,,,,,,,,,,,,,,"IBA",,,,,,"ISS",,,,"IBA,IEA",,,,,"IGI,ISS,IBA,NAS,IEA",,"IEA",,,,"ISS,IBA",,,,,,,,,,,,"TAS",,,,,,,,,,,,,"ISS,IEA",,,,"IBA,IEA","IBA",,"IEA"
"GO:BP","cell junction assembly","GO:0034329","false","0.00000468868262859898","5.328949163147893","449","130","17","21031",,,,,,,,,,,,,,,,,,,,,,,,"ISS",,,"IMP",,,,"IBA",,"IEA",,,,"IMP",,,,,"IEA",,,,,,,,,,,,,,,,"IDA,ISS",,,,"IBA",,"ISS,IEA","IMP,IBA",,,,,,,,,,,,,,,,,,,,,,,,,,,,,,,,,,"IDA,ISS,IBA,TAS,NAS,IEA",,"IEA",,,,,,,,"IDA,IMP,IEA",,"IBA",,,,"ISS",,,,,,,,,,,,,,,,,,"IMP","IBA,IEA",,,
"GO:BP","cellular anatomical entity morphogenesis","GO:0032989","false","0.000004943674000633743","5.305950175539355","785","130","22","21031",,,,,,,,,,,,,,,,,,"IEA",,,,,,,,,,,,"ISS",,,,"IBA,IEA",,,"IMP,IGI",,,,,,,,,,,"ISS",,,,,,,,,,,,"IBA",,,"IEA","ISS,IEA","IEA","IEA",,,,,,,,,,,,"ISS,IEA",,,,,,,"ISS,IBA,IEA",,,,,,,,,,,,,,"IGI,ISS,NAS,IEA",,"IBA,IEA",,"ISS,IEA",,,,,,,,,,"ISS,IBA,IEA",,"TAS",,"IBA,TAS,IEA",,,"ISS,IBA",,,,,,,,"ISS",,,,,"ISS",,,,"IBA,TAS,IEA"
"GO:BP","anatomical structure development","GO:0048856","false","0.000007900815551568667","5.102328076903866","5899","130","68","21031",,,"ISS,IBA,IEA",,,,,"IEA","ISS",,"ISS,IEA","TAS,IEA",,"IDA",,"ISS,IEA","IMP,TAS,IEA","IEA",,,"IEP,IEA",,,"ISS,IEA","IBA,TAS",,"IMP","IMP",,"ISS","IBA","ISS,IEA","IEA","IBA,IEA",,"IEA","IMP,IGI",,,,,"TAS,IEA",,,"IMP","IBA,IEA","IEA","ISS,IEA",,,,,"IMP,IEP,IEA",,,,,"IMP,ISS",,"IDA,ISS,IBA,IEA",,"IBA","IEA","ISS,IEA","ISS,IBA,TAS,IEA","IBA,IEA","IEA","IEA",,,,"IMP","TAS",,,"ISS",,"ISS,IEA",,"ISS,IBA,IEA",,,"IMP,ISS,IBA,IEA",,"ISS,IBA,IEA",,,"IMP,IEA",,,,,"ISS,IBA",,"IEA","IEA","IDA,ISS,NAS",,"IDA,IMP,IGI,ISS,IBA,TAS,NAS,IEA","IBA","ISS,IBA,IEA",,"ISS,IEA",,,"IBA",,"IDA,IGI,IBA,IEA","IDA,IMP,IEA",,"IDA,IBA",,"ISS,IBA,IEA",,"ISS,TAS",,"IMP,ISS,IBA,TAS,IEA",,,"IEP,ISS,IBA,IEA",,,,"IDA,TAS",,,,"ISS","IMP,IGI","ISS,IEA",,,"IEP,ISS,TAS,NAS","IBA,IEA",,"IBA,TAS","IBA,TAS,IEA"
"GO:BP","cell-cell signaling","GO:0007267","false","0.000016382111781234385","4.785630115040702","1704","130","32","21031","ISS,IBA,TAS,IEA",,"IEA",,,,,,,,"IBA,IEA","TAS",,,,,"IEA",,"IBA,TAS",,,"IDA,IMP,IBA,IEA",,,,"IEA","TAS",,"IBA,IEA",,,,"IEA",,,,,,,,"IBA","TAS",,,,,,,,,,,,,,,,,,,,"IBA,IEA",,"IEA","IEA",,,,"IBA,IEA",,,,,,,,,,,,,,,"IBA",,,,,,"ISS",,,,"IBA,TAS,IEA","TAS",,,"TAS","IGI,ISS,IBA,NAS,IEA",,"IEA","ISS",,,"ISS,IBA",,,,,,,,,,,,"TAS",,,"ISS",,,,,,,,,,"ISS,IEA",,,,"IBA,IEA","IBA",,"IEA"
"GO:BP","anatomical structure morphogenesis","GO:0009653","false","0.00003087482955266607","4.510395431288258","2684","130","41","21031",,,,,,,,,,,,"TAS,IEA",,,,,"TAS,IEA","IEA",,,"IEP,IEA",,,"ISS",,,,,,"ISS","IBA","ISS",,"IBA,IEA",,,"IMP,IGI",,,,,,,,,"IEA","IEA","ISS",,,,,"IEP,IEA",,,,,"IMP,ISS",,"ISS,IBA,IEA",,"IBA","IEA","ISS,IEA","ISS,IBA,IEA","IEA",,,,,,,"TAS",,,,,"ISS,IEA",,"IBA",,,,,"ISS,IBA,IEA",,,"IMP,IEA",,,,,,,,"IEA",,,"IGI,ISS,NAS,IEA","IBA","ISS,IBA,IEA",,"ISS,IEA",,,,,"IDA,IGI,IBA",,,"IDA,IBA",,"ISS,IBA,IEA",,"TAS",,"IBA,TAS,IEA",,,"ISS,IBA",,,,,,,,"ISS","IMP,IGI",,,,"ISS",,,,"IBA,TAS,IEA"
"GO:BP","synaptic transmission, glutamatergic","GO:0035249","false","0.00005283703567135753","4.277061555699538","111","130","9","21031",,,,,,,,,,,"IBA",,,,,,,,"IBA",,,,,,,,,,,,,,,,,,,,,,,,,,,,,,,,,,,,,,,,,,,"IBA,IEA",,,,,,,,,,,,,,,,,,,,,,"IBA",,,,,,"ISS",,,,"IBA",,,,,"ISS,NAS",,,,,,"ISS,IBA",,,,,,,,,,,,,,,,,,,,,,,,,,,,,,"IBA",,
"GO:BP","cell morphogenesis involved in neuron differentiation","GO:0048667","false","0.00005291906593405417","4.276387830079134","597","130","18","21031",,,,,,,,,,,,,,,,,,"IEA",,,,,,,,,,,,,,,,"IBA,IEA",,,,,,,,,,,,,,"ISS",,,,,,,,,,,,"IBA",,,"IEA","ISS,IEA","IEA","IEA",,,,,,,,,,,,"ISS,IEA",,,,,,,,,,,,,,,,,,,,,"IGI,IEA",,"IBA,IEA",,"ISS,IEA",,,,,,,,,,"ISS,IBA,IEA",,"TAS",,"IBA,TAS,IEA",,,"ISS,IBA",,,,,,,,"ISS",,,,,,,,,"IBA,TAS,IEA"
"GO:BP","developmental process","GO:0032502","false","0.00005653395725971981","4.247690613763151","6453","130","70","21031","IEA",,"ISS,IBA,IEA",,,,,"IEA","ISS",,"ISS,IEA","TAS,IEA",,"IDA",,"ISS,IEA","IMP,IBA,TAS,IEA","IEA",,,"IEP,IEA",,,"ISS,IEA","IBA,TAS,IEA",,"IMP","IMP",,"ISS","IBA","ISS,IEA","IEA","IBA,IEA",,"IEA","IMP,IGI",,,,,"TAS,IEA",,,"IMP","IBA,IEA","IMP,ISS,IEA","ISS,IEA",,,,,"IMP,IEP,IEA",,,,,"IMP,ISS",,"IDA,ISS,IBA,IEA",,"IBA","IEA","ISS,IEA","ISS,IBA,TAS,IEA","IBA,IEA","IEA","IEA",,,,"IMP","TAS",,,"ISS",,"ISS,IEA",,"ISS,IBA,IEA",,,"IMP,ISS,IBA,IEA",,"ISS,IBA,IEA",,,"IMP,IEA",,,,,"ISS,IBA",,"IEA","IEA","IDA,ISS,NAS",,"IDA,IMP,IGI,ISS,IBA,TAS,NAS,IEA","IBA","ISS,IBA,IEA",,"ISS,IEA",,,"IBA",,"IDA,IGI,IBA,IEA","IDA,IMP,IEA",,"IDA,IBA",,"ISS,IBA,IEA","ISS,IEA","ISS,TAS,IEA",,"IMP,ISS,IBA,TAS,IEA",,,"IEP,ISS,IBA,IEA",,,,"IDA,IBA,TAS,IEA",,,,"ISS","IMP,IGI","ISS,IEA",,,"IEP,ISS,TAS,NAS","IBA,IEA",,"IBA,TAS","IBA,TAS,IEA"
"GO:BP","cell adhesion","GO:0007155","true","0.00006076474907578047","4.216348291148847","1512","130","29","21031",,,,,,,"IBA,IEA","IDA,IEA",,,,"ISS,IBA,TAS,IEA",,,,,,,,,,,,"ISS,IEA",,,"IMP,ISS,TAS,IEA",,,,"IBA,TAS,IEA","IMP","IBA,IEA",,,,"IMP",,,,,,,,,"IBA",,,,,,,"IMP,IBA,NAS,IEA",,,,,"IDA,ISS",,"ISS,IEA",,"IBA,TAS,IEA",,,"IMP,IBA,TAS,IEA","IEA","IMP",,,,,,,,,,,"IMP,ISS,IBA,TAS,IEA",,,,,,,,,,"IMP,IC",,,,,,,,,"IDA,NAS",,"ISS,IBA,TAS,NAS,IEA",,"ISS,IEA",,,,,,,,,,"IDA,IMP,IBA,IEA",,"IBA",,"IBA",,"IBA,TAS,IEA",,,,,,,,,,,,,,,,"IEA","IEA",,,"IBA"
"GO:BP","synapse organization","GO:0050808","false","0.00009718670091967873","4.0123931600979645","485","130","16","21031",,,,,,,,,,,,,,,,,,,,,,,,"ISS",,,,,,,"IEA",,"IEA",,,,,,,,"IBA","IEA",,,,,,"ISS",,,,,,,,,,,,"ISS,IEA",,"IEA",,"ISS,IEA",,,,,,,,,,,,,,,,,,,,,,,,,,,,,,,,,,,"IDA,IGI,ISS,IBA,TAS,NAS,IEA","IEA","IEA",,,,,,,,"IDA,IMP,IEA",,,,"IEA",,,,,,,,,,,,,,,,,"ISS,IEA",,,,"IBA,IEA",,,
"GO:BP","adenylate cyclase-inhibiting G protein-coupled glutamate receptor signaling pathway","GO:0007196","true","0.00030618375628266124","3.5140178532978896","9","130","4","21031",,,,,,,,,,,,,,,,,,,"IMP",,,,,,,,,,,,,,,,,,,,,,,,,,,,,,,,,,,,,,,,,,,,,,,,,,,,,,,,,,,,,,,,,"IMP",,,,,,,,,,"IEA",,,,,,,,,,,"IEA",,,,,,,,,,,,,,,,,,,,,,,,,,,,,,,,
"GO:BP","cell-cell adhesion via plasma-membrane adhesion molecules","GO:0098742","false","0.00031263631203114873","3.504960581022888","280","130","12","21031",,,,,,,,,,,,"IEA",,,,,,,,,,,,"ISS",,,,,,,"IBA,IEA",,"IEA",,,,,,,,,,,,,,,,,,,,,,,,,,,,,"IBA,IEA",,,"IBA,IEA","IEA",,,,,,,,,,,,"IMP",,,,,,,,,,,,,,,,,,,,,"ISS,NAS,IEA",,,,,,,,,,,,"IDA,IBA,IEA",,,,,,"IBA",,,,,,,,,,,,,,,,,"IEA",,,
"GO:BP","axonogenesis","GO:0007409","false","0.0003577126464761764","3.4464657056499366","466","130","15","21031",,,,,,,,,,,,,,,,,,"IEA",,,,,,,,,,,,,,,,"IBA,IEA",,,,,,,,,,,,,,,,,,,,,,,,,,"IBA",,,"IEA",,"IEA","IEA",,,,,,,,,,,,"ISS,IEA",,,,,,,,,,,,,,,,,,,,,,,"IBA,IEA",,"ISS,IEA",,,,,,,,,,"ISS,IBA,IEA",,"TAS",,"IBA,TAS,IEA",,,"ISS,IBA",,,,,,,,"ISS",,,,,,,,,"IBA,TAS,IEA"
"GO:BP","regulation of cell communication","GO:0010646","false","0.0005214855710870372","3.2827577035058506","3443","130","45","21031","IDA,ISS,IEA",,"IMP,IBA",,,,,"IMP,ISS,IBA,IEA",,,"IBA,IEA",,,"IDA",,,"IDA,IMP,IGI,TAS,IEA",,"IDA,IBA",,,"IDA,IMP,IBA",,,,"IEA",,,"IBA",,,,"IEA",,,"IBA,IEA",,,,,"IBA",,,,,,"ISS,IBA,IEA",,,"ISS,TAS,IEA",,,"IEA",,,,,"IMP,IBA,TAS",,"IDA",,,,,"IEA","IEA","IBA,NAS,IEA",,"IBA,IEA",,,,,,"ISS,IC",,,,,,,,,"IBA",,"IMP",,"IMP,IBA,TAS",,"ISS","TAS,IEA",,,"IBA,IEA",,,,,"IGI,ISS,IBA,NAS,IEA",,"IDA,IEA","ISS",,,"ISS,IBA",,,"IDA,IEA",,,"IDA,IMP",,,,,,"TAS",,"IMP,IBA,IEA","ISS",,"IEA",,,,,,"ISS","IBA,TAS","IDA,ISS,IEA",,,,"IBA,IEA","IBA",,"IEA"
"GO:BP","glutamate receptor signaling pathway","GO:0007215","false","0.0011277829594674906","2.9477744717845056","50","130","6","21031",,,,,,,,,,,"IBA,IEA",,,,,,,,"IMP,IBA",,,,,,,,,,,,,,,,,,,,,,,,,,,,,,,,,,,,,,,,,,,,,,,,,,,,,,,,,,,,,,,,,"IMP,IBA",,,,,,,,,,"IBA,IEA",,,,,,,,,,,"IDA,IEA",,,,,,,,,,,,,,,,,,,,,,,,,,,,,,"TAS,IEA",,
"GO:BP","multicellular organismal process","GO:0032501","false","0.0011574125111006187","2.9365118274221054","7669","130","75","21031","ISS,TAS,IEA",,"IMP,IBA,IEA","IBA",,,,"IDA,IMP,IEA","ISS",,"ISS,IEA","IEA",,"IDA","ISS,IBA","ISS,NAS,IEA","IDA,IMP,IGI,TAS,IEA","IEA",,,"IMP,IEP,IEA","IMP",,"ISS,IEA","IBA,TAS",,,"IMP",,"ISS",,"ISS,IEA","IEA","IBA,IEA",,"IEA","IMP,IGI",,"IMP",,,"IMP,TAS,IEA",,,"IMP","IBA,IEA","IMP,ISS,IEA","ISS,IEA",,"TAS,IEA",,,"IMP,IEP,IEA",,,,,"ISS",,"IDA,ISS,IBA,IEA",,,"IEA","ISS,IEA","ISS,TAS,NAS,IEA","IBA,IEA","IMP,NAS,IEA","IEA","IEA",,,"IMP","TAS",,"IDA,IMP,ISS,TAS,IC","ISS",,"ISS,IEA",,"ISS,IBA,IEA",,,"IMP,ISS,IEA","TAS","ISS,IBA,IEA",,,"IMP,IEA",,"ISS",,,"ISS,IBA",,"ISS,NAS,IEA","IEA","IDA,ISS,NAS",,"IDA,IMP,IGI,ISS,IBA,TAS,NAS,IEA",,"ISS,IBA,IEA",,"ISS,IEA","IMP",,,,"IDA,IGI,IBA,IEA","IDA,IMP,IEA",,"IDA,IBA",,"ISS,IBA,IEA","ISS,IEA","ISS,TAS",,"IMP,ISS,IBA,TAS,IEA",,,"IEP,ISS,IBA,IEA",,,,"IDA,IBA,TAS",,,,"ISS","IMP,IGI","ISS,IEA",,,"IMP,IEP,ISS,TAS,NAS,IEA","IBA,IEA",,"IBA","IBA,TAS,IEA"
"GO:BP","regulation of signaling","GO:0023051","false","0.001362825714167097","2.865559680640174","3437","130","44","21031","IDA,ISS,IEA",,"IMP,IBA",,,,,"IMP,ISS,IBA,IEA",,,"IBA,IEA",,,"IDA",,,"IDA,IMP,IGI,TAS,IEA",,"IDA,IBA",,,"IDA,IMP,IBA",,,,"IEA",,,"IBA",,,,"IEA",,,"IBA,IEA",,,,,"IBA",,,,,,"ISS,IBA,IEA",,,"ISS,TAS,IEA",,,"IEA",,,,,"IMP,IBA,TAS",,"IDA",,,,,"IEA","IEA","IBA,NAS,IEA",,"IBA,IEA",,,,,,,,,,,,,,,"IBA",,"IMP",,"IMP,IBA,TAS",,"ISS","TAS,IEA",,,"IBA,IEA",,,,,"IGI,ISS,IBA,NAS,IEA",,"IDA,IEA","ISS",,,"ISS,IBA",,,"IDA,IEA",,,"IDA,IMP",,,,,,"TAS",,"IMP,IBA,IEA","ISS",,"IEA",,,,,,"ISS","IBA,TAS","IDA,ISS,IEA",,,,"IBA,IEA","IBA",,"IEA"
"GO:BP","regulation of biological quality","GO:0065008","false","0.0013995631347014472","2.8540075056051033","2846","130","39","21031","ISS,IEA",,,,,,,,,,"IEA",,,,"IBA",,"IEA",,,"IBA",,,,,,"IEA",,,,"IBA",,,,"IBA",,,,,"IMP,IBA,IEA",,"IBA","IEA",,"IDA,IBA,IEA",,,"IMP",,,"TAS,IEA",,,,,,,,"IMP",,"IBA,IEA",,"IEA",,"IEA",,,"IMP","IMP,IEA","IBA,IEA",,"IBA,IEA",,,,"IDA,ISS,TAS,IC",,,,,,,,,,,,,,,"ISS",,,,,,,,,"IDA,IGI,ISS,IEA",,"IEA","ISS","ISS,IEA","IMP","IDA,ISS,IEA","IBA",,,"IDA,IMP,IEA",,,,"IBA,IEA",,,,"TAS",,,"ISS",,,,,,,,,,"ISS,IEA",,,,"IBA,IEA","IEA",,"TAS"
"GO:BP","signal transduction","GO:0007165","false","0.0015704330675331507","2.803980568670416","5959","130","63","21031","IDA,ISS,IBA,IEA","NAS","IMP,IBA,TAS,IEA",,,"IDA,IBA,IEA",,"IMP,ISS,IBA,IEA","IBA",,"IBA,IEA",,,"IDA","IBA,TAS,IEA",,"IDA,IPI,IMP,IGI,IBA,TAS,IEA",,"IDA,IMP,IBA,IEA","IBA,TAS,IEA",,"IDA,IMP,IBA,TAS,IEA",,,,"NAS","TAS,IEA","IMP","IBA,IEA","NAS","IEA","IDA,ISS,IEA",,"IBA",,"IBA,IEA",,,,,"IDA","IEA",,,"IDA,IMP,IBA,NAS,IEA",,"IMP,ISS,IBA,IEA",,,"ISS,IBA,TAS,IEA",,,"IBA,IEA",,,,,"IMP,IBA,TAS,IEA",,"IDA,IGI,ISS,IBA,IEA",,,,"IEA",,"IEA","IBA,TAS,NAS,IEA",,"ISS",,,,,,"TAS,IC",,,"TAS",,,"ISS,IBA,IEA",,,"IDA,IMP,IBA,IEA","ISS,IBA","IMP,IBA",,"IMP,IBA,TAS,IEA",,,"TAS,IEA","IBA,IEA",,"IBA,IEA",,"IBA",,"TAS","IGI,ISS,TAS,IEA","IBA,TAS","IDA,IBA,IEA",,,"IEA","IDA,IEA",,,"IDA,IEA",,,"IDA,IMP","IDA","ISS,IBA,NAS,IEA",,"TAS",,,,"IMP,IBA,IEA","ISS,IBA,IEA",,"IEA",,,,,,"ISS","IBA,TAS,IEA","IDA,IEA",,,,,"TAS,IEA",,
"GO:BP","axon development","GO:0061564","false","0.0016936281027769356","2.771181948576452","527","130","15","21031",,,,,,,,,,,,,,,,,,"IEA",,,,,,,,,,,,,,,,"IBA,IEA",,,,,,,,,,,,,,,,,,,,,,,,,,"IBA",,,"IEA",,"IEA","IEA",,,,,,,,,,,,"ISS,IEA",,,,,,,,,,,,,,,,,,,,,,,"IBA,IEA",,"ISS,IEA",,,,,,,,,,"ISS,IBA,IEA",,"TAS",,"IBA,TAS,IEA",,,"ISS,IBA",,,,,,,,"ISS",,,,,,,,,"IBA,TAS,IEA"
"GO:BP","homophilic cell adhesion via plasma membrane adhesion molecules","GO:0007156","false","0.0018381336601344979","2.7356229120204554","168","130","9","21031",,,,,,,,,,,,"IEA",,,,,,,,,,,,"ISS",,,,,,,"IEA",,"IEA",,,,,,,,,,,,,,,,,,,,,,,,,,,,,"IEA",,,"IEA",,,,,,,,,,,,,,,,,,,,,,,,,,,,,,,,,,,,,,,,,,,,,,"IDA,IBA,IEA",,,,,,"IBA",,,,,,,,,,,,,,,,,"IEA",,,
"GO:BP","G protein-coupled glutamate receptor signaling pathway","GO:0007216","false","0.0023747769093668907","2.6243771824945457","14","130","4","21031",,,,,,,,,,,,,,,,,,,"IMP,IBA",,,,,,,,,,,,,,,,,,,,,,,,,,,,,,,,,,,,,,,,,,,,,,,,,,,,,,,,,,,,,,,,,"IMP,IBA",,,,,,,,,,"IBA,IEA",,,,,,,,,,,"IDA,IEA",,,,,,,,,,,,,,,,,,,,,,,,,,,,,,,,
"GO:BP","cell-cell adhesion","GO:0098609","false","0.002580522807669553","2.588292298112627","946","130","20","21031",,,,,,,,"IDA,IEA",,,,"ISS,IBA,IEA",,,,,,,,,,,,"ISS",,,"IMP,ISS",,,,"IBA,IEA","IMP","IEA",,,,,,,,,,,,,"IBA",,,,,,,"IBA,NAS",,,,,,,,,"IBA,IEA",,,"IBA,IEA","IEA","IMP",,,,,,,,,,,"IMP",,,,,,,,,,,,,,,,,,,,,"ISS,IBA,TAS,NAS,IEA",,"ISS,IEA",,,,,,,,,,"IDA,IBA,IEA",,,,,,"IBA,TAS",,,,,,,,,,,,,,,,,"IEA",,,"IBA"
"GO:BP","intracellular signaling cassette","GO:0141124","true","0.00464312927397058","2.3331892245417727","1861","130","29","21031","IDA,IEA",,"IMP,IBA",,,,,"IMP,ISS,IBA,IEA",,,,,,"IDA",,,"IDA,IMP,IGI,TAS,IEA",,"IDA",,,,,,,,,,,,,,,,,,,,,,"IDA",,,,"IDA,NAS,IEA",,"ISS",,,,,,,,,,,"IMP,IBA,TAS",,"IDA",,,,"IEA",,"IEA",,,,,,,,,"TAS,IC",,,,,,"ISS",,,,"ISS,IBA",,,"IMP,IBA,TAS",,,"TAS,IEA","IBA,IEA",,,,,,,,"IBA","IDA",,,"IEA",,,,"IDA,IEA",,,"IDA,IMP",,,,,,,,"IMP,IBA","ISS",,"IEA",,,,,,"ISS","IBA,TAS",,,,,,,,
"GO:BP","negative regulation of neuron projection development","GO:0010977","false","0.005414547446928503","2.2664378362713564","143","130","8","21031",,,,,,,,,,,,,,,,,,,,,,,,,,,,,,,,,,"IBA",,,,,,,,,,,,,,,,,,,,,,,,,,"IBA",,,,,,"IEA",,,,,,,,,,,,,,,,,,,,,,,,,,,,,,,"IDA",,"IGI,IEA",,"IEA",,"ISS,IEA",,,,,,,,,,,,,,,,,,,,,,,,,,,,,,,,,,"TAS"
"GO:BP","biological regulation","GO:0065007","false","0.005619795456823225","2.2502794911194743","12680","130","103","21031","IDA,IMP,ISS,IBA,TAS,IEA","NAS","IMP,IBA,TAS,IEA",,"IDA,IBA","IDA,IBA,IEA","IEA","IDA,IMP,ISS,IBA,IEA","IBA",,"ISS,IBA,IEA","TAS",,"IDA","ISS,IBA,TAS,IEA","ISS,IEA","IDA,IPI,IMP,IGI,IBA,TAS,IEA","IMP,IBA,IEA","IDA,IMP,IBA,TAS,IEA","IBA,TAS,IEA",,"IDA,IMP,IBA,TAS,IEA",,"IEA",,"NAS,IEA","IMP,IBA,TAS,IEA","IMP","ISS,IBA,IEA","ISS,IBA,NAS","IEA","IDA,IMP,IGI,ISS,IBA,IEA","IEA","IBA",,"IBA,IEA","IMP,IGI,IBA",,"IMP,IBA,IEA",,"IDA,IBA","TAS,IEA",,"IDA,IBA,IEA","IDA,IMP,IBA,NAS,IEA","IEA","IMP,ISS,IBA,IEA","IDA,ISS",,"IMP,ISS,IBA,TAS,IEA","IBA,IEA",,"IBA,IEA","IEA",,,"HMP,IEA","IDA,IMP,IBA,TAS,IEA","IBA,IEA","IDA,IGI,ISS,IBA,IEA","IEA","IBA,IEA","IEA","IEA","IMP,IEA","IEA","IDA,IMP,IBA,TAS,NAS,IEA","IMP,IEA","ISS,IBA,IEA",,"IDA,IBA,IEA",,,,"IDA,IMP,ISS,TAS,NAS,IC",,,"TAS",,"IDA,ISS,IBA,TAS,IEA","ISS,IBA,IEA","IDA,IMP,IBA","ISS,IBA,IEA","IDA,IMP,IBA,IEA","ISS,IBA","IMP,IBA",,"IMP,IBA,TAS,IC,IEA","IDA,ISS,IBA","IDA,ISS,IBA,IEA","TAS,IEA","IBA,IEA",,"IBA,TAS,IEA","TAS,IEA","IBA","IDA,NAS","TAS","IDA,IGI,ISS,IBA,TAS,NAS,IEA","IBA,TAS","IDA,ISS,IBA,IEA","ISS","ISS,IEA","IMP,IEA","IDA,ISS,IBA,IEA","IBA",,"IDA,IGI,IBA,IEA","IDA,IMP,IEA",,"IDA,IMP","IDA","ISS,IBA,NAS,IEA",,"ISS,TAS","IEA","IMP,TAS",,"IMP,IBA,IEA","ISS,IBA,IEA",,"IEA","IBA,IEA","IDA,IBA",,,,"IDA,ISS","IMP,IGI,IBA,TAS,IEA","IDA,ISS,IEA",,,"IMP,IEA","IBA,IEA","IGI,IBA,TAS,IEA",,"TAS,IEA"
"GO:BP","intracellular signal transduction","GO:0035556","false","0.00626828214702661","2.202851463361881","2668","130","36","21031","IDA,IEA",,"IMP,IBA",,,,,"IMP,ISS,IBA,IEA",,,,,,"IDA",,,"IDA,IMP,IGI,TAS,IEA",,"IDA",,,,,,,,,,,"NAS",,"ISS",,,,,,,,,"IDA",,,,"IDA,IBA,NAS,IEA",,"ISS",,,"ISS,IBA,IEA",,,,,,,,"IMP,IBA,TAS",,"IDA",,,,"IEA",,"IEA","IBA,IEA",,,,,,,,"TAS,IC",,,,,,"ISS,IEA",,,,"ISS,IBA","IMP",,"IMP,IBA,TAS",,,"TAS,IEA","IBA,IEA",,,,,,,"ISS","IBA","IDA",,,"IEA",,,,"IDA,IEA",,,"IDA,IMP","IDA",,,,,,,"IMP,IBA","ISS",,"IEA",,,,,,"ISS","IBA,TAS",,,,,,,,
"GO:BP","negative regulation of axonogenesis","GO:0050771","false","0.0064999275155160135","2.187091486401289","67","130","6","21031",,,,,,,,,,,,,,,,,,,,,,,,,,,,,,,,,,"IBA",,,,,,,,,,,,,,,,,,,,,,,,,,"IBA",,,,,,"IEA",,,,,,,,,,,,,,,,,,,,,,,,,,,,,,,,,,,"IEA",,"ISS,IEA",,,,,,,,,,,,,,,,,,,,,,,,,,,,,,,,,,"TAS"
"GO:BP","regulation of cell projection organization","GO:0031344","false","0.006632046353669119","2.1783524470126134","667","130","16","21031",,,"IBA",,,,,,,,,,,,,,"IEA",,,,,,,,,,,,,"ISS",,,,"IBA",,,,,,,,,,,"IMP",,,,,,,,,,,,,,,"IBA",,,"IEA",,,"IEA",,,,,,,,,,,,,,,,,"ISS,IEA",,,,,,,,,,,,,,"IDA",,"IGI,ISS,NAS,IEA",,"IEA",,"ISS,IEA",,,,,,,,,,"IBA",,,,,,,,,,,,,,,"ISS",,,,,,,,,"TAS"
"GO:BP","lamellipodium assembly","GO:0030032","false","0.009141780715929663","2.0389692003518616","71","130","6","21031",,,,,,,,,,,,,,,,,,,,,,,,,,,,,,,,,,,,,,,,,,,,,"IMP",,,,,,,,,,,,"IMP,IBA",,,,,,,,,,"IEA",,,,,,"IMP,IBA",,,,,,,,,,,,,,,,,,,,,,,,,,,,,,,,,,,,,,"IDA",,,,,,,,,,,,,,,,,"ISS",,,,,,,,,
"GO:BP","regulation of neuron projection development","GO:0010975","false","0.009449649670265004","2.0245842919236474","457","130","13","21031",,,"IBA",,,,,,,,,,,,,,"IEA",,,,,,,,,,,,,,,,,"IBA",,,,,,,,,,,,,,,,,,,,,,,,,,"IBA",,,"IEA",,,"IEA",,,,,,,,,,,,,,,,,"ISS,IEA",,,,,,,,,,,,,,"IDA",,"IGI,NAS,IEA",,"IEA",,"ISS,IEA",,,,,,,,,,"IBA",,,,,,,,,,,,,,,,,,,,,,,,"TAS"
"GO:BP","central nervous system development","GO:0007417","false","0.01002802546253265","1.9987845719791395","1035","130","20","21031",,,"IEA",,,,,,,,,,,,,,"IEA","IEA",,,,,,,,,,,,,,,,,,,,,,,,"TAS",,,,,,,,,,,,,,,,"ISS",,"IDA",,,,,"IEA","IBA,IEA",,,,,,,,,,,,,,"IBA",,,"ISS,IEA",,,,,,,,,,"ISS",,"IEA",,"ISS",,,,"ISS,IEA",,,,,,,,,,,,"ISS,IEA",,,,"ISS,IEA",,,"ISS",,,,,,,,,,"ISS,IEA",,,"IEP,TAS",,,,"IEA"
"GO:BP","regulation of axonogenesis","GO:0050770","false","0.011348046481036161","1.945078894023861","158","130","8","21031",,,,,,,,,,,,,,,,,,,,,,,,,,,,,,,,,,"IBA",,,,,,,,,,,,,,,,,,,,,,,,,,"IBA",,,"IEA",,,"IEA",,,,,,,,,,,,,,,,,,,,,,,,,,,,,,,,,,,"IEA",,"ISS,IEA",,,,,,,,,,"IBA",,,,,,,,,,,,,,,,,,,,,,,,"TAS"
"GO:BP","regulation of cellular process","GO:0050794","false","0.011893812897166813","1.9246788977155993","11738","130","97","21031","IDA,IMP,ISS,IBA,IEA","NAS","IMP,IBA,TAS,IEA",,"IDA,IBA","IDA,IBA,IEA","IEA","IDA,IMP,ISS,IBA,IEA","IBA",,"IBA,IEA",,,"IDA","IBA,TAS,IEA","ISS,IEA","IDA,IPI,IMP,IGI,IBA,TAS,IEA","IMP,IBA,IEA","IDA,IMP,IBA,TAS,IEA","IBA,TAS,IEA",,"IDA,IMP,IBA,TAS,IEA",,,,"NAS,IEA","IMP,IBA,TAS,IEA","IMP","ISS,IBA,IEA","ISS,NAS","IEA","IDA,IMP,IGI,ISS,IBA,IEA","IEA","IBA",,"IBA,IEA","IMP,IGI,IBA",,"IMP",,"IDA,IBA","IEA",,"IDA,IBA","IDA,IMP,IBA,NAS,IEA","IEA","IMP,ISS,IBA,IEA","IDA",,"IMP,ISS,IBA,TAS,IEA","IBA,IEA",,"IBA,IEA","IEA",,,"HMP,IEA","IDA,IMP,IBA,TAS,IEA","IBA,IEA","IDA,IGI,ISS,IBA,IEA",,"IEA","IEA","IEA","IMP,IEA","IEA","IDA,IMP,IBA,TAS,NAS,IEA",,"ISS,IBA,IEA",,"IDA,IBA,IEA",,,,"IDA,IMP,ISS,TAS,NAS,IC",,,"TAS",,"IDA,ISS,IBA,TAS,IEA","ISS,IBA,IEA","IDA,IMP,IBA","ISS,IBA,IEA","IDA,IMP,IBA,IEA","ISS,IBA","IMP,IBA",,"IMP,IBA,TAS,IC,IEA","IDA,ISS,IBA","IDA,ISS,IBA,IEA","TAS,IEA","IBA,IEA",,"IBA,IEA","IEA","IBA","IDA,NAS","TAS","IDA,IGI,ISS,IBA,TAS,NAS,IEA","IBA,TAS","IDA,ISS,IBA,IEA","ISS","ISS,IEA","IMP,IEA","IDA,ISS,IBA,IEA",,,"IDA,IEA","IDA,IMP,IEA",,"IDA,IMP","IDA","ISS,IBA,NAS,IEA",,"ISS,TAS","IEA","IMP,TAS",,"IMP,IBA,IEA","ISS,IBA,IEA",,"IEA",,"IDA,IBA",,,,"IDA,ISS","IMP,IGI,IBA,TAS,IEA","IDA,ISS,IEA",,,"IMP","IBA,IEA","IGI,IBA,TAS,IEA",,"TAS,IEA"
"GO:BP","regulation of cell junction assembly","GO:1901888","false","0.01196607777698814","1.9220481786620325","211","130","9","21031",,,,,,,,,,,,,,,,,,,,,,,,,,,,,,,,,,,,,"IMP",,,,,"IEA",,,,,,,,,,,,,,,,"IDA",,,,,,"IEA",,,,,,,,,,,,,,,,,,,,,,,,,,,,,,,,,,,"IDA,ISS,IEA",,"IEA",,,,,,,,"IDA,IMP,IEA",,,,,,,,,,,,,,,,,,,,,,,,"IMP","IBA,IEA",,,
"GO:BP","regulation of biological process","GO:0050789","false","0.01241857806353763","1.9059281283552698","12287","130","100","21031","IDA,IMP,ISS,IBA,TAS,IEA","NAS","IMP,IBA,TAS,IEA",,"IDA,IBA","IDA,IBA,IEA","IEA","IDA,IMP,ISS,IBA,IEA","IBA",,"ISS,IBA,IEA","TAS",,"IDA","ISS,IBA,TAS,IEA","ISS,IEA","IDA,IPI,IMP,IGI,IBA,TAS,IEA","IMP,IBA,IEA","IDA,IMP,IBA,TAS,IEA","IBA,TAS,IEA",,"IDA,IMP,IBA,TAS,IEA",,"IEA",,"NAS,IEA","IMP,IBA,TAS,IEA","IMP","ISS,IBA,IEA","ISS,NAS","IEA","IDA,IMP,IGI,ISS,IBA,IEA","IEA","IBA",,"IBA,IEA","IMP,IGI,IBA",,"IMP",,"IDA,IBA","TAS,IEA",,"IDA,IBA","IDA,IMP,IBA,NAS,IEA","IEA","IMP,ISS,IBA,IEA","IDA,ISS",,"IMP,ISS,IBA,TAS,IEA","IBA,IEA",,"IBA,IEA","IEA",,,"HMP,IEA","IDA,IMP,IBA,TAS,IEA","IBA,IEA","IDA,IGI,ISS,IBA,IEA",,"IBA,IEA","IEA","IEA","IMP,IEA","IEA","IDA,IMP,IBA,TAS,NAS,IEA",,"ISS,IBA,IEA",,"IDA,IBA,IEA",,,,"IDA,IMP,ISS,TAS,NAS,IC",,,"TAS",,"IDA,ISS,IBA,TAS,IEA","ISS,IBA,IEA","IDA,IMP,IBA","ISS,IBA,IEA","IDA,IMP,IBA,IEA","ISS,IBA","IMP,IBA",,"IMP,IBA,TAS,IC,IEA","IDA,ISS,IBA","IDA,ISS,IBA,IEA","TAS,IEA","IBA,IEA",,"IBA,TAS,IEA","TAS,IEA","IBA","IDA,NAS","TAS","IDA,IGI,ISS,IBA,TAS,NAS,IEA","IBA,TAS","IDA,ISS,IBA,IEA","ISS","ISS,IEA","IMP,IEA","IDA,ISS,IBA,IEA",,,"IDA,IGI,IBA,IEA","IDA,IMP,IEA",,"IDA,IMP","IDA","ISS,IBA,NAS,IEA",,"ISS,TAS","IEA","IMP,TAS",,"IMP,IBA,IEA","ISS,IBA,IEA",,"IEA","IBA,IEA","IDA,IBA",,,,"IDA,ISS","IMP,IGI,IBA,TAS,IEA","IDA,ISS,IEA",,,"IMP,IEA","IBA,IEA","IGI,IBA,TAS,IEA",,"TAS,IEA"
"GO:BP","regulation of synaptic transmission, glutamatergic","GO:0051966","false","0.01704085006881944","1.7685087446051613","79","130","6","21031",,,,,,,,,,,,,,,,,,,"IBA",,,,,,,,,,,,,,,,,,,,,,,,,,,,,,,,,,,,,,,,,,,,,,,,,,,,,,,,,,,,,,,,,"IBA",,,,,,"ISS",,,,"IBA",,,,,"ISS,NAS",,,,,,"ISS",,,,,,,,,,,,,,,,,,,,,,,,,,,,,,,,
"GO:BP","calcium-dependent cell-cell adhesion via plasma membrane cell adhesion molecules","GO:0016339","false","0.020638217094749212","1.685327823486531","48","130","5","21031",,,,,,,,,,,,,,,,,,,,,,,,,,,,,,,"IBA",,,,,,,,,,,,,,,,,,,,,,,,,,,,,,,"IBA",,,"IBA",,,,,,,,,,,,,,,,,,,,,,,,,,,,,,,,,,"ISS,NAS,IEA",,,,,,,,,,,,"IDA,IBA",,,,,,,,,,,,,,,,,,,,,,,,,,
"GO:BP","cell-cell adhesion mediated by cadherin","GO:0044331","false","0.020638217094749212","1.685327823486531","48","130","5","21031",,,,,,,,,,,,,,,,,,,,,,,,,,,"IMP,ISS",,,,"IBA",,,,,,,,,,,,,,,,,,,,,,,,,,,,,,,"IBA",,,"IBA",,,,,,,,,,,,,,,,,,,,,,,,,,,,,,,,,,,,,,,,,,,,,,"IBA",,,,,,,,,,,,,,,,,,,,,,,,,,
"GO:BP","regulation of plasma membrane bounded cell projection organization","GO:0120035","false","0.022375892708353683","1.6502196290588416","652","130","15","21031",,,"IBA",,,,,,,,,,,,,,"IEA",,,,,,,,,,,,,,,,,"IBA",,,,,,,,,,,"IMP",,,,,,,,,,,,,,,"IBA",,,"IEA",,,"IEA",,,,,,,,,,,,,,,,,"ISS,IEA",,,,,,,,,,,,,,"IDA",,"IGI,ISS,NAS,IEA",,"IEA",,"ISS,IEA",,,,,,,,,,"IBA",,,,,,,,,,,,,,,"ISS",,,,,,,,,"TAS"
"GO:BP","central nervous system neuron differentiation","GO:0021953","false","0.030601549895002727","1.5142565769889689","181","130","8","21031",,,,,,,,,,,,,,,,,,"IEA",,,,,,,,,,,,,,,,,,,,,,,,,,,,,,,,,,,,,,,,,,"IDA",,,,,"IEA",,,,,,,,,,,,,,,,,,"ISS,IEA",,,,,,,,,,"ISS",,,,"ISS",,,,,,,,,,,,,,,,"IEA",,,,,,,,,,,,,,,,,,,,,,,,"IEA"
"GO:BP","lamellipodium organization","GO:0097581","false","0.03611133606999943","1.442356442974617","90","130","6","21031",,,,,,,,,,,,,,,,,,,,,,,,,,,,,,,,,,,,,,,,,,,,,"IMP",,,,,,,,,,,,"IMP,IBA",,,,,,,,,,"IEA",,,,,,"IMP,IBA",,,,,,,,,,,,,,,,,,,,,,,,,,,,,,,,,,,,,,"IDA",,,,,,,,,,,,,,,,,"ISS",,,,,,,,,
"GO:BP","presynapse organization","GO:0099172","false","0.03700359022774378","1.4317561370017904","54","130","5","21031",,,,,,,,,,,,,,,,,,,,,,,,,,,,,,,,,"IEA",,,,,,,,,,,,,,,,,,,,,,,,,,,,,,,"IEA",,,,,,,,,,,,,,,,,,,,,,,,,,,,,,,,,,,"ISS,IBA,TAS,IEA","IEA",,,,,,,,,"IDA,IMP",,,,,,,,,,,,,,,,,,,,,,,,,,,,
"GO:BP","axon guidance","GO:0007411","false","0.04481018525556107","1.348623260610465","249","130","9","21031",,,,,,,,,,,,,,,,,,"IEA",,,,,,,,,,,,,,,,"IBA",,,,,,,,,,,,,,,,,,,,,,,,,,"IBA",,,,,,,,,,,,,,,,,,"ISS,IEA",,,,,,,,,,,,,,,,,,,,,,,"IBA,IEA",,,,,,,,,,,,"ISS,IBA,IEA",,,,"IBA,TAS,IEA",,,"ISS,IBA",,,,,,,,,,,,,,,,,"IBA,IEA"
"GO:BP","neuron projection guidance","GO:0097485","false","0.04481018525556107","1.348623260610465","249","130","9","21031",,,,,,,,,,,,,,,,,,"IEA",,,,,,,,,,,,,,,,"IBA,IEA",,,,,,,,,,,,,,,,,,,,,,,,,,"IBA",,,,,,,,,,,,,,,,,,"ISS,IEA",,,,,,,,,,,,,,,,,,,,,,,"IBA,IEA",,,,,,,,,,,,"ISS,IBA,IEA",,,,"IBA,TAS,IEA",,,"ISS,IBA",,,,,,,,,,,,,,,,,"IBA,IEA"
"GO:BP","negative regulation of cell projection organization","GO:0031345","false","0.04678406161540666","1.3299020770846397","192","130","8","21031",,,,,,,,,,,,,,,,,,,,,,,,,,,,,,,,,,"IBA",,,,,,,,,,,,,,,,,,,,,,,,,,"IBA",,,,,,"IEA",,,,,,,,,,,,,,,,,,,,,,,,,,,,,,,"IDA",,"IGI,IEA",,"IEA",,"ISS,IEA",,,,,,,,,,,,,,,,,,,,,,,,,,,,,,,,,,"TAS"
"GO:CC","synapse","GO:0045202","true","1.4695693379243396e-13","12.832809918017697","1468","130","39","22097","IEA",,"ISS,IEA",,,,,,,,"IDA,IBA,IEA",,,,,,,,"IEA",,,,,"ISS,IEA",,"IEA",,,,"IEA","IEA",,"IEA",,,"IEA",,,,,"ISS,IBA,TAS,IEA","IEA",,,,,,"ISS,IEA",,,,,"IEA",,,,"IEA",,,,,"IBA,IEA",,"IEA","IEA",,"IEA",,,,"IEA",,,,,,,,,,,,,,,,,,,,"IDA",,,"IEA","IDA,IEA","IEA","ISS,NAS",,"ISS,IBA,TAS,NAS,IEA","IEA","IEA","IEA",,,"ISS,IBA,IEA",,,,"IDA,IMP,IEA",,"IEA",,"IEA",,,,,"IDA,IEA",,,,,,,,,,,,"ISS,IEA",,,"IEA","IBA,IEA","ISS,IBA,IEA",,"IEA"
"GO:CC","cell periphery","GO:0071944","false","6.631412953550575e-13","12.178393926715632","6228","130","80","22097","IDA,IMP,TAS,IEA",,"IDA,TAS","IBA","IDA,IBA,TAS,IEA","TAS,IEA","HDA,ISS,IBA","IDA,TAS,IEA","ISS,IEA",,"IDA,IBA,IEA","IDA,TAS,IEA","IBA",,"IDA,IBA,TAS,IEA","IDA,ISS,RCA,TAS,IEA","IDA,TAS,IEA",,"IDA,TAS,IEA","IBA,TAS","IDA,HDA,IBA,NAS,IEA","IDA,IEA",,"TAS,IEA",,"IEA","IDA",,,"ISS,TAS,IEA","IDA,IBA,TAS,IEA",,"IEA",,,"IBA,IEA","IDA,IBA",,,,"IBA,TAS,IEA","TAS,IEA",,,"IDA,TAS,IEA","IEA","IDA,IBA,TAS,IEA","IEA","TAS","IDA,TAS,IEA",,,"IDA,IBA,TAS,IEA","IDA,IBA,TAS",,,,"IDA",,,"IDA,IEA","IDA,IBA,TAS,IEA",,"ISS,IEA","IBA,TAS,IEA",,,,"IDA,RCA,TAS,IEA",,,"IEA",,,"IEA",,,"IDA,ISS,IBA,IEA",,,"IDA,ISS,TAS,IEA",,,"TAS,IEA",,,"IDA,IBA,IEA",,"IPI,ISS,IBA,IEA","IDA",,"IBA,IEA","TAS,IEA","TAS,IEA","IDA,IMP,IBA,TAS,IEA","IEA",,"TAS","IMP,ISS,TAS,NAS,IEA","IEA","IDA,TAS,IEA","IBA,IEA",,"IDA,IBA,IEA","IDA,IBA,TAS,IEA","ISS,IBA,IEA",,"IBA","IBA,IEA","IBA","IDA,HDA,IBA,TAS,IEA",,"TAS,IEA",,"IDA,IBA,TAS,IEA",,"IBA,TAS,NAS,IEA",,,"IDA,TAS,IEA",,,"IEA",,,,"IEA",,,"IDA,ISS,IEA",,"IDA,IBA,TAS","IDA,NAS,IEA","IBA,IEA","ISS,IBA,TAS,IEA","IBA,TAS,IEA","IBA,TAS,IEA"
"GO:CC","neuron projection","GO:0043005","false","1.665293025979485e-12","11.778509336710844","1334","130","36","22097","IBA",,"ISS,IEA",,"IEA",,,,"ISS,IEA",,"IDA",,,,,,,"IEA",,,,,,,,"IEA",,,,"ISS,IEA",,,,,,,,,,,,"IEA",,,,,,"ISS,IEA",,,,,"IEA",,,,,,,,,"IBA,IEA",,"ISS,IEA",,,,,,,"IEA",,,,"IBA",,,"ISS,IEA",,,"ISS",,,,,,,,,"IEA",,,,"ISS,IEA","IEA",,"ISS",,"ISS",,"IBA","IEA","ISS,IEA","ISS,IEA","ISS",,,,,,"IDA",,,,"ISS",,"IBA,NAS",,,"IDA,ISS,IBA,IEA",,,,,,,,"ISS,IEA",,,,,"IDA,ISS,NAS,IEA","IEA","ISS,IBA,IEA",,"IBA,IEA"
"GO:CC","cell junction","GO:0030054","false","2.191019311377448e-12","11.659353794603739","2230","130","46","22097","IEA",,"ISS,IEA",,,,,,,,"IDA,IBA,IEA","IDA,HDA,IEA",,,,,,,"IEA",,,,,"ISS,IEA",,"IEA","IDA,IBA,TAS,IEA",,,"IEA","IDA,IBA,IEA",,"IEA",,,"IEA","IDA",,,,"ISS,IBA,TAS,IEA","IEA",,,,,,"ISS,IEA",,,,,"HDA,IEA",,,,"IEA","IDA,IBA,IEA",,,,"IBA,IEA",,"IEA","IBA,IEA",,"IEA",,,,"IDA,IEA","IDA,IEA",,,,,,"HDA",,,,,,,,,,,,,"IDA",,,"IEA","IDA,IEA","IEA","ISS,NAS",,"ISS,IBA,TAS,NAS,IEA","IEA","IEA","IEA",,,"ISS,IBA,IEA",,,,"IDA,IMP,IEA",,"HDA,IBA,IEA",,"IEA",,"IDA,ISS,IBA,TAS,NAS,IEA",,,"IDA,IEA",,,,,,,,,,,,"ISS,IEA",,,"IEA","IBA,IEA","ISS,IBA,IEA",,"IEA"
"GO:CC","plasma membrane bounded cell projection","GO:0120025","false","2.2965993475421213e-11","10.638914762893085","2277","130","45","22097","IBA",,"ISS,IEA",,"IEA",,,,"ISS,IEA",,"IDA","IEA",,,,,,"IEA",,,,"IEA",,,,"IEA",,,,"ISS,IEA",,,,,,,,,,,"IDA","IEA",,,"IDA,IEA",,,"ISS,IEA",,,,,"IEA",,,,"IDA","IDA",,,,"IBA,IEA",,"ISS,IEA",,,,,,,"IEA",,"IDA",,"IBA",,,"ISS,IEA",,,"ISS",,,,,,,,,"IEA",,,,"ISS,IEA","ISS,IEA",,"ISS",,"ISS",,"IBA","IEA","ISS,IEA","ISS,IEA","ISS",,,,,,"IDA",,,"IEA","ISS",,"IBA,NAS",,,"IDA,ISS,IBA,IEA",,,,,,,,"ISS,IEA",,,,"IDA","IDA,ISS,NAS,IEA","IEA","ISS,IBA,IEA",,"IBA,IEA"
"GO:CC","plasma membrane","GO:0005886","false","2.3316593200321703e-11","10.632334904272595","5742","130","74","22097","IDA,IMP,TAS,IEA",,"IDA,TAS","IBA","IDA,IBA,TAS,IEA","TAS,IEA",,"IDA,TAS,IEA","ISS,IEA",,"IDA,IBA,IEA","IDA,TAS,IEA",,,"IDA,IBA,TAS,IEA","IDA,RCA,TAS,IEA","IDA,TAS,IEA",,"IDA,TAS,IEA","IBA,TAS",,"IDA,IEA",,"TAS,IEA",,"IEA","IDA",,,"ISS,TAS,IEA","IDA,IBA,TAS,IEA",,"IEA",,,"IBA,IEA","IDA",,,,"TAS,IEA","TAS,IEA",,,"IDA,TAS,IEA",,"IDA,IBA,TAS,IEA","IEA","TAS","IDA,TAS,IEA",,,"IDA,IBA,TAS,IEA","TAS",,,,"IDA",,,"IDA,IEA","IDA,IBA,TAS,IEA",,"ISS,IEA","IBA,TAS,IEA",,,,"IDA,RCA,TAS,IEA",,,"IEA",,,"IEA",,,"IDA,ISS,IBA,IEA",,,"IDA,ISS,TAS,IEA",,,"TAS,IEA",,,"IDA,IBA,IEA",,"IPI,ISS,IBA,IEA","IDA",,"IBA,IEA","TAS,IEA","TAS,IEA","IDA,IMP,IBA,TAS,IEA","IEA",,"TAS","IMP,ISS,TAS,NAS,IEA","IEA","IDA,TAS,IEA",,,"IDA,IBA,IEA","IDA,IBA,TAS,IEA","ISS,IBA,IEA",,,"IEA","IBA","IDA,IBA,TAS,IEA",,"TAS,IEA",,"IDA,IBA,TAS,IEA",,"IBA,TAS,NAS,IEA",,,"IDA,TAS,IEA",,,"IEA",,,,"IEA",,,"IDA,ISS,IEA",,"IDA,IBA,TAS","IDA,NAS,IEA","IBA,IEA","ISS,IBA,TAS,IEA","IBA,TAS,IEA","IBA,TAS,IEA"
"GO:CC","cell projection","GO:0042995","false","2.7862112120955256e-11","10.554985964448047","2389","130","46","22097","IBA",,"ISS,IEA",,"IEA",,,,"ISS,IEA",,"IDA","IEA",,,,,,"IEA",,,,"IEA",,,,"IEA",,,,"ISS,IEA",,,,,,,,,,,"IDA,IEA","IEA",,,"IDA,IEA",,,"ISS,IEA",,,,,"IEA",,,,"IDA","IDA",,,,"IBA,IEA",,"ISS,IEA",,,,,,,"IEA",,"IDA",,"IBA",,,"ISS,IEA",,,"ISS",,,,,,,,,"IEA",,,,"ISS,IEA","ISS,IEA",,"ISS",,"ISS",,"IBA","IEA","ISS,IEA","ISS,IEA","ISS",,,,,,"IDA",,,"IEA","ISS",,"IBA,NAS",,,"IDA,ISS,IBA,IEA",,,,,,,,"ISS,IEA",,"IEA",,"IDA","IDA,ISS,NAS,IEA","IEA","ISS,IBA,IEA",,"IBA,IEA"
"GO:CC","synaptic membrane","GO:0097060","false","7.405450144988165e-9","8.130448537474624","399","130","18","22097",,,,,,,,,,,"IBA,IEA",,,,,,,,,,,,,,,"IEA",,,,"IEA",,,"IEA",,,,,,,,"TAS,IEA",,,,,,,,,,,,"IEA",,,,,,,,,"IEA",,"IEA",,,,,,,,,,,,,,,,,,,,,,,,,,,,,,"IEA","IDA",,,,"ISS,TAS,IEA",,,,,,"IBA,IEA",,,,"IEA",,,,,,,,,,,,,,,,,,,,,"ISS,IEA",,,"IEA","IBA,IEA","IBA,IEA",,"IEA"
"GO:CC","membrane","GO:0016020","false","1.3193260848618846e-8","7.879647850887537","9864","130","95","22097","IDA,IMP,TAS,IEA",,"IDA,TAS,IEA","IBA,IEA","IDA,IBA,TAS,IEA","TAS,IC,IEA",,"IDA,TAS,IEA","ISS,IEA",,"IDA,IBA,TAS,NAS,IEA","IDA,TAS,IEA",,"IDA,IEA","IDA,IBA,TAS,NAS,IEA","IDA,RCA,TAS,IEA","IDA,TAS,NAS,IEA",,"IDA,TAS,IEA","IBA,TAS,IEA",,"IDA,IEA",,"TAS,IEA","IEA","NAS,IEA","IDA,IMP",,,"ISS,TAS,IEA","IDA,IBA,TAS,IEA",,"IEA","IEA",,"IBA,IEA","IDA,IEA",,,"IEA","TAS,IEA","TAS,IEA","IEA",,"IDA,TAS,IEA","IEA","IDA,IBA,TAS,IEA","IDA,IEA","HDA,ISS,IBA,TAS,IEA","IDA,TAS,IEA",,,"IDA,IBA,TAS,IEA","TAS,IEA",,"IEA",,"IDA,IBA,IEA",,,"IDA,IEA","IDA,IBA,TAS,IEA","TAS,IEA","ISS,IEA","IBA,TAS,IEA",,"IEA",,"IDA,RCA,TAS,IEA","IDA,IBA,IEA",,"IEA",,,"HDA,TAS,IEA",,"IBA,IEA","IDA,ISS,IBA,IEA",,,"IDA,ISS,TAS,IEA",,,"TAS,IEA",,,"IDA,IBA,IEA","IDA,HDA,IBA,IEA","IDA,IPI,ISS,IBA,IEA","IDA","IEA","IBA,IEA","TAS,IEA","TAS,IEA","IDA,IMP,ISS,IBA,TAS,IEA","IEA",,"TAS,IEA","IMP,ISS,TAS,NAS,IEA","IEA","IDA,TAS,IEA",,"HDA","IDA,IBA,IEA","IDA,IBA,TAS,IEA","ISS,IBA,IEA",,,"IEA","IBA,IEA","IDA,IBA,TAS,IEA",,"TAS,IEA","IEA","IDA,IBA,TAS,IEA","TAS,IEA","IBA,TAS,NAS,IEA","IDA,IEA",,"IDA,TAS,IEA","TAS,IEA",,"IEA",,,"TAS,IEA","IEA",,"IEA","IDA,ISS,IEA","TAS,IEA","IDA,IBA,TAS","IDA,NAS,IEA","IBA,IEA","ISS,IBA,TAS,IEA","IBA,TAS,IEA","IBA,TAS,IEA"
"GO:CC","dendrite","GO:0030425","false","2.1660592705459368e-7","6.664329663814642","622","130","20","22097","IBA",,,,"IEA",,,,,,,,,,,,,,,,,,,,,"IEA",,,,"IEA",,,,,,,,,,,,"IEA",,,,,,"ISS,IEA",,,,,"IEA",,,,,,,,,,,"ISS,IEA",,,,,,,"IEA",,,,,,,"IEA",,,"ISS",,,,,,,,,,,,,"IEA",,,,,"ISS",,"IBA",,"ISS,IEA",,"ISS",,,,,,,,,,,,,,,"IDA,IBA,IEA",,,,,,,,,,,,,"NAS,IEA","IEA","ISS,IBA,IEA",,
"GO:CC","dendritic tree","GO:0097447","false","2.289705171017226e-7","6.640220435059036","624","130","20","22097","IBA",,,,"IEA",,,,,,,,,,,,,,,,,,,,,"IEA",,,,"IEA",,,,,,,,,,,,"IEA",,,,,,"ISS,IEA",,,,,"IEA",,,,,,,,,,,"ISS,IEA",,,,,,,"IEA",,,,,,,"IEA",,,"ISS",,,,,,,,,,,,,"IEA",,,,,"ISS",,"IBA",,"ISS,IEA",,"ISS",,,,,,,,,,,,,,,"IDA,IBA,IEA",,,,,,,,,,,,,"NAS,IEA","IEA","ISS,IBA,IEA",,
"GO:CC","somatodendritic compartment","GO:0036477","false","2.7134175243286687e-7","6.5664833744800495","848","130","23","22097","IBA",,,,"IEA",,,,,,"IDA,IEA",,,,,,,,,,,,,,,"IEA",,,,"IEA",,,,,,,,,,,,"IEA",,,,"IEA","IEA","ISS,IEA",,,,,"IEA",,,,,,,,,,,"ISS,IEA",,,,,,,"IEA",,,,,,,"IEA",,,"ISS",,,,,,,,,,,,,"IEA",,,,,"ISS",,"IBA",,"ISS,IEA",,"ISS",,,,,,,,,,,,,,,"IDA,IBA,IEA",,,,,,,,,,,,,"NAS,IEA","IEA","ISS,IBA,IEA",,
"GO:CC","postsynaptic membrane","GO:0045211","false","3.4405930352424826e-7","6.463366694133198","278","130","14","22097",,,,,,,,,,,"IBA,IEA",,,,,,,,,,,,,,,"IEA",,,,"IEA",,,"IEA",,,,,,,,,,,,,,,,,,,,"IEA",,,,,,,,,,,"IEA",,,,,,,,,,,,,,,,,,,,,,,,,,,,,,"IEA",,,,,"ISS,TAS",,,,,,"IBA,IEA",,,,"IEA",,,,,,,,,,,,,,,,,,,,,"ISS,IEA",,,,"IBA,IEA","IBA,IEA",,"IEA"
"GO:CC","asymmetric synapse","GO:0032279","false","4.082752271328968e-7","6.389046970911879","334","130","15","22097",,,,,,,,,,,"IBA,IEA",,,,,,,,,,,,,,,"IEA",,,,"IEA",,,,,,,,,,,,,,,,,,,,,,,"IEA",,,,,,,,,,,,,,"IEA",,,,,,,,,,,,,,,,,,,,,,,,,,,"IEA",,,"NAS",,"TAS,IEA","IEA",,,,,"IBA",,,,"IEA",,,,"IEA",,,,,,,,,,,,,,,,,,,,,"IEA","IBA",,"IEA"
"GO:CC","glutamatergic synapse","GO:0098978","false","0.0000013561305077927714","5.86769851394469","424","130","16","22097",,,,,,,,,,,"IEA",,,,,,,,,,,,,,,,,,,,"IEA",,"IEA",,,,,,,,,,,,,,,,,,,,"IEA",,,,"IEA",,,,,"IEA",,"IEA","IEA",,,,,,,,,,,,,,,,,,,,,,,,,,,,,"IEA","IEA",,,,"TAS,NAS,IEA",,"IEA",,,,"IEA",,,,"IDA,IMP,IEA",,,,"IEA",,,,,,,,,,,,,,,,,,,,,"IEA",,,
"GO:CC","neuron to neuron synapse","GO:0098984","false","0.0000014149635487801526","5.849254747961277","366","130","15","22097",,,,,,,,,,,"IBA,IEA",,,,,,,,,,,,,,,"IEA",,,,"IEA",,,,,,,,,,,,,,,,,,,,,,,"IEA",,,,,,,,,,,,,,"IEA",,,,,,,,,,,,,,,,,,,,,,,,,,,"IEA",,,"NAS",,"TAS,NAS,IEA","IEA",,,,,"IBA",,,,"IEA",,,,"IEA",,,,,,,,,,,,,,,,,,,,,"IEA","IBA",,"IEA"
"GO:CC","postsynaptic density","GO:0014069","false","0.0000019346676948330876","5.713393620150957","318","130","14","22097",,,,,,,,,,,"IBA,IEA",,,,,,,,,,,,,,,"IEA",,,,"IEA",,,,,,,,,,,,,,,,,,,,,,,"IEA",,,,,,,,,,,,,,"IEA",,,,,,,,,,,,,,,,,,,,,,,,,,,"IEA",,,"NAS",,"TAS,IEA","IEA",,,,,"IBA",,,,"IEA",,,,,,,,,,,,,,,,,,,,,,,,,"IEA","IBA",,"IEA"
"GO:CC","postsynapse","GO:0098794","false","0.0000028482194634559533","5.545426550113909","650","130","19","22097",,,,,,,,,,,"IBA,IEA",,,,,,,,,,,,,,,"IEA",,,,"IEA",,,"IEA",,,,,,,,,"IEA",,,,,,"ISS,IEA",,,,,"IEA",,,,,,,,,,,"IEA",,,"IEA",,,,,,,,,,,,,,,,,,,,,,,,,,,"IEA",,,"NAS",,"ISS,TAS,NAS,IEA","IEA",,,,,"IBA,IEA",,,,"IEA",,,,,,,,,,,,,,,,,,,,,"ISS,IEA",,,,"IBA,IEA","ISS,IBA,IEA",,"IEA"
"GO:CC","postsynaptic specialization","GO:0099572","false","0.000005622415917140865","5.250077030689092","346","130","14","22097",,,,,,,,,,,"IBA,IEA",,,,,,,,,,,,,,,"IEA",,,,"IEA",,,,,,,,,,,,,,,,,,,,,,,"IEA",,,,,,,,,,,,,,"IEA",,,,,,,,,,,,,,,,,,,,,,,,,,,"IEA",,,"NAS",,"ISS,TAS,IEA","IEA",,,,,"IBA",,,,"IEA",,,,,,,,,,,,,,,,,,,,,,,,,"IEA","IBA",,"IEA"
"GO:CC","postsynaptic specialization membrane","GO:0099634","false","0.000014344660462724091","4.843309727021363","122","130","9","22097",,,,,,,,,,,"IBA,IEA",,,,,,,,,,,,,,,"IEA",,,,,,,,,,,,,,,,,,,,,,,,,,,"IEA",,,,,,,,,,,,,,,,,,,,,,,,,,,,,,,,,,,,,,,,,,,,,,"ISS",,,,,,"IBA",,,,"IEA",,,,,,,,,,,,,,,,,,,,,,,,,"IEA","IBA",,"IEA"
"GO:CC","postsynaptic density membrane","GO:0098839","false","0.00004760628595550981","4.322335699053642","101","130","8","22097",,,,,,,,,,,"IBA,IEA",,,,,,,,,,,,,,,"IEA",,,,,,,,,,,,,,,,,,,,,,,,,,,"IEA",,,,,,,,,,,,,,,,,,,,,,,,,,,,,,,,,,,,,,,,,,,,,,,,,,,,"IBA",,,,"IEA",,,,,,,,,,,,,,,,,,,,,,,,,"IEA","IBA",,"IEA"
"GO:CC","plasma membrane protein complex","GO:0098797","false","0.00035603109044264587","3.448512075571747","718","130","17","22097",,,,,"IDA,IBA",,,,,,"IDA,IEA",,,,,,,,,"IBA,TAS",,,,,,,,,,,"IBA",,,,,"IBA,IEA",,,,,,,,,,,,,,,,,"IBA,TAS,IEA",,,,,,,,,"IBA",,,"IBA",,,,,,,,,,,,,"IDA",,,,,,,,,,,"IPI,IBA",,,,,,,"IEA",,,,,,,,,"IBA",,,,,,"IBA",,,,,,,,,,,,,,,,,,,,,"IBA,TAS","IDA,NAS",,"ISS,IBA","IBA,TAS,IEA",
"GO:CC","plasma membrane region","GO:0098590","false","0.00040236337617639514","3.3953815564023038","1266","130","23","22097",,,,,,,,,,,"IBA,IEA","IEA",,,,,,,,,,,,,,"IEA",,,,"IEA",,,"IEA",,,,,,,,"TAS,IEA",,,,,,,,,,,,"IEA",,,,,"IDA",,,,"IEA",,"IEA",,,,,,,,,,,,,,,,,,,,,,,,,,,,,,"IEA","IDA,IEA",,,,"ISS,TAS,IEA",,,,,,"IBA,IEA",,,,"IEA",,"IDA",,,,"IBA",,,,,,,,,,,,,,,"ISS,IEA",,"IDA","IDA,IEA","IBA,IEA","IBA,IEA",,"IEA"
"GO:CC","receptor complex","GO:0043235","true","0.0008334460897800234","3.0791224866197218","523","130","14","22097","IDA",,"IDA,IBA",,,,,,,,"IDA,IEA",,,,,,"IDA,IBA",,,,,,,,,,,,,,,,,,,"IBA,IEA",,,,,,,,,,,"IDA,IBA",,,,,,"IBA,TAS,IEA",,,,,,,,,,,,,,,,,,,,,,,,,"IDA",,,,,,,,,,,,,,,,,,"IEA",,,"ISS,IEA",,,,,,"IBA",,,,,"IDA,IBA",,,"IBA,TAS",,,,,,,,,,,,,,,,,,,,,,"ISS,IBA",,
"GO:CC","ionotropic glutamate receptor complex","GO:0008328","true","0.0013305525702113148","2.8759679617727545","41","130","5","22097",,,,,,,,,,,"IDA,IEA",,,,,,,,,,,,,,,,,,,,,,,,,"IBA,IEA",,,,,,,,,,,,,,,,,,,,,,,,,,,,,,,,,,,,,,,,,,,,,,,,,,,,,,,,,,,,"IEA",,,,,,,,,"IBA",,,,,,,,,,,,,,,,,,,,,,,,,,,,,,"ISS,IBA",,
"GO:CC","cell body","GO:0044297","false","0.002022229836649655","2.6941694861752215","565","130","14","22097",,,,,,,,,,,"IDA,IEA",,,,,,,,,,,,,,,"IEA",,,,"IEA",,,,,,,,,,,,"IEA",,,,"IEA","IEA",,,,,,"IEA",,,,,,,,,,,,,,,,,,,,,,,,,"IEA",,,,,,,,,,,,,,,,,"ISS,IEA",,,,,,,,"ISS,IEA",,"ISS",,,,,,,,,,,,,,,"IDA",,,,,,,,,,,,,"NAS,IEA",,"ISS",,
"GO:CC","neurotransmitter receptor complex","GO:0098878","false","0.0023771408637052855","2.623945082252767","46","130","5","22097",,,,,,,,,,,"IDA,IEA",,,,,,,,,,,,,,,,,,,,,,,,,"IBA,IEA",,,,,,,,,,,,,,,,,,,,,,,,,,,,,,,,,,,,,,,,,,,,,,,,,,,,,,,,,,,,"IEA",,,,,,,,,"IBA",,,,,,,,,,,,,,,,,,,,,,,,,,,,,,"ISS,IBA",,
"GO:CC","axon","GO:0030424","false","0.0024309419000807467","2.6142254207436073","656","130","15","22097",,,"ISS,IEA",,,,,,,,,,,,,,,,,,,,,,,,,,,,,,,,,,,,,,,,,,,,,,,,,,,,,,,,,,,"IBA,IEA",,,,,,,,,,,,,,,,"ISS,IEA",,,,,,,,,,,,"IEA",,,,"ISS,IEA","IEA",,"ISS",,,,,,"ISS,IEA",,"ISS",,,,,,,,,,"ISS",,"IBA,NAS",,,"ISS,IEA",,,,,,,,"ISS,IEA",,,,,"IDA,ISS,NAS,IEA",,,,"IBA,IEA"
"GO:CC","neuronal cell body","GO:0043025","false","0.0025386633234416424","2.5953948912754146","498","130","13","22097",,,,,,,,,,,"IDA,IEA",,,,,,,,,,,,,,,"IEA",,,,"IEA",,,,,,,,,,,,"IEA",,,,"IEA","IEA",,,,,,"IEA",,,,,,,,,,,,,,,,,,,,,,,,,"IEA",,,,,,,,,,,,,,,,,,,,,,,,,"ISS,IEA",,"ISS",,,,,,,,,,,,,,,"IDA",,,,,,,,,,,,,"NAS,IEA",,"ISS",,
"GO:CC","dendritic spine","GO:0043197","false","0.0026779146078215795","2.572203275697109","172","130","8","22097",,,,,,,,,,,,,,,,,,,,,,,,,,"IEA",,,,,,,,,,,,,,,,"IEA",,,,,,"ISS,IEA",,,,,"IEA",,,,,,,,,,,"IEA",,,,,,,,,,,,,,,,,,,,,,,,,,,,,,"IEA",,,,,"ISS",,,,,,,,,,,,,,,,,,,,,,,,,,,,,,,,,,,,"ISS,IBA",,
"GO:CC","neuron spine","GO:0044309","false","0.003168198958192974","2.499187553177183","176","130","8","22097",,,,,,,,,,,,,,,,,,,,,,,,,,"IEA",,,,,,,,,,,,,,,,"IEA",,,,,,"ISS,IEA",,,,,"IEA",,,,,,,,,,,"IEA",,,,,,,,,,,,,,,,,,,,,,,,,,,,,,"IEA",,,,,"ISS",,,,,,,,,,,,,,,,,,,,,,,,,,,,,,,,,,,,"ISS,IBA",,
"GO:CC","catenin complex","GO:0016342","false","0.010263215063636586","1.9887165704451706","31","130","4","22097",,,,,,,,,,,,,,,,,,,,,,,,,,,,,,,"IBA",,,,,,,,,,,,,,,,,,,,,,,,,,,,,,,"IBA",,,"IBA",,,,,,,,,,,,,,,,,,,,,,,,,,,,,,,,,,,,,,,,,,,,,,"IBA",,,,,,,,,,,,,,,,,,,,,,,,,,
"GO:CC","perikaryon","GO:0043204","false","0.011594503516866693","1.9357478433607562","154","130","7","22097",,,,,,,,,,,,,,,,,,,,,,,,,,"IEA",,,,"IEA",,,,,,,,,,,,,,,,"IEA",,,,,,,"IEA",,,,,,,,,,,,,,,,,,,,,,,,,,,,,,,,,,,,,,,,,,,,,,,,,,"ISS,IEA",,"ISS",,,,,,,,,,,,,,,,,,,,,,,,,,,,"NAS",,,,
"GO:CC","cell leading edge","GO:0031252","true","0.014743952095327964","1.831386088855757","427","130","11","22097",,,,,,,,,,,,"IEA",,,,,,,,,,"IEA",,,,,,,,,,,,,,,"IDA",,,,,,,,"IDA,IEA",,,,,,,,"IEA",,,,"IDA","IDA",,,,,,,,,,,,,,,"IDA",,,,,,,,,,,,,,,,,,,,,,"IEA",,,,,,,,,,,,,,,,,,,,,,,,,,,,,,,,,,,,,"IDA","IDA,IEA",,,,
"GO:CC","extrinsic component of plasma membrane","GO:0019897","false","0.03750924010187454","1.4258617341138893","129","130","6","22097",,,,,,,,,,,,,,,,,,,,"IBA,TAS",,,,,,,,,,,"IBA",,,,,,,,,,,,,,,,,,,,,,,,,,,,,,,"IBA",,"IEA","IBA",,,,,,,,,,,,,,,,,,,,,,,,,,,,,,,,,,,,,,,,,,,,,,"IBA",,,,,,,,,,,,,,,,,,,,,,,,,,
"GO:CC","presynapse","GO:0098793","false","0.041107021748794825","1.3860839872166957","564","130","12","22097",,,"ISS,IEA",,,,,,,,"IEA",,,,,,,,"IEA",,,,,,,,,,,,,,"IEA",,,,,,,,"IBA,TAS,IEA",,,,,,,,,,,,,,,,,,,,,"IBA,IEA",,,,,,,,,,,,,,,,,,,,,,,,,,,,,,,,"IEA","IDA",,,,"IEA",,,,,,"ISS,IBA",,,,,,,,,,,,,"IDA,IEA",,,,,,,,,,,,"IEA",,,,,,,
"KEGG","Axon guidance","KEGG:04360","false","0.0000013361328735883374","5.874150350695226","181","55","11","8484",,,,,,,,,,,,,,,,,,,,,,,,,,,,,,,,,,"KEGG",,,,,,,,,,,,,,,,,,,,,,,"KEGG",,,"KEGG",,,,,,,"KEGG",,,,,,"KEGG",,"KEGG",,,,,,,,,,,,,,,,,,,,,,,,,,"KEGG",,,,,,,,,,,,"KEGG",,"KEGG",,,,,"KEGG",,,,,,,,,,,,,,,,,"KEGG"
"KEGG","Glutamatergic synapse","KEGG:04724","false","0.00005245839542352375","4.280184997568901","115","55","8","8484",,,,,,,,,,,"KEGG",,,,,,,,"KEGG",,,,,,,,,,,,,,,,,,,,,,,,,,,,,,,,,,,,,,,,,,,,,,,,,,,,,,,,,,,,,,"KEGG",,,"KEGG",,,,,,,,,,"KEGG","KEGG",,,,,,,,,,"KEGG",,,,,,,,,,,,,,,,,,,,,,,,,,,,,,"KEGG",,
"KEGG","Neuroactive ligand-receptor interaction","KEGG:04080","false","0.0014341038257924806","2.8434194056162845","365","55","11","8484","KEGG",,,,,"KEGG",,,,,"KEGG",,,,"KEGG",,,,"KEGG",,,,,,,,,,,,,,,,,,,,,,,,,,,,"KEGG",,,,,,,,,,,,,,,,,,,,,,,,,,,,,,,,,,,,,"KEGG",,,,,,,,,,"KEGG",,,,,,,,,,,"KEGG",,,,,,,,,,"KEGG",,,,,,,,,,,,,,,,,,,,"KEGG",,
"KEGG","cAMP signaling pathway","KEGG:04024","false","0.0069253468480592745","2.1595584705774535","223","55","8","8484",,,,,,,,,,,"KEGG",,,,"KEGG",,,,,,,,,,,,"KEGG",,,,,,,,,,,,,,,,,,"KEGG",,,,,,,,,,,,,,,,,,,,,,,,,,,,,,"KEGG",,,,,,"KEGG",,,,,,,"KEGG",,,,,,,,,,,,,,,,,,,,,,,,,,,,,,,,,,,,,,,,,,,,,,,"KEGG",,
"KEGG","Calcium signaling pathway","KEGG:04020","false","0.015740716146202486","1.802975512684149","251","55","8","8484","KEGG",,,,,,,,,,"KEGG",,,,"KEGG",,"KEGG",,,"KEGG",,,,,,,,,,,,,,,,,,,,,,,,,"KEGG",,,,,,,,,,,,,,,,,,,,,,,,,,,,,,"KEGG",,,,,,"KEGG",,,,,,,,,,,,,,,,,,,,,,,,,,,,,,,,,,,,,,,,,,,,,,,,,,,,,,,,
"REAC","Cell-cell junction organization","REAC:R-HSA-421270","false","0.0023724412266443195","2.6248045377037137","64","77","6","10842",,,,,,,,,,,,,,,,,,,,,,,,"REAC",,,,,,,"REAC",,,,,,,,,,,,,,,,,,,,,,,,,,,,,,,"REAC",,,"REAC",,,,,,,,,,,,,,,,,,,,,,,,,,,,,,,,,,,,,,,,,,,,,,"REAC",,,,"REAC",,,,,,,,,,,,,,,,,,,,,,
"REAC","Cell-Cell communication","REAC:R-HSA-1500931","false","0.013010290564363848","1.8857130040463528","127","77","7","10842",,,,,,,,,,,,,,,,,,,,,,,,"REAC",,,,,,,"REAC",,,,,,,,,,,,,,,,,,,,,,,,,,,,,,,"REAC",,,"REAC",,"REAC",,,,,,,,,,,,,,,,,,,,,,,,,,,,,,,,,,,,,,,,,,,,"REAC",,,,"REAC",,,,,,,,,,,,,,,,,,,,,,
"REAC","Cell junction organization","REAC:R-HSA-446728","false","0.01812529676721401","1.7417148739537505","91","77","6","10842",,,,,,,,,,,,,,,,,,,,,,,,"REAC",,,,,,,"REAC",,,,,,,,,,,,,,,,,,,,,,,,,,,,,,,"REAC",,,"REAC",,,,,,,,,,,,,,,,,,,,,,,,,,,,,,,,,,,,,,,,,,,,,,"REAC",,,,"REAC",,,,,,,,,,,,,,,,,,,,,,
"REAC","Adherens junctions interactions","REAC:R-HSA-418990","false","0.030299925846576762","1.5185584343512242","32","77","4","10842",,,,,,,,,,,,,,,,,,,,,,,,,,,,,,,"REAC",,,,,,,,,,,,,,,,,,,,,,,,,,,,,,,"REAC",,,"REAC",,,,,,,,,,,,,,,,,,,,,,,,,,,,,,,,,,,,,,,,,,,,,,"REAC",,,,,,,,,,,,,,,,,,,,,,,,,,
"REAC","DCC mediated attractive signaling","REAC:R-HSA-418885","false","0.038998225196586855","1.4089551572008785","13","77","3","10842",,,,,,,,,,,,,,,,,,,,,,,,,,,,,,,,,,,,,,,,,,,,,,,,,,,,,,,,,"REAC",,,,,,,,,,,,,,,,"REAC",,,,,,,,,,,,,,,,,,,,,,,,,,,,,,,,,,,,,,,,,,,,,,,,,,,,,,,,,,,,,,,,"REAC"
"WP","Neuroinflammation and glutamatergic signaling","WP:WP5083","false","0.009577764650706979","2.018735838848543","140","60","7","8286",,,,,,,,,,,"WP",,,,,,,,"WP",,,,,,,,,,,,,,,,,,,,,,,,,,,,,,,,,,,,,,,,,,,,,,,,,,,,,,,,"WP",,,,,,,,,"WP",,,,,,,,,,,"WP",,,,,,,,,,"WP",,,,,,,,,,,,,,,,,,,,,,,,,,,,,,"WP",,
"WP","GPCRs class C metabotropic glutamate pheromone","WP:WP501","false","0.023900263208663567","1.621597316230074","15","60","3","8286",,,,,,,,,,,,,,,,,,,"WP",,,,,,,,,,,,,,,,,,,,,,,,,,,,,,,,,,,,,,,,,,,,,,,,,,,,,,,,,,,,,,,,,"WP",,,,,,,,,,"WP",,,,,,,,,,,,,,,,,,,,,,,,,,,,,,,,,,,,,,,,,,,
"WP","Hippo Merlin signaling dysregulation","WP:WP4541","false","0.03332003063600882","1.4772946079542217","120","60","6","8286",,,,,,,,,,,,,,,,,"WP",,,,,,,,,,,,,,"WP",,,,,,,,,,,,,,,,,,,,,,"WP",,,,,,,,,"WP",,,"WP",,,,,,,,,,,,,,,,,,,,,,,,,,,,,,,,,,,,,,,,,,,,,,"WP",,,,,,,,,,,,,,,,,,,,,,,,,,
"WP","NRXN1 deletion syndrome","WP:WP5398","false","0.03535247960168203","1.4515801196447007","17","60","3","8286",,,,,,,,,,,"WP",,,,,,,,,,,,,,,,,,,,,,,,,,,,,,,,,,,,,,,,,,,,,,,,,,,,,,,,,,,,,,,,,,,,,,,,,,,,,,,,,,,,,,,,"WP",,,,,,,,,,,,,,,,,,,,,,,,,,,,,,,,,,,,"WP",,
"TF","Factor: ETF; motif: GVGGMGG; match class: 1","TF:M00695_1","false","4.10039744837731e-10","9.387174045409196","7249","137","92","20045",,"TF","TF","TF",,,,,"TF","TF","TF","TF","TF","TF","TF","TF","TF","TF","TF",,,"TF","TF","TF","TF","TF","TF",,"TF",,"TF","TF","TF","TF",,,"TF","TF",,"TF","TF","TF","TF","TF","TF","TF",,"TF",,,,,,,,"TF",,"TF","TF",,"TF","TF","TF","TF","TF","TF","TF","TF",,,"TF",,,"TF","TF",,,"TF",,"TF","TF","TF","TF","TF",,,,"TF","TF","TF","TF","TF","TF","TF","TF","TF","TF","TF",,"TF",,,"TF",,"TF","TF","TF","TF",,"TF",,"TF","TF",,"TF","TF","TF",,"TF","TF","TF",,"TF","TF","TF","TF","TF","TF","TF","TF","TF",,"TF","TF",,,
"TF","Factor: ZNF93; motif: GGYAGCRGCAGCGGYG","TF:M12742","false","1.0950438128854191e-7","6.960568504281655","2618","137","48","20045",,,"TF","TF",,,,,,,,,,,,"TF",,"TF",,,,"TF","TF","TF",,"TF",,,"TF",,"TF","TF","TF",,,,,,,"TF","TF",,"TF",,,"TF",,,,,,,,,,,,,"TF",,"TF","TF","TF",,,"TF","TF","TF",,,,,,,,,,"TF",,,"TF","TF","TF","TF",,,,"TF",,"TF","TF","TF","TF","TF",,"TF",,,,,,,"TF",,,"TF",,,,"TF",,"TF",,,,,,,,,,,"TF","TF","TF","TF",,"TF",,"TF","TF",,"TF","TF",,,
"TF","Factor: ZXDL; motif: GSGSCNNGGGMRGCNCCGGGS; match class: 1","TF:M12722_1","false","0.00004541237801412741","4.342825755721301","6868","137","79","20045",,,"TF","TF",,,,,,,,"TF",,"TF","TF","TF","TF","TF","TF",,"TF","TF","TF","TF","TF","TF","TF",,"TF",,"TF","TF",,"TF",,,,"TF",,"TF","TF",,"TF","TF","TF","TF",,"TF",,,,"TF",,,,"TF",,"TF","TF",,"TF",,"TF","TF",,"TF","TF","TF",,,,,,"TF",,,,"TF",,,"TF","TF","TF","TF",,"TF",,,"TF","TF","TF","TF","TF",,"TF","TF",,,"TF","TF","TF","TF","TF",,"TF","TF","TF","TF",,"TF",,"TF","TF",,"TF",,"TF",,"TF",,"TF",,"TF","TF","TF","TF","TF","TF","TF","TF","TF",,"TF","TF",,,
"TF","Factor: ZNF138; motif: GCAGCRSCNSGSNCMGSGCS; match class: 1","TF:M13144_1","false","0.00004829154594156642","4.316128891449002","5699","137","70","20045",,,"TF","TF",,,"TF","TF",,,"TF","TF","TF",,"TF","TF","TF","TF","TF",,,,,"TF","TF","TF","TF",,,,,,,,,,,,,"TF",,"TF","TF","TF","TF","TF",,"TF",,,"TF","TF","TF",,,"TF",,,"TF",,"TF",,"TF","TF","TF","TF","TF",,"TF","TF","TF","TF",,"TF",,,,,,,"TF","TF","TF","TF",,,,"TF","TF","TF",,"TF","TF",,,,,,"TF","TF","TF",,,,"TF","TF","TF","TF",,,,,"TF",,"TF",,"TF",,"TF","TF","TF",,"TF","TF","TF","TF","TF",,,"TF","TF",,"TF","TF",,,
"TF","Factor: ZNF93; motif: GGYAGCRGCAGCGGYG; match class: 1","TF:M12742_1","false","0.000060630705908454046","4.21730737535135","1335","137","29","20045",,,,"TF",,,,,,,,,,,,"TF",,"TF",,,,"TF",,"TF",,,,,,,"TF","TF",,,,,,,,,"TF",,"TF",,,"TF",,,,,,,,,,,,,"TF",,"TF",,,,,,"TF","TF",,,,,,,,,,"TF",,,,"TF","TF","TF",,,,,,"TF",,"TF",,"TF",,,,,,,,,"TF",,,,,,,"TF",,"TF",,,,,,,,,,,"TF",,,"TF",,"TF",,,"TF",,"TF",,,,
"TF","Factor: ZNF253; motif: SNGNSCGNGGNGCKGNN; match class: 1","TF:M13147_1","false","0.00008496815386106166","4.07074381774392","6820","137","78","20045",,"TF","TF",,,,"TF",,"TF","TF","TF","TF","TF","TF","TF","TF","TF","TF",,"TF",,,"TF","TF","TF","TF","TF",,"TF",,,,,,,,,"TF",,"TF","TF",,"TF",,"TF","TF",,"TF",,,,"TF","TF",,,"TF",,,"TF",,"TF",,"TF","TF","TF","TF","TF",,"TF","TF","TF","TF",,"TF",,,,"TF",,"TF","TF","TF","TF","TF",,,,,,"TF","TF","TF",,,"TF",,,,"TF","TF","TF","TF","TF",,"TF","TF",,"TF",,"TF",,"TF","TF",,"TF","TF","TF",,"TF","TF","TF",,"TF","TF","TF","TF",,"TF",,"TF","TF",,"TF","TF",,,
"TF","Factor: WT1; motif: NNGGGNGGGSGN","TF:M07436","false","0.00010033836071336192","3.998532998573932","6709","137","77","20045","TF",,"TF","TF",,,,"TF",,,,"TF",,"TF","TF",,"TF","TF",,,,,"TF","TF","TF","TF","TF",,,,"TF","TF",,"TF","TF",,"TF",,,"TF","TF",,"TF","TF",,,,,,"TF","TF","TF",,"TF",,"TF",,"TF","TF",,"TF","TF","TF","TF","TF","TF",,,,,"TF","TF","TF",,"TF",,,,"TF","TF","TF","TF","TF","TF",,,"TF",,"TF","TF","TF",,,"TF","TF",,"TF","TF","TF","TF","TF",,"TF","TF","TF","TF","TF","TF",,,,"TF",,,"TF","TF","TF",,,"TF","TF",,"TF",,,"TF","TF","TF","TF",,"TF","TF",,,,,"TF"
"TF","Factor: E2F; motif: GGCGSG; match class: 1","TF:M00803_1","false","0.00010982758681682788","3.959288558815717","10535","137","103","20045","TF","TF","TF","TF",,"TF","TF",,"TF","TF","TF","TF","TF","TF","TF","TF","TF","TF","TF","TF",,"TF","TF","TF","TF","TF","TF",,"TF",,"TF","TF",,"TF","TF",,"TF","TF",,"TF","TF","TF","TF","TF","TF","TF",,"TF",,,"TF","TF","TF",,,"TF","TF","TF","TF",,"TF","TF","TF","TF","TF","TF","TF","TF","TF","TF","TF","TF",,"TF","TF",,,"TF",,"TF","TF","TF","TF","TF",,"TF",,"TF","TF","TF","TF","TF","TF",,"TF",,"TF","TF","TF","TF","TF","TF","TF","TF","TF",,,"TF",,,,"TF","TF",,"TF","TF","TF",,"TF","TF","TF",,"TF","TF","TF","TF","TF","TF","TF","TF","TF",,"TF","TF",,,
"TF","Factor: WT1; motif: RGGNGGGGGAGGRGGNGGRG","TF:M10108","false","0.0001117012090520525","3.9519421260626095","6724","137","77","20045","TF","TF","TF","TF","TF",,"TF","TF","TF",,,,,"TF",,"TF","TF","TF","TF",,"TF","TF","TF","TF","TF","TF","TF",,,,,"TF","TF","TF","TF",,,,,"TF","TF","TF","TF",,,"TF",,"TF",,,"TF","TF",,,,"TF","TF","TF",,,"TF","TF","TF","TF","TF",,"TF","TF",,,"TF","TF",,,"TF",,,"TF","TF","TF","TF","TF","TF",,"TF","TF","TF","TF","TF","TF","TF","TF","TF","TF","TF",,,"TF",,"TF","TF",,,,,"TF","TF","TF",,,,,"TF",,"TF","TF",,,,,,,,,,,"TF","TF","TF",,"TF",,"TF","TF",,,
"TF","Factor: ZF5; motif: NRNGNGCGCGCWN; match class: 1","TF:M00333_1","false","0.00012756143554651186","3.89428060195322","12784","137","116","20045","TF","TF","TF","TF",,,"TF",,"TF","TF","TF","TF","TF","TF","TF","TF","TF","TF","TF","TF","TF","TF","TF","TF","TF","TF","TF",,"TF",,,"TF","TF","TF","TF","TF","TF","TF","TF","TF",,"TF","TF","TF","TF","TF",,"TF",,"TF","TF","TF","TF","TF",,"TF","TF","TF","TF","TF","TF","TF","TF","TF","TF","TF","TF","TF","TF","TF","TF","TF",,"TF","TF",,,"TF",,"TF","TF","TF","TF","TF",,"TF","TF","TF","TF","TF","TF","TF","TF","TF","TF","TF","TF","TF","TF","TF","TF","TF","TF","TF","TF",,,"TF",,"TF","TF","TF","TF",,"TF","TF","TF",,"TF","TF","TF",,"TF","TF","TF","TF","TF","TF","TF","TF","TF","TF","TF","TF","TF","TF","TF"
"TF","Factor: SP1:SP3; motif: CCSCCCCCYCC","TF:M01219","false","0.00014007048725049506","3.8536533606060948","7026","137","79","20045",,"TF",,"TF",,,,"TF","TF",,"TF",,"TF","TF","TF","TF","TF","TF","TF","TF","TF",,"TF","TF",,,"TF",,,,"TF","TF",,"TF",,,"TF",,,"TF","TF",,"TF","TF","TF","TF",,"TF",,,"TF","TF",,,,"TF","TF","TF","TF",,"TF","TF","TF","TF","TF","TF","TF",,,,"TF","TF",,"TF","TF",,,"TF","TF","TF","TF","TF","TF",,,"TF","TF",,"TF","TF","TF",,"TF",,"TF",,,"TF",,,"TF","TF",,,"TF","TF","TF","TF","TF",,,,,,"TF","TF","TF",,"TF",,"TF",,"TF","TF",,,"TF","TF",,"TF","TF",,"TF","TF",,,
"TF","Factor: ETF; motif: GVGGMGG","TF:M00695","false","0.00014881108091624237","3.8273647287256107","10745","137","104","20045","TF","TF","TF","TF",,,"TF",,"TF","TF","TF","TF","TF","TF","TF","TF","TF","TF","TF","TF",,"TF","TF","TF","TF","TF","TF","TF","TF",,"TF","TF","TF","TF","TF",,"TF","TF",,"TF","TF","TF","TF","TF","TF","TF",,"TF",,,,,,,,"TF",,"TF","TF",,"TF","TF","TF","TF","TF","TF","TF","TF","TF","TF","TF",,,"TF","TF",,,"TF",,"TF","TF","TF","TF","TF",,"TF",,"TF","TF","TF","TF","TF","TF","TF","TF","TF","TF","TF","TF","TF","TF",,"TF","TF","TF","TF","TF","TF",,"TF","TF","TF","TF",,"TF","TF","TF",,"TF","TF","TF",,"TF","TF","TF","TF","TF","TF","TF","TF","TF",,"TF","TF",,,
"TF","Factor: ZF5; motif: NGAGCGCGC","TF:M10111","false","0.00018088148902924291","3.742605875505013","2734","137","43","20045",,,,,,,,,,,,,"TF",,,,"TF",,"TF",,,,,,"TF","TF",,,,,,,,,,,"TF",,,,,,"TF",,,"TF",,"TF",,,,"TF",,,,,,"TF","TF",,"TF",,,,"TF","TF",,"TF",,,"TF",,,,,,,,,"TF",,"TF","TF","TF",,,,,"TF","TF",,"TF","TF",,,,"TF","TF","TF",,,,"TF","TF","TF",,,"TF",,,"TF",,,,"TF","TF",,,,"TF",,,"TF","TF",,"TF",,"TF","TF",,,,"TF",,"TF",,
"TF","Factor: ZFP14; motif: SCNNYCCNGNNSCTSCNC; match class: 1","TF:M12694_1","false","0.00019559529594767559","3.7086415941728204","5252","137","65","20045",,,"TF",,"TF",,"TF",,,,"TF","TF","TF","TF","TF","TF","TF",,"TF",,,,,"TF","TF","TF","TF",,,,,"TF",,"TF","TF",,,"TF","TF","TF","TF",,,"TF",,"TF",,,,"TF",,"TF",,,,"TF",,"TF","TF",,"TF",,,"TF",,"TF",,,"TF",,"TF","TF",,,"TF",,,,,,"TF","TF","TF","TF",,"TF",,,"TF",,,"TF",,,"TF",,,"TF",,"TF",,"TF",,,"TF","TF",,"TF",,"TF",,,"TF",,"TF",,,,"TF","TF","TF",,"TF","TF","TF",,,"TF","TF",,"TF",,"TF","TF",,"TF",
"TF","Factor: ctcf; motif: CCRSCAGGGGGCGCN; match class: 1","TF:M10426_1","false","0.0002000989207374619","3.698755253787721","4526","137","59","20045",,,,,,,"TF","TF","TF","TF","TF",,"TF",,,"TF","TF",,"TF","TF",,,,"TF",,"TF","TF",,,,,,,"TF",,,,,,"TF","TF",,"TF","TF","TF","TF",,"TF",,,,"TF","TF",,,,,,,,"TF",,"TF",,,"TF","TF",,,"TF","TF","TF",,"TF",,,,"TF",,,"TF","TF","TF","TF",,,,,"TF","TF",,"TF","TF",,"TF",,"TF","TF",,,,"TF","TF","TF","TF",,,"TF",,,,"TF",,,"TF","TF","TF",,,,,,"TF","TF",,,,"TF",,"TF","TF",,"TF","TF",,,
"TF","Factor: ZNF138; motif: GCAGCRSCNSGSNCMGSGCS","TF:M13144","false","0.00022219631164549383","3.653263154419922","9856","137","98","20045","TF",,"TF","TF",,,"TF","TF","TF","TF","TF","TF","TF","TF","TF","TF","TF","TF","TF",,,"TF","TF","TF","TF","TF","TF",,"TF",,"TF",,"TF","TF",,"TF",,"TF",,"TF","TF","TF","TF","TF","TF","TF",,"TF",,,"TF","TF","TF",,,"TF",,,"TF",,"TF",,"TF","TF","TF","TF","TF",,"TF","TF","TF","TF",,"TF",,,,"TF",,,"TF","TF","TF","TF",,"TF",,"TF","TF","TF",,"TF","TF","TF","TF","TF","TF","TF","TF","TF","TF","TF",,"TF","TF","TF","TF","TF",,"TF","TF",,"TF",,"TF","TF","TF",,"TF","TF","TF",,"TF","TF","TF","TF","TF","TF",,"TF","TF","TF","TF","TF",,"TF",
"TF","Factor: E2F-1; motif: NNNSSCGCSAANN; match class: 1","TF:M07250_1","false","0.00031202258606487443","3.5058139680061817","5691","137","68","20045","TF","TF",,"TF",,"TF","TF",,,"TF",,"TF","TF","TF",,"TF","TF","TF",,,,,"TF","TF","TF","TF",,,,,,,,,,,,,,"TF","TF",,,,"TF",,,,,,"TF","TF",,,,,"TF",,"TF",,"TF",,,"TF","TF",,"TF","TF",,"TF","TF",,,"TF","TF",,,,,"TF",,"TF","TF","TF",,"TF",,"TF","TF","TF",,"TF","TF",,,,"TF","TF",,"TF","TF",,"TF","TF","TF",,,"TF",,"TF",,"TF",,,"TF","TF","TF",,"TF",,,,"TF",,"TF","TF","TF","TF","TF","TF","TF",,"TF","TF","TF",,"TF"
"TF","Factor: TFII-I; motif: RGAGGKAGG","TF:M00706","false","0.0003339119067812323","3.4763680944011863","5828","137","69","20045","TF","TF",,"TF","TF","TF","TF","TF",,,,,,"TF",,"TF","TF",,"TF",,"TF","TF","TF",,,"TF","TF",,,"TF",,"TF","TF","TF","TF",,,,,"TF",,,"TF",,"TF",,,,,"TF",,,,"TF","TF",,,,"TF","TF",,,"TF",,"TF","TF",,,"TF","TF","TF","TF","TF","TF","TF",,,"TF","TF","TF","TF","TF","TF",,"TF",,,,"TF","TF","TF","TF","TF","TF",,,,"TF",,,,,,"TF",,,"TF","TF",,,,,"TF",,"TF","TF","TF",,,,"TF",,,,,"TF","TF",,"TF",,"TF","TF","TF","TF","TF",,
"TF","Factor: MAZ; motif: GGGMGGGGS","TF:M10432","false","0.0006649842172784183","3.1771886621107783","9572","137","95","20045",,"TF","TF","TF",,"TF",,"TF","TF","TF",,"TF",,"TF","TF","TF","TF","TF",,,"TF",,"TF","TF",,"TF","TF",,,,"TF","TF","TF","TF","TF","TF","TF",,,"TF","TF","TF","TF",,"TF","TF",,"TF",,,"TF","TF",,"TF",,"TF","TF","TF","TF",,"TF","TF","TF","TF","TF","TF","TF","TF","TF",,"TF","TF","TF","TF","TF",,"TF",,"TF","TF","TF","TF","TF","TF",,"TF","TF","TF","TF","TF",,"TF",,"TF","TF",,,"TF","TF",,"TF","TF","TF","TF","TF","TF","TF","TF","TF",,,"TF",,,"TF","TF","TF",,,"TF","TF",,"TF","TF",,"TF","TF","TF","TF","TF","TF","TF","TF",,,,
"TF","Factor: E2F-2; motif: GCGCGCGCGYW; match class: 1","TF:M11531_1","false","0.0007360416247493444","3.1330976246736655","12708","137","114","20045","TF","TF","TF","TF",,,"TF","TF","TF","TF","TF","TF","TF","TF","TF","TF","TF","TF","TF","TF",,"TF","TF","TF","TF","TF","TF",,"TF",,"TF","TF","TF","TF","TF",,"TF","TF","TF","TF","TF","TF","TF","TF","TF","TF",,"TF",,"TF","TF","TF","TF",,,"TF","TF","TF","TF",,"TF","TF","TF","TF","TF","TF","TF","TF","TF","TF","TF","TF",,"TF","TF",,,"TF",,"TF","TF","TF","TF","TF",,"TF",,"TF","TF","TF","TF","TF","TF","TF","TF","TF","TF","TF","TF","TF","TF","TF","TF","TF","TF","TF",,"TF",,"TF","TF","TF","TF",,"TF","TF","TF",,"TF","TF","TF",,"TF","TF","TF","TF","TF","TF","TF","TF","TF","TF","TF","TF","TF",,"TF"
"TF","Factor: Churchill; motif: CGGGNN; match class: 1","TF:M00986_1","false","0.0008583400137842313","3.0663406412201173","10709","137","102","20045","TF","TF",,"TF",,,"TF","TF",,,"TF","TF","TF","TF",,"TF","TF","TF","TF","TF","TF","TF","TF","TF","TF","TF","TF",,"TF",,,,,"TF",,,"TF","TF","TF","TF","TF","TF","TF","TF","TF","TF",,"TF",,,"TF","TF","TF","TF",,"TF",,"TF","TF",,"TF","TF","TF","TF","TF","TF","TF",,"TF","TF","TF","TF",,"TF","TF",,,"TF","TF","TF","TF","TF","TF","TF",,,"TF","TF","TF","TF","TF","TF","TF",,"TF","TF",,"TF","TF","TF","TF","TF","TF","TF","TF","TF","TF","TF",,,"TF","TF","TF",,"TF","TF","TF",,"TF",,"TF",,"TF","TF","TF","TF","TF","TF","TF","TF","TF","TF","TF","TF","TF",,
"TF","Factor: MOVO-B; motif: GNGGGGG","TF:M01104","false","0.000976900450422135","3.010149690155441","10571","137","101","20045","TF","TF","TF","TF",,,"TF","TF","TF",,"TF","TF",,"TF",,"TF","TF","TF",,,"TF","TF","TF","TF","TF","TF","TF",,"TF",,"TF",,,"TF",,,"TF","TF","TF","TF","TF","TF","TF",,"TF","TF",,"TF",,,"TF","TF","TF","TF",,"TF","TF","TF","TF",,"TF","TF","TF","TF","TF","TF","TF",,"TF","TF","TF",,,"TF","TF",,,,"TF","TF","TF","TF","TF","TF",,,,"TF","TF","TF","TF","TF","TF",,"TF","TF",,"TF","TF","TF","TF","TF","TF","TF","TF","TF","TF","TF",,"TF","TF","TF","TF",,"TF","TF","TF",,"TF","TF","TF",,"TF","TF",,"TF","TF","TF","TF","TF","TF","TF","TF","TF","TF",,"TF"
"TF","Factor: DB1; motif: GGRRRRGRRGGAGGGGGNGRRR","TF:M10107","false","0.0012393176608053523","2.9068173613780193","6014","137","69","20045",,"TF","TF","TF",,,"TF","TF","TF",,,,,"TF",,"TF",,"TF",,,"TF","TF","TF",,,"TF","TF",,,"TF",,"TF",,"TF",,,,,"TF","TF","TF","TF","TF",,,,,"TF",,,"TF","TF",,"TF",,,,,,,"TF","TF","TF","TF","TF","TF","TF",,,"TF","TF","TF",,,,,,"TF","TF","TF","TF","TF","TF",,"TF",,"TF",,"TF","TF","TF","TF","TF","TF",,,"TF","TF",,"TF","TF",,,,"TF","TF",,"TF","TF",,,,"TF",,"TF","TF",,,,"TF",,,,,,,"TF","TF","TF","TF","TF","TF","TF",,,,
"TF","Factor: WT1; motif: RGGNGGGGGAGGRGGNGGRG; match class: 1","TF:M10108_1","false","0.0016228194597866462","2.7897297931618894","2954","137","43","20045",,,"TF","TF","TF",,"TF","TF",,,,,,"TF",,"TF",,"TF",,,"TF",,,,,,"TF",,,,,"TF",,"TF",,,,,,"TF","TF",,"TF",,,,,,,,"TF","TF",,,,"TF",,,,,"TF","TF","TF",,,,,,,,"TF","TF",,,,,,"TF",,"TF",,"TF","TF",,,,,,"TF","TF",,"TF","TF",,,,,"TF",,,,,,,,"TF","TF","TF",,,,,"TF",,"TF","TF",,,,,,,,,,,"TF","TF","TF",,"TF",,"TF",,,,
"TF","Factor: MOVO-B; motif: GNGGGGG; match class: 1","TF:M01104_1","false","0.002249592161800974","2.64789620985929","5843","137","67","20045","TF","TF",,"TF",,,,"TF",,,,"TF",,"TF",,"TF",,"TF",,,,"TF","TF","TF",,,"TF",,,,,,,,,,"TF",,,"TF",,"TF","TF",,"TF","TF",,"TF",,,"TF","TF","TF","TF",,"TF",,"TF","TF",,"TF",,"TF","TF","TF","TF",,,"TF",,"TF",,,"TF","TF",,,,"TF","TF","TF","TF",,"TF",,,,"TF","TF","TF",,"TF","TF",,"TF","TF",,"TF","TF","TF",,"TF",,"TF","TF","TF",,"TF",,,"TF","TF","TF",,"TF","TF","TF",,"TF",,,,"TF","TF",,,"TF","TF",,,"TF",,,,,,
"TF","Factor: PATZ; motif: GGGGNGGGGGMKGGRRNGGNRN","TF:M10026","false","0.0037130226397272823","2.4302724027052567","8669","137","87","20045","TF",,"TF","TF",,,,"TF","TF",,,"TF","TF","TF","TF","TF","TF","TF","TF",,"TF","TF","TF","TF","TF","TF","TF",,,,"TF",,"TF","TF",,,,"TF",,"TF","TF","TF","TF",,,"TF",,"TF",,,"TF","TF",,,,"TF","TF","TF","TF",,,"TF","TF","TF","TF","TF","TF","TF","TF","TF","TF",,,"TF","TF",,,"TF","TF","TF","TF","TF","TF","TF","TF",,"TF",,"TF","TF","TF","TF","TF","TF",,,,"TF",,"TF","TF",,"TF",,"TF","TF","TF","TF","TF","TF",,"TF","TF",,"TF","TF","TF",,,,,,"TF","TF",,"TF","TF","TF","TF",,"TF","TF","TF",,,,
"TF","Factor: E2F-2; motif: GCGCGCGCNCS; match class: 1","TF:M11529_1","false","0.004224255121875636","2.374249860673833","14894","137","124","20045","TF","TF","TF","TF",,"TF","TF","TF","TF","TF","TF","TF","TF","TF","TF","TF","TF","TF","TF","TF","TF","TF","TF","TF","TF","TF","TF","TF","TF",,"TF","TF","TF","TF","TF",,"TF","TF","TF","TF","TF","TF","TF","TF","TF","TF",,"TF",,"TF","TF","TF","TF","TF",,"TF","TF","TF","TF","TF","TF","TF","TF","TF","TF","TF","TF","TF","TF","TF","TF","TF",,"TF","TF",,,"TF","TF","TF","TF","TF","TF","TF",,"TF","TF","TF","TF","TF","TF","TF","TF","TF","TF","TF","TF","TF","TF","TF","TF","TF","TF","TF","TF","TF","TF","TF","TF","TF","TF","TF","TF",,"TF","TF","TF",,"TF","TF","TF",,"TF","TF","TF","TF","TF","TF","TF","TF","TF","TF","TF","TF","TF","TF","TF"
"TF","Factor: GKLF; motif: NNRRGRRNGNSNNN","TF:M07040","false","0.004402063059119033","2.3563437405125036","13016","137","114","20045","TF","TF","TF","TF","TF","TF","TF","TF",,"TF","TF",,"TF","TF","TF","TF","TF","TF","TF","TF","TF","TF","TF","TF","TF","TF","TF","TF",,"TF","TF","TF","TF","TF","TF","TF","TF","TF","TF","TF","TF","TF","TF","TF",,"TF",,"TF","TF",,"TF","TF",,"TF",,"TF","TF",,"TF",,"TF","TF","TF","TF","TF","TF","TF","TF","TF","TF","TF","TF","TF","TF","TF",,"TF","TF","TF","TF","TF","TF","TF","TF",,"TF","TF","TF","TF","TF","TF","TF","TF","TF","TF",,,"TF",,"TF","TF","TF","TF","TF","TF","TF","TF","TF","TF","TF",,"TF","TF",,"TF","TF","TF",,,"TF","TF",,"TF","TF","TF",,"TF","TF","TF","TF","TF","TF","TF","TF",,,"TF"
"TF","Factor: E2F3; motif: NNRGMKGGAR; match class: 1","TF:M12598_1","false","0.004628181968952397","2.334589573973035","7152","137","76","20045",,"TF","TF","TF",,"TF","TF",,,,,"TF","TF","TF","TF",,"TF",,"TF","TF","TF",,"TF",,"TF","TF",,,,,,"TF","TF","TF","TF",,"TF","TF",,"TF","TF",,,,"TF","TF",,"TF",,,"TF","TF",,"TF",,,"TF","TF",,,"TF",,"TF","TF","TF",,"TF","TF",,,,"TF",,,"TF",,,"TF",,"TF","TF","TF","TF","TF",,,"TF",,"TF",,"TF",,"TF","TF","TF",,,"TF",,,,"TF","TF",,"TF",,,"TF",,,"TF",,"TF",,"TF","TF","TF",,,"TF","TF",,,,"TF","TF","TF","TF","TF","TF","TF","TF","TF","TF","TF",,"TF"
"TF","Factor: BEN; motif: CAGCGRNV; match class: 1","TF:M01240_1","false","0.005179087207853066","2.2857467760702512","13586","137","117","20045","TF","TF","TF","TF","TF",,,"TF","TF",,"TF","TF","TF","TF","TF","TF","TF","TF","TF","TF","TF","TF","TF","TF","TF","TF","TF","TF","TF",,"TF","TF","TF","TF","TF","TF","TF","TF","TF","TF","TF","TF","TF","TF","TF","TF",,"TF",,"TF","TF","TF","TF",,,"TF","TF","TF","TF","TF","TF","TF","TF","TF","TF","TF","TF","TF","TF","TF","TF","TF",,"TF","TF",,,"TF",,,"TF","TF","TF","TF",,,"TF","TF","TF","TF","TF","TF","TF","TF","TF","TF","TF","TF",,"TF","TF","TF",,"TF","TF","TF","TF","TF",,"TF","TF","TF","TF","TF","TF","TF","TF",,"TF","TF","TF",,"TF","TF","TF","TF","TF","TF","TF","TF","TF","TF","TF","TF","TF","TF","TF"
"TF","Factor: ZIC4; motif: NNCCNCCCRYNGYGN; match class: 1","TF:M12227_1","false","0.005197696346961274","2.284189095879863","6100","137","68","20045",,,"TF",,"TF",,,"TF","TF",,,"TF",,"TF","TF","TF","TF",,"TF","TF",,,"TF","TF",,"TF","TF",,"TF",,,,,"TF",,,,"TF",,"TF","TF",,,"TF","TF","TF",,"TF",,"TF",,"TF","TF",,,"TF",,"TF",,,"TF","TF","TF","TF","TF","TF","TF","TF",,"TF","TF",,,,,,,"TF","TF",,"TF","TF","TF","TF",,,,"TF","TF","TF","TF","TF",,,"TF","TF",,"TF","TF","TF",,"TF",,"TF","TF","TF",,,,,,,"TF",,"TF",,,,,,,,"TF","TF",,"TF","TF","TF","TF",,"TF",,,,,,
"TF","Factor: E2F-4; motif: SNGGGCGGGAANN; match class: 1","TF:M09894_1","false","0.005417598485735043","2.2661931849601515","14345","137","121","20045","TF","TF","TF","TF","TF","TF","TF","TF","TF","TF","TF","TF","TF","TF","TF","TF","TF","TF","TF","TF","TF",,"TF","TF","TF","TF","TF","TF","TF",,"TF","TF","TF","TF","TF","TF","TF","TF","TF","TF","TF","TF","TF","TF","TF","TF",,"TF",,"TF","TF","TF","TF","TF",,"TF","TF","TF","TF",,"TF","TF","TF","TF","TF","TF","TF","TF","TF","TF","TF","TF",,"TF","TF","TF",,"TF","TF","TF","TF","TF","TF","TF",,"TF","TF","TF","TF","TF","TF","TF","TF","TF","TF",,"TF","TF","TF","TF","TF","TF","TF","TF","TF","TF",,"TF",,"TF","TF","TF","TF",,"TF","TF","TF",,"TF","TF","TF",,"TF","TF","TF","TF","TF","TF","TF","TF","TF","TF","TF","TF",,"TF","TF"
"TF","Factor: E2F-2; motif: GCGCGCGCGYW","TF:M11531","false","0.007808263196830154","2.1074455561245995","13659","137","117","20045","TF","TF","TF","TF",,"TF","TF","TF","TF","TF","TF","TF","TF","TF","TF","TF","TF","TF","TF","TF",,"TF","TF","TF","TF","TF","TF",,"TF",,"TF","TF","TF","TF","TF",,"TF","TF","TF","TF","TF","TF","TF","TF","TF","TF",,"TF",,"TF","TF","TF","TF",,,"TF","TF","TF","TF",,"TF","TF","TF","TF","TF","TF","TF","TF","TF","TF","TF","TF",,"TF","TF",,,"TF",,"TF","TF","TF","TF","TF",,"TF",,"TF","TF","TF","TF","TF","TF","TF","TF","TF","TF","TF","TF","TF","TF","TF","TF","TF","TF","TF",,"TF","TF","TF","TF","TF","TF",,"TF","TF","TF",,"TF","TF","TF",,"TF","TF","TF","TF","TF","TF","TF","TF","TF","TF","TF","TF","TF","TF","TF"
"TF","Factor: MAZ; motif: CCCTCCCYCYN","TF:M07297","false","0.009439305311644275","2.025059966551622","3042","137","42","20045","TF",,,"TF","TF","TF","TF","TF",,,,,,"TF",,"TF","TF",,,,,,,,,"TF","TF",,,,,,,"TF","TF",,,,,"TF",,,,,,,,,,,,,,"TF",,"TF",,,"TF",,,,"TF",,,"TF",,,,"TF",,"TF","TF",,,,,"TF",,"TF","TF",,"TF",,"TF",,,,,"TF","TF","TF",,,,"TF",,"TF",,,"TF",,,,,"TF","TF",,,,,,,,"TF","TF","TF",,,,"TF",,,,,,,,"TF",,"TF",,,"TF",,,
"TF","Factor: TAFII250; motif: RARRWGGCGGMGGNGR; match class: 1","TF:M10086_1","false","0.009857260607814687","2.0062437613475663","4076","137","51","20045",,,,"TF",,,,"TF","TF",,,,"TF",,,"TF","TF","TF",,,,,"TF","TF","TF","TF","TF",,"TF","TF",,,,"TF",,,"TF",,,,,,"TF",,,"TF",,,,,"TF",,,,,,"TF","TF","TF",,"TF","TF",,,"TF",,,"TF",,"TF","TF",,,"TF","TF",,,"TF",,,,"TF","TF",,,,,"TF","TF","TF",,"TF","TF","TF","TF",,,"TF",,,"TF",,,,,"TF",,,,,,,,,,,,,,"TF","TF",,"TF",,,,"TF","TF",,,,,"TF","TF",,,"TF"
"TF","Factor: ZF5; motif: NRNGNGCGCGCWN","TF:M00333","false","0.01085952822817923","1.9641890414459655","15464","137","126","20045","TF","TF","TF","TF","TF","TF","TF","TF","TF","TF","TF","TF","TF","TF","TF","TF","TF","TF","TF","TF","TF","TF","TF","TF","TF","TF","TF","TF","TF","TF","TF","TF","TF","TF","TF","TF","TF","TF","TF","TF","TF","TF","TF","TF","TF","TF","TF","TF",,"TF","TF","TF","TF","TF",,"TF","TF","TF","TF","TF","TF","TF","TF","TF","TF","TF","TF","TF","TF","TF","TF","TF",,"TF","TF",,,"TF",,"TF","TF","TF","TF","TF",,"TF","TF","TF","TF","TF","TF","TF","TF","TF","TF","TF","TF","TF","TF","TF","TF","TF","TF","TF","TF",,"TF","TF",,"TF","TF","TF","TF","TF","TF","TF","TF",,"TF","TF","TF",,"TF","TF","TF","TF","TF","TF","TF","TF","TF","TF","TF","TF","TF","TF","TF"
"TF","Factor: MED8; motif: CYYNSCYYCCTSCNCC; match class: 1","TF:M13128_1","false","0.014051165916328661","1.852287638035079","8039","137","81","20045",,,,"TF","TF",,,"TF","TF",,"TF",,,"TF","TF","TF","TF","TF","TF","TF","TF","TF","TF",,"TF","TF","TF",,,,"TF",,"TF","TF",,,,,"TF","TF","TF","TF","TF",,,,,"TF",,,"TF","TF","TF","TF",,"TF","TF","TF","TF",,"TF","TF","TF","TF",,,"TF","TF",,"TF","TF","TF",,,"TF",,,"TF","TF","TF","TF","TF","TF",,"TF",,"TF",,"TF","TF","TF",,"TF","TF",,,"TF","TF","TF","TF","TF",,,,"TF","TF",,"TF",,,,"TF","TF",,"TF","TF",,,,"TF",,,"TF","TF","TF",,"TF","TF","TF","TF","TF",,"TF","TF",,,
"TF","Factor: E2F-1; motif: NNNSSCGCSAANN","TF:M07250","false","0.014285887445348979","1.845092775886992","11049","137","101","20045","TF","TF",,"TF",,"TF","TF",,,"TF","TF","TF","TF","TF","TF","TF","TF","TF","TF","TF",,"TF","TF","TF","TF","TF","TF",,"TF",,,,"TF","TF","TF","TF",,"TF",,"TF","TF","TF","TF","TF","TF",,,"TF","TF",,"TF","TF","TF","TF",,"TF","TF","TF","TF",,"TF","TF","TF","TF","TF","TF","TF","TF",,"TF","TF","TF",,"TF","TF",,,"TF",,"TF","TF","TF","TF","TF",,"TF",,"TF","TF","TF",,"TF","TF",,"TF",,"TF","TF",,"TF","TF",,"TF","TF","TF","TF",,"TF",,"TF",,"TF",,"TF","TF","TF","TF",,"TF","TF",,,"TF","TF","TF","TF","TF","TF","TF","TF","TF",,"TF","TF","TF","TF","TF"
"TF","Factor: DB1; motif: GGRRRRGRRGGAGGGGGNGRRR; match class: 1","TF:M10107_1","false","0.014469879921279571","1.8395350728714295","2764","137","39","20045",,,,"TF",,,,"TF",,,,,,"TF",,"TF",,"TF",,,,"TF",,,,"TF","TF",,,,,"TF",,"TF",,,,,,"TF",,,"TF",,,,,,,,"TF","TF",,,,,,,,,"TF",,"TF",,,"TF","TF",,,,,,,,,,,"TF","TF","TF",,"TF","TF",,"TF",,,,"TF","TF","TF","TF","TF",,,,,"TF",,"TF",,,,,,"TF",,,,,,,"TF",,"TF","TF",,,,,,,,,,,"TF","TF",,,"TF",,"TF",,,,
"TF","Factor: AP-2; motif: GSCCSCRGGCNRNRNN","TF:M00800","false","0.015362406140643698","1.8135407574968672","9365","137","90","20045","TF",,"TF",,,,,"TF",,"TF","TF","TF","TF","TF",,"TF","TF","TF","TF","TF",,,,"TF",,,"TF",,"TF",,"TF","TF","TF","TF","TF",,,,,"TF","TF",,"TF","TF","TF","TF",,,,,"TF","TF","TF",,,"TF",,"TF","TF",,"TF","TF",,"TF","TF","TF","TF","TF","TF","TF","TF","TF",,"TF","TF",,"TF","TF",,,"TF","TF","TF","TF",,"TF","TF","TF","TF","TF",,"TF",,"TF","TF","TF","TF","TF","TF",,"TF",,"TF","TF","TF",,"TF",,,"TF",,"TF","TF","TF","TF","TF",,,"TF","TF","TF",,"TF","TF","TF","TF","TF","TF","TF","TF","TF",,"TF",,"TF",,"TF"
"TF","Factor: ZNF511; motif: GGRRGRGGCWGNG; match class: 1","TF:M09738_1","false","0.01657895047339452","1.7804429658267789","4877","137","57","20045",,"TF",,"TF","TF",,,"TF","TF",,"TF",,,,,"TF",,"TF","TF",,,"TF",,"TF",,"TF",,,,"TF",,,"TF",,,,"TF",,,"TF",,"TF","TF",,"TF",,,"TF",,,,"TF",,,,,"TF",,"TF",,,"TF","TF","TF","TF",,"TF",,,,,"TF",,"TF",,,,,"TF","TF","TF","TF","TF",,,"TF",,,,"TF","TF","TF","TF",,"TF",,"TF",,"TF","TF",,,,,"TF","TF","TF",,,"TF",,,"TF",,"TF",,,,"TF",,,,"TF",,"TF",,,"TF",,"TF",,,"TF","TF",,,
"TF","Factor: BTEB3; motif: BNRNGGGAGGNGT","TF:M01865","false","0.016683213761126938","1.7777202855757848","10138","137","95","20045","TF","TF","TF","TF","TF","TF","TF","TF","TF","TF",,,"TF","TF","TF",,"TF","TF","TF",,"TF",,,"TF","TF","TF","TF",,,,,"TF","TF","TF","TF",,,"TF","TF","TF","TF","TF","TF","TF","TF","TF",,"TF",,,,"TF",,,,,"TF","TF","TF","TF","TF",,"TF","TF","TF","TF","TF","TF","TF","TF","TF","TF","TF","TF","TF","TF","TF","TF","TF","TF","TF","TF","TF",,,"TF","TF","TF","TF","TF","TF","TF","TF","TF",,,,"TF",,"TF",,"TF",,"TF","TF","TF","TF","TF",,,,,"TF",,"TF","TF","TF",,,"TF","TF",,"TF","TF",,,"TF","TF","TF","TF","TF","TF","TF","TF",,,
"TF","Factor: Egr-2; motif: GNGRRNGWGKGGGNGGRG","TF:M09898","false","0.016927416270150056","1.7714093257214543","6690","137","71","20045","TF","TF","TF","TF","TF",,,"TF","TF",,,,"TF","TF","TF","TF","TF","TF",,,"TF",,"TF",,,,"TF",,,,"TF",,"TF","TF",,,"TF",,,"TF","TF","TF","TF",,,"TF",,,"TF","TF","TF","TF",,,,"TF",,"TF",,,,"TF",,"TF","TF",,,,,"TF","TF","TF",,,"TF",,,,"TF","TF","TF","TF","TF",,,,"TF",,"TF","TF","TF","TF","TF","TF",,,"TF","TF","TF","TF","TF",,,,,"TF","TF","TF",,,,,"TF",,"TF","TF","TF",,"TF","TF",,,"TF",,,"TF",,"TF","TF",,"TF",,"TF","TF",,,
"TF","Factor: FPM315; motif: GGGAGGAGGRRGRGGRGGRR","TF:M10134","false","0.01722602393939665","1.7638149535705272","2569","137","37","20045",,,,"TF",,,,"TF","TF",,,,,,,"TF","TF",,"TF","TF",,,,,"TF",,,,,"TF",,"TF","TF",,,,"TF",,,,,,"TF",,,,,,,,"TF","TF",,,,,,,,,"TF",,,,,,"TF","TF",,"TF","TF",,,,"TF",,,"TF",,"TF",,,,,,,"TF",,,"TF",,,"TF","TF",,,,"TF",,"TF",,"TF",,,"TF","TF","TF",,,,,,,,,,,,,,,,,,,"TF","TF",,,,"TF",,"TF",,,,
"TF","Factor: ZNF610; motif: NSCGCCGCTCCSNN","TF:M12737","false","0.018090761600692996","1.7425431494466543","1566","137","27","20045",,,"TF",,,,,,,,,,,,,,,,,"TF",,,"TF","TF",,"TF","TF",,,,,,,"TF","TF",,,,,"TF",,,,,,,,"TF",,,,,,,,,,,,,"TF",,,"TF",,,"TF",,"TF",,,,,,"TF",,,,,,"TF",,"TF",,,,,"TF","TF","TF",,,"TF",,,,,,,"TF",,,,,"TF","TF",,,,,,,"TF",,,,,,,,,,,,,,,,,,"TF",,,"TF",,,
"TF","Factor: ctcf; motif: CCRSCAGGGGGCGCN","TF:M10426","false","0.023561352861064117","1.6277997765663144","9595","137","91","20045","TF","TF","TF",,,"TF","TF","TF","TF","TF","TF","TF","TF",,,"TF","TF",,"TF","TF",,,"TF","TF",,"TF","TF","TF",,,,,,"TF","TF",,,,"TF","TF","TF",,"TF","TF","TF","TF",,"TF",,,"TF","TF","TF",,,"TF","TF","TF","TF",,"TF",,"TF","TF","TF","TF","TF","TF",,"TF","TF","TF",,"TF","TF",,,"TF",,,"TF","TF","TF","TF",,"TF",,"TF","TF","TF",,"TF","TF","TF","TF","TF","TF","TF","TF","TF",,"TF","TF","TF","TF","TF",,"TF",,,,"TF","TF",,"TF","TF","TF",,,"TF","TF",,"TF","TF","TF","TF","TF","TF","TF","TF","TF",,"TF","TF",,,
"TF","Factor: GKLF; motif: NNRRGRRNGNSNNN; match class: 1","TF:M07040_1","false","0.023752234715047074","1.6242955237756818","8420","137","83","20045",,"TF","TF","TF",,"TF","TF","TF",,,"TF",,,"TF","TF","TF","TF","TF","TF",,"TF",,,"TF","TF",,"TF",,,,"TF","TF","TF","TF","TF",,"TF",,"TF","TF","TF",,"TF","TF",,"TF",,,,,"TF","TF",,"TF",,"TF",,,"TF",,"TF","TF","TF","TF","TF","TF","TF",,,,"TF","TF","TF",,"TF",,"TF","TF",,"TF","TF","TF","TF","TF",,,"TF","TF","TF","TF",,"TF","TF",,"TF",,,"TF",,"TF","TF",,,"TF","TF","TF","TF","TF","TF","TF",,"TF","TF",,"TF","TF","TF",,,,"TF",,"TF","TF",,,"TF","TF","TF","TF","TF",,"TF",,,,
"TF","Factor: WT1; motif: CGCCCCCNCN","TF:M02036","false","0.024564812220171338","1.609686551376711","10058","137","94","20045","TF",,,,,,,"TF","TF","TF","TF","TF","TF","TF","TF","TF","TF","TF","TF","TF","TF",,"TF","TF",,"TF","TF",,"TF",,"TF",,,"TF","TF",,,,"TF","TF","TF",,"TF","TF","TF","TF",,,,,"TF","TF",,"TF",,"TF","TF","TF","TF",,"TF","TF","TF",,"TF","TF","TF","TF","TF","TF","TF","TF",,"TF","TF",,,"TF","TF","TF","TF","TF","TF","TF",,"TF","TF","TF","TF","TF",,"TF","TF",,"TF",,"TF","TF",,"TF","TF","TF","TF",,"TF",,"TF","TF","TF",,,"TF","TF",,"TF",,"TF",,"TF",,"TF",,"TF","TF","TF","TF","TF","TF","TF","TF","TF",,"TF","TF",,"TF","TF"
"TF","Factor: GKLF; motif: CCTCCYN; match class: 1","TF:M01835_1","false","0.025230771900616008","1.5980694626393783","10371","137","96","20045","TF",,,"TF","TF","TF","TF","TF","TF","TF","TF","TF","TF","TF",,,"TF",,"TF",,"TF",,"TF","TF","TF","TF","TF","TF",,,,"TF","TF","TF","TF",,"TF","TF","TF","TF",,,"TF","TF","TF","TF",,,,,"TF","TF",,"TF",,"TF","TF",,,"TF",,"TF","TF",,"TF","TF","TF","TF","TF","TF","TF","TF","TF","TF","TF",,"TF","TF","TF","TF","TF","TF","TF","TF","TF","TF","TF","TF","TF","TF","TF","TF","TF","TF","TF",,,"TF",,"TF",,"TF","TF","TF","TF",,"TF","TF",,,,,"TF","TF","TF","TF","TF","TF",,"TF",,,"TF",,,"TF","TF","TF","TF",,"TF","TF","TF","TF",,,"TF"
"TF","Factor: GKLF; motif: NNNRGGNGNGGSN","TF:M07289","false","0.027357816093479086","1.5629185742182432","15020","137","123","20045","TF","TF","TF","TF","TF","TF",,"TF","TF",,,"TF","TF","TF","TF","TF","TF","TF","TF","TF","TF","TF","TF","TF","TF","TF","TF",,"TF",,"TF","TF","TF","TF","TF","TF","TF","TF","TF","TF","TF","TF","TF","TF","TF","TF","TF","TF","TF","TF","TF","TF","TF","TF",,"TF","TF","TF","TF","TF","TF","TF","TF","TF","TF","TF","TF","TF","TF",,"TF","TF","TF","TF","TF",,,"TF","TF","TF","TF","TF","TF","TF","TF",,"TF",,"TF","TF","TF","TF","TF","TF","TF","TF","TF","TF","TF","TF","TF","TF","TF","TF","TF","TF","TF","TF","TF",,"TF","TF","TF",,"TF","TF","TF","TF","TF","TF","TF","TF","TF","TF","TF","TF","TF","TF","TF","TF","TF","TF","TF","TF","TF",,"TF"
"TF","Factor: BTEB3; motif: BNRNGGGAGGNGT; match class: 1","TF:M01865_1","false","0.027545329719448057","1.5599520247254088","4340","137","52","20045","TF","TF",,"TF","TF","TF",,"TF",,,,,,"TF",,,"TF","TF",,,,,,"TF",,,"TF",,,,,,"TF","TF",,,,,,"TF","TF",,,,"TF","TF",,"TF",,,,,,,,,,,,,,,"TF","TF","TF","TF","TF",,,"TF","TF",,,"TF","TF",,"TF","TF",,"TF",,"TF","TF",,,"TF","TF","TF","TF","TF",,"TF","TF",,,,,"TF",,,,"TF",,,,,"TF",,,,,,,,"TF","TF",,,,,"TF",,,"TF",,,"TF","TF","TF",,"TF",,"TF","TF",,,
"TF","Factor: CSX; motif: NKRAGWGS","TF:M10008","false","0.027559113973149953","1.5597347491286113","10388","137","96","20045","TF","TF",,"TF",,,,"TF","TF","TF","TF","TF","TF","TF",,"TF",,"TF","TF","TF","TF","TF",,"TF",,"TF","TF","TF",,,"TF","TF","TF","TF","TF",,"TF","TF",,"TF","TF","TF","TF","TF","TF","TF",,"TF","TF",,"TF","TF","TF",,"TF","TF",,"TF","TF",,"TF",,"TF","TF","TF","TF",,"TF","TF","TF",,"TF","TF",,"TF","TF",,"TF","TF","TF","TF","TF","TF",,"TF",,"TF","TF","TF","TF","TF",,"TF","TF","TF","TF","TF",,,"TF",,,"TF","TF","TF","TF","TF","TF",,,"TF","TF",,,"TF",,"TF",,"TF",,"TF",,"TF","TF","TF","TF","TF",,"TF",,"TF",,"TF","TF","TF","TF",
"TF","Factor: HIC1; motif: NNNGGKTGCCCSNNNNNN","TF:M01073","false","0.028225755211660906","1.5493544292127672","4223","137","51","20045",,,,,"TF",,"TF",,"TF","TF",,,,,"TF","TF",,,,"TF","TF","TF",,"TF",,,,,,,,"TF",,,,,"TF",,,"TF",,,"TF",,,,,"TF",,,,"TF","TF",,,,"TF",,,,"TF",,,"TF",,,,"TF",,,,"TF",,"TF",,,,,,,"TF",,"TF",,,,,,"TF","TF","TF",,,"TF","TF",,"TF",,,,,"TF",,"TF","TF",,"TF",,,"TF","TF",,"TF",,"TF","TF","TF",,"TF",,"TF",,,"TF","TF","TF","TF","TF","TF","TF",,,,,"TF",,
"TF","Factor: E2F-1; motif: NGGGCGGGARV; match class: 1","TF:M07206_1","false","0.028947143509854865","1.5383942857919666","11184","137","101","20045","TF","TF","TF","TF",,"TF","TF","TF","TF",,"TF","TF","TF","TF",,"TF","TF","TF","TF","TF","TF",,"TF","TF","TF","TF",,,"TF",,,"TF","TF","TF","TF",,"TF","TF",,"TF","TF",,"TF","TF","TF","TF",,"TF",,,"TF","TF","TF","TF",,"TF","TF","TF","TF",,"TF","TF",,"TF","TF","TF","TF","TF",,"TF","TF","TF",,,"TF",,,,,"TF","TF","TF","TF","TF",,"TF","TF","TF","TF","TF","TF","TF","TF","TF",,,"TF","TF",,,"TF","TF","TF","TF","TF","TF",,"TF",,"TF","TF","TF","TF",,"TF","TF","TF",,"TF","TF","TF",,"TF","TF","TF","TF","TF","TF","TF","TF","TF","TF","TF","TF","TF",,
"TF","Factor: ZNF300; motif: SWGGGGGSN","TF:M07486","false","0.030511458481169717","1.51553703210899","13022","137","112","20045","TF",,,,"TF","TF",,"TF","TF","TF","TF",,"TF","TF","TF","TF","TF","TF",,"TF","TF",,"TF","TF",,"TF","TF","TF","TF","TF","TF","TF",,"TF","TF","TF","TF","TF","TF","TF","TF","TF","TF","TF","TF","TF","TF","TF",,"TF","TF","TF",,,,"TF","TF","TF","TF",,"TF","TF","TF","TF","TF","TF","TF","TF","TF","TF","TF","TF","TF","TF","TF",,,"TF","TF","TF","TF","TF","TF","TF","TF","TF","TF","TF","TF","TF","TF","TF","TF","TF","TF","TF","TF","TF",,"TF","TF","TF",,"TF","TF","TF","TF","TF","TF","TF","TF","TF","TF",,"TF","TF","TF",,,,,,"TF","TF","TF","TF","TF","TF","TF","TF","TF","TF",,"TF","TF","TF","TF"
"TF","Factor: ZNF253; motif: SNGNSCGNGGNGCKGNN","TF:M13147","false","0.031055675799966057","1.5078590156696707","11358","137","102","20045",,"TF","TF",,,"TF","TF","TF","TF","TF","TF","TF","TF","TF","TF","TF","TF","TF","TF","TF",,,"TF","TF","TF","TF","TF",,"TF",,,,"TF",,"TF","TF",,"TF",,"TF","TF","TF","TF","TF","TF","TF","TF","TF",,,"TF","TF","TF",,,"TF",,"TF","TF",,"TF","TF","TF","TF","TF","TF","TF","TF","TF","TF","TF","TF",,"TF",,,,"TF",,"TF","TF","TF","TF","TF",,"TF",,"TF",,"TF","TF","TF","TF","TF","TF","TF","TF","TF","TF","TF","TF","TF","TF","TF","TF","TF","TF","TF",,"TF","TF","TF","TF",,"TF","TF","TF",,"TF","TF","TF",,"TF","TF","TF","TF",,"TF","TF","TF","TF",,"TF","TF",,,
"TF","Factor: RNF96; motif: BCCCGCRGCC; match class: 1","TF:M01199_1","false","0.031447166149830244","1.502418484747895","4481","137","53","20045",,,,"TF",,,"TF",,"TF",,,,,"TF","TF","TF","TF",,"TF",,,"TF",,"TF","TF","TF","TF",,"TF",,,,,"TF",,,,,,"TF",,,"TF",,"TF",,,,,,,"TF","TF",,,"TF",,"TF","TF",,"TF",,"TF","TF","TF","TF","TF",,,,,,,"TF","TF",,,,,"TF","TF","TF","TF",,,,,"TF",,"TF","TF","TF",,,,,,,,"TF",,,,,"TF",,,,,,,,"TF",,"TF","TF",,,"TF",,"TF",,,,"TF","TF",,"TF","TF","TF","TF",,,"TF",,,
"TF","Factor: PATZ; motif: GGGGNGGGGGMKGGRRNGGNRN; match class: 1","TF:M10026_1","false","0.03322238554323137","1.4785691861210881","5109","137","58","20045","TF",,"TF","TF",,,,"TF","TF",,,,,"TF","TF","TF","TF","TF",,,"TF",,"TF",,"TF",,"TF",,,,"TF",,,"TF",,,,,,"TF",,,"TF",,,"TF",,,,,"TF","TF",,,,"TF",,"TF","TF",,,"TF",,"TF","TF","TF","TF",,,"TF","TF",,,,"TF",,,,"TF","TF","TF","TF","TF","TF",,,,,"TF","TF","TF","TF","TF","TF",,,,"TF",,,"TF",,,,"TF","TF","TF",,,,,"TF",,,"TF","TF","TF",,,,,,"TF",,,,"TF","TF","TF",,,,"TF",,,,
"TF","Factor: E2F; motif: GGCGSG","TF:M00803","false","0.03333932462528988","1.4770432021828994","13566","137","115","20045","TF","TF","TF","TF",,"TF","TF","TF","TF","TF","TF","TF","TF","TF","TF","TF","TF","TF","TF","TF",,"TF","TF","TF","TF","TF","TF",,"TF",,"TF","TF","TF","TF","TF",,"TF","TF","TF","TF","TF","TF","TF","TF","TF","TF",,"TF",,"TF","TF","TF","TF",,,"TF","TF","TF","TF",,"TF","TF","TF","TF","TF","TF","TF","TF","TF","TF","TF","TF",,"TF","TF",,,"TF",,"TF","TF","TF","TF","TF",,"TF",,"TF","TF","TF","TF","TF","TF","TF","TF","TF","TF","TF","TF","TF","TF","TF","TF","TF","TF","TF",,"TF",,,"TF","TF","TF",,"TF","TF","TF",,"TF","TF","TF",,"TF","TF","TF","TF","TF","TF","TF","TF","TF","TF","TF","TF","TF","TF","TF"
"TF","Factor: FPM315; motif: GGAGGAGGRRGRGGRGGRRGR","TF:M07141","false","0.035545725517355756","1.4492126170393869","2227","137","33","20045",,,,"TF",,,,"TF","TF",,,,,,,"TF",,,,,,,,"TF","TF",,,,,,,"TF",,,,,,,"TF",,,"TF","TF",,,,,,,,"TF",,,,,,,"TF","TF",,"TF",,,,,,,"TF",,"TF","TF",,,,"TF",,,"TF","TF","TF",,"TF",,,,,,,,"TF",,"TF","TF",,,,,"TF",,"TF",,,,,,,,,,,,,,,,,,,,"TF",,,,,,,"TF","TF",,,"TF",,"TF",,,,"TF"
"TF","Factor: RERE; motif: CNGCNSCNNGSRCRGSGSS; match class: 1","TF:M13129_1","false","0.036863997840693115","1.4333975680316782","6157","137","66","20045",,,"TF","TF",,,"TF","TF","TF",,"TF",,"TF",,"TF","TF","TF",,"TF",,,,,"TF","TF","TF","TF",,"TF",,,,,"TF",,,,,,"TF",,"TF","TF","TF","TF","TF",,"TF",,,,,"TF",,,"TF",,,"TF",,"TF",,"TF","TF","TF","TF","TF",,,"TF",,"TF",,"TF",,,,,,,"TF","TF","TF","TF",,,,"TF","TF","TF",,"TF",,,,,,,,"TF","TF","TF","TF",,"TF","TF","TF","TF",,,,,"TF",,"TF","TF","TF",,"TF","TF","TF",,"TF",,"TF","TF",,,,"TF","TF",,"TF","TF",,,
"TF","Factor: MAZ; motif: GGGGGAGGGGGNGRGRRRGNRG","TF:M09984","false","0.03863758877079138","1.4129899841254536","9841","137","92","20045",,"TF","TF","TF",,,,"TF","TF",,,,"TF","TF",,"TF","TF","TF","TF","TF","TF",,"TF","TF","TF","TF","TF",,,,"TF","TF","TF","TF",,"TF","TF",,,"TF","TF","TF","TF","TF",,,,,"TF","TF","TF","TF",,"TF",,"TF","TF","TF","TF",,"TF","TF","TF","TF","TF","TF",,"TF","TF","TF","TF","TF",,"TF","TF",,,"TF","TF","TF","TF","TF","TF","TF","TF",,"TF",,"TF","TF","TF","TF","TF","TF",,,"TF","TF","TF","TF","TF","TF","TF",,"TF","TF","TF","TF","TF","TF",,,"TF",,"TF","TF","TF",,,,,,"TF","TF",,,"TF","TF","TF","TF","TF",,"TF",,,,"TF"
"TF","Factor: ZF5; motif: GSGCGCGR; match class: 1","TF:M00716_1","false","0.04105739836310011","1.3866085735320752","14519","137","120","20045","TF","TF","TF","TF",,"TF","TF","TF","TF","TF","TF","TF","TF","TF","TF","TF","TF","TF","TF","TF","TF","TF","TF","TF","TF","TF","TF",,"TF",,"TF","TF","TF","TF","TF",,"TF","TF","TF","TF","TF","TF","TF","TF","TF","TF",,"TF",,"TF","TF","TF","TF",,,"TF","TF","TF","TF",,"TF","TF","TF","TF","TF","TF","TF","TF","TF","TF","TF","TF",,"TF","TF",,,"TF",,"TF","TF","TF","TF","TF",,"TF","TF","TF","TF","TF","TF","TF","TF",,"TF","TF","TF","TF","TF","TF","TF","TF","TF","TF","TF","TF","TF","TF","TF","TF","TF","TF","TF","TF","TF","TF","TF",,"TF","TF","TF",,"TF","TF","TF","TF","TF","TF","TF","TF","TF","TF","TF","TF","TF","TF","TF"
"TF","Factor: AP-2gamma:Elk-1; motif: NGCCKNRGGSGRCGGAAGTG; match class: 1","TF:M08441_1","false","0.041409809245478414","1.3828967700730128","13081","137","112","20045","TF","TF","TF","TF","TF","TF","TF","TF","TF","TF","TF","TF","TF","TF","TF","TF","TF","TF","TF","TF","TF","TF","TF","TF","TF","TF","TF","TF","TF",,"TF","TF","TF","TF","TF",,,,,"TF","TF","TF","TF","TF","TF","TF","TF","TF",,"TF","TF","TF",,"TF",,"TF","TF","TF","TF",,"TF","TF","TF","TF","TF","TF","TF","TF",,"TF","TF","TF","TF","TF","TF",,,"TF","TF",,"TF","TF",,"TF","TF","TF","TF","TF","TF","TF","TF","TF","TF","TF","TF","TF","TF","TF",,"TF","TF","TF",,"TF","TF","TF","TF","TF",,"TF","TF",,"TF",,"TF","TF","TF",,"TF","TF","TF",,"TF","TF","TF","TF","TF","TF",,"TF","TF",,"TF","TF",,,"TF"
"MIRNA","hsa-miR-4659b-3p","MIRNA:hsa-miR-4659b-3p","false","0.026661239173052954","1.574119669118999","227","109","9","14819",,,,,,,,,,"MIRNA",,,,,,,,,,,,,,,,,,,,,,,"MIRNA",,,,,,,,,,,,,,,"MIRNA",,,"MIRNA",,,,,,,"MIRNA",,,,"MIRNA",,,,,,,,,,,,,,,,,,,,,,,,"MIRNA",,,,,,,,,,,,,,,,,,"MIRNA","MIRNA",,,,,,,,,,,,,,,,,,,,,,,,,,,,,,,,
"MIRNA","hsa-miR-4659a-3p","MIRNA:hsa-miR-4659a-3p","false","0.026661239173052954","1.574119669118999","227","109","9","14819",,,,,,,,,,"MIRNA",,,,,,,,,,,,,,,,,,,,,,,"MIRNA",,,,,,,,,,,,,,,"MIRNA",,,"MIRNA",,,,,,,"MIRNA",,,,"MIRNA",,,,,,,,,,,,,,,,,,,,,,,,"MIRNA",,,,,,,,,,,,,,,,,,"MIRNA","MIRNA",,,,,,,,,,,,,,,,,,,,,,,,,,,,,,,,
"CORUM","mGluR3-mGluR4 complex","CORUM:6369","false","0.016685952714584413","1.7776489914740092","2","22","2","3383",,,,,,,,,,,,,,,,,,,"CORUM",,,,,,,,,,,,,,,,,,,,,,,,,,,,,,,,,,,,,,,,,,,,,,,,,,,,,,,,,,,,,,,,,,,,,,,,,,,"CORUM",,,,,,,,,,,,,,,,,,,,,,,,,,,,,,,,,,,,,,,,,,,
"CORUM","mGluR3-mGluR8 complex","CORUM:6371","false","0.016685952714584413","1.7776489914740092","2","22","2","3383",,,,,,,,,,,,,,,,,,,,,,,,,,,,,,,,,,,,,,,,,,,,,,,,,,,,,,,,,,,,,,,,,,,,,,,,,,,,,,,,,,,,"CORUM",,,,,,,,,,"CORUM",,,,,,,,,,,,,,,,,,,,,,,,,,,,,,,,,,,,,,,,,,,
"HP","Abnormal fetal nasal bone visualization","HP:0025705","false","0.049962024224961814","1.3013599743827275","2","33","2","4958",,,,,,,,,,,,,,,,,,,,,"HP",,,,,,,,,,,,,,,,,,,,,,,,,,,,,,,,,,,,,,,,,,,,,,,,,,,,,,,,,,,,,,,,,,,,,,,,,,,,,,,,,,,,,,,"HP",,,,,,,,,,,,,,,,,,,,,,,,,,,,,
