"source","term_name","term_id","highlighted","adjusted_p_value","negative_log10_of_adjusted_p_value","term_size","query_size","intersection_size","effective_domain_size","AGBL1","PDZD2","RASGRF2","PCSK6","GPC6","RFX3","CDH9","MAP7","PTPN13","GALNT13","ADAMTS3","LRRTM4","CDKL1","SLC4A4","DAPK1","SGCD","NTRK3","HSPA12A","KCNMB2","ACAP2","NPAS3","PLEKHA5","GRIA4","CUX2","PPP4R4","GALNT18","TCERG1L","ROBO1","IQCJ","ATP6V1H","SIPA1L1","PARD3","CBLN2","RGS6","IL1RAPL1","BRINP2","NEDD4L","EPB41L2","RCAN2","GSG1L","HS6ST3","PTPRO","GNAL","TANC2","CAMK4","KCTD1","TAFA1","MLIP","EPHA6","ST6GALNAC5","DGKB","CACNG3","KCTD16","F13A1","GRM1","PDE1C","CADPS","PTK2B","DPYD","DOK6","TMEM108","MEIS2","ITPR2","ATRNL1","KIAA1217","GALNTL6","RFTN1","CACNB2","SLIT2","PRKCA","PDE8B","ROBO2","SCHIP1","TMEM132D","CA10","CNTN4","CDH13","NCAM2","KIRREL3","KCND2","PEX5L","ASIC2","NTM","SLIT3","SOX5","GRIK1","KCNH7"
"GO:MF","gated channel activity","GO:0022836","true","0.00035797539958596546","3.4461468174655128","315","84","10","20212",,,,,,,,,,,,,,,,,,,"IDA,IBA,IEA",,,,"IDA,IMP,ISS,IBA,NAS,IEA",,,,,,,,,,,,,,,,,,,,,,,,,,,,,"IBA,NAS",,,,,,"ISS,IEA",,,,,"ISS,IBA,TAS,IEA",,,,,"IDA,IMP,IEA",,,,,,,,,,,,"IDA,IMP,ISS,IBA,NAS,IEA",,"IBA,TAS,IEA",,,,"IDA,IBA,TAS,IEA","IBA,IEA"
"GO:MF","inorganic cation transmembrane transporter activity","GO:0022890","true","0.001929820696748933","2.7144830402305455","569","84","12","20212",,,,,,,,,,,,,,"IDA,IMP,IBA,TAS",,,,,"IDA,IBA,IEA",,,,"IDA,IBA",,,,,,,"IEA",,,,,,,,,,,,,,,,,,,,,,"IBA,NAS,IEA",,,,,,"ISS,IEA",,,,,"ISS,IBA,TAS,IEA",,,,,"IDA,IMP,NAS,IEA",,,,,,,,,,,,"IDA,IMP,ISS,IBA,NAS,IEA",,"IBA,TAS,IEA",,,,"IDA,IBA,TAS","IBA,IEA"
"GO:MF","glutamate receptor activity","GO:0008066","true","0.0022199429437294877","2.65365818750516","27","84","4","20212",,,,,,,,,,,,,,,,,,,,,,,"IDA,ISS,IBA,IEA",,,,,,,,,,,,,,,,,,,,,,,,,,,,,,,,"IDA,IBA,TAS,IEA",,,"ISS,IEA",,,,,,,,,,,,,,,,,,,,,,,,,,,,"IDA,IBA,TAS,IEA",
"GO:MF","ligand-gated monoatomic ion channel activity","GO:0015276","false","0.003522602105495967","2.45313640965628","171","84","7","20212",,,,,,,,,,,,,,,,,,,"IDA,IBA,IEA",,,,"IDA,IMP,ISS,IBA,NAS,IEA",,,,,,,,,,,,,,,,,,,,,,,,,,,,,,,,,,,"ISS,IEA",,,,,"ISS,IBA,TAS,IEA",,,,,,,,,,,,,,,,,,,"IBA,TAS,IEA",,,,"IDA,IBA,TAS,IEA","IBA,IEA"
"GO:MF","ligand-gated channel activity","GO:0022834","false","0.0036598261934734566","2.4365395389246416","172","84","7","20212",,,,,,,,,,,,,,,,,,,"IDA,IBA,IEA",,,,"IDA,IMP,ISS,IBA,NAS,IEA",,,,,,,,,,,,,,,,,,,,,,,,,,,,,,,,,,,"ISS,IEA",,,,,"ISS,IBA,TAS,IEA",,,,,,,,,,,,,,,,,,,"IBA,TAS,IEA",,,,"IDA,IBA,TAS,IEA","IBA,IEA"
"GO:MF","monoatomic ion channel activity","GO:0005216","false","0.007500056422701969","2.124935469411507","444","84","10","20212",,,,,,,,,,,,,,,,,,,"IDA,IBA,IEA",,,,"IDA,IMP,ISS,IBA,NAS,IEA",,,,,,,,,,,,,,,,,,,,,,,,,,,,,"IBA,NAS,IEA",,,,,,"ISS,IEA",,,,,"ISS,IBA,TAS,IEA",,,,,"IDA,IMP,NAS,IEA",,,,,,,,,,,,"IDA,IMP,ISS,IBA,NAS,IEA",,"IBA,TAS,IEA",,,,"IDA,IBA,TAS,IEA","IBA,IEA"
"GO:MF","inorganic molecular entity transmembrane transporter activity","GO:0015318","false","0.013675998157079957","1.8640409663991384","692","84","12","20212",,,,,,,,,,,,,,"IDA,IMP,IBA,TAS,IEA",,,,,"IDA,IBA,IEA",,,,"IDA,IBA",,,,,,,"IEA",,,,,,,,,,,,,,,,,,,,,,"IBA,NAS,IEA",,,,,,"ISS,IEA",,,,,"ISS,IBA,TAS,IEA",,,,,"IDA,IMP,NAS,IEA",,,,,,,,,,,,"IDA,IMP,ISS,IBA,NAS,IEA",,"IBA,TAS,IEA",,,,"IDA,IBA,TAS","IBA,IEA"
"GO:MF","monoatomic ion transmembrane transporter activity","GO:0015075","false","0.022091993629205133","1.655765090688332","727","84","12","20212",,,,,,,,,,,,,,"IDA,IMP,IBA,TAS,IEA",,,,,"IDA,IBA,IEA",,,,"IDA,IMP,ISS,IBA,NAS,IEA",,,,,,,"IEA",,,,,,,,,,,,,,,,,,,,,,"IBA,NAS,IEA",,,,,,"ISS,IEA",,,,,"ISS,IBA,TAS,IEA",,,,,"IDA,IMP,NAS,IEA",,,,,,,,,,,,"IDA,IMP,ISS,IBA,NAS,IEA",,"IBA,TAS,IEA",,,,"IDA,IBA,TAS,IEA","IBA,IEA"
"GO:MF","channel activity","GO:0015267","false","0.023175565855321476","1.6349696533067208","507","84","10","20212",,,,,,,,,,,,,,,,,,,"IDA,IBA,IEA",,,,"IDA,IMP,ISS,IBA,NAS,IEA",,,,,,,,,,,,,,,,,,,,,,,,,,,,,"IBA,NAS,IEA",,,,,,"ISS,IEA",,,,,"ISS,IBA,TAS,IEA",,,,,"IDA,IMP,NAS,IEA",,,,,,,,,,,,"IDA,IMP,ISS,IBA,NAS,IEA",,"IBA,TAS,IEA",,,,"IDA,IBA,TAS,IEA","IBA,IEA"
"GO:MF","passive transmembrane transporter activity","GO:0022803","false","0.02356170699019955","1.6277932491324045","508","84","10","20212",,,,,,,,,,,,,,,,,,,"IDA,IBA,IEA",,,,"IDA,IMP,ISS,IBA,NAS,IEA",,,,,,,,,,,,,,,,,,,,,,,,,,,,,"IBA,NAS,IEA",,,,,,"ISS,IEA",,,,,"ISS,IBA,TAS,IEA",,,,,"IDA,IMP,NAS,IEA",,,,,,,,,,,,"IDA,IMP,ISS,IBA,NAS,IEA",,"IBA,TAS,IEA",,,,"IDA,IBA,TAS,IEA","IBA,IEA"
"GO:MF","glutamate-gated receptor activity","GO:0004970","false","0.031347798398981344","1.5037929548890423","19","84","3","20212",,,,,,,,,,,,,,,,,,,,,,,"IDA,ISS,IBA,IEA",,,,,,,,,,,,,,,,,,,,,,,,,,,,,,,,,,,"ISS,IEA",,,,,,,,,,,,,,,,,,,,,,,,,,,,"IDA,IBA,TAS,IEA",
"GO:MF","polypeptide N-acetylgalactosaminyltransferase activity","GO:0004653","true","0.03676918775163334","1.4345159637911813","20","84","3","20212",,,,,,,,,,"IDA,IBA,TAS,IEA",,,,,,,,,,,,,,,,"IDA,IBA,IEA",,,,,,,,,,,,,,,,,,,,,,,,,,,,,,,,,,,,,,,,"IDA,IBA,IEA",,,,,,,,,,,,,,,,,,,,,
"GO:MF","monoatomic cation channel activity","GO:0005261","false","0.03825999511757682","1.4172550897297784","336","84","8","20212",,,,,,,,,,,,,,,,,,,"IDA,IBA,IEA",,,,,,,,,,,,,,,,,,,,,,,,,,,,,,,,,"IBA,NAS,IEA",,,,,,,,,,,"ISS,IBA,TAS,IEA",,,,,"IDA,IMP,NAS,IEA",,,,,,,,,,,,"IDA,IMP,ISS,IBA,NAS,IEA",,"IBA,TAS,IEA",,,,"IDA,IBA,TAS","IBA,IEA"
"GO:MF","metal ion transmembrane transporter activity","GO:0046873","false","0.0469653427458509","1.3282225039014781","445","84","9","20212",,,,,,,,,,,,,,"IDA,IMP,IBA,TAS",,,,,"IDA,IBA,IEA",,,,,,,,,,,,,,,,,,,,,,,,,,,,,,,,,"IBA,NAS,IEA",,,,,,,,,,,"ISS,IBA,TAS,IEA",,,,,"IDA,IMP,NAS,IEA",,,,,,,,,,,,"IDA,IMP,ISS,IBA,NAS,IEA",,"IBA,TAS,IEA",,,,"IDA,IBA,TAS","IBA,IEA"
"GO:BP","synapse organization","GO:0050808","true","0.0000016060565878241676","5.794239156848856","485","84","15","21031",,,,,,,"IEA",,"IEA",,,,,,,,,,,,,,,"ISS,IEA",,,,,,,"ISS",,"ISS,IBA,IEA",,"IDA,IMP,ISS",,,,,,,"IEA",,"ISS,IBA",,,,,,,"IEA",,,,,,,"IEA",,,"ISS,IBA,IEA",,,,,,,"IBA,TAS",,,,"ISS",,,,,,,"ISS,IBA,IEA",,,"IEA",,,,,
"GO:BP","cell junction organization","GO:0034330","false","0.0000018735382934984033","5.72733742587678","759","84","18","21031",,,,,,,"IBA,IEA",,"IEA",,,,,,,,,,,,,,,"ISS,IEA",,,,,,,"ISS","ISS","ISS,IBA,IEA",,"IDA,IMP,ISS",,,,,,,"ISS,NAS,IEA",,"ISS,IBA",,,,,,,"IEA",,,,,,,"IEA",,,"ISS,IBA,IEA",,,,,,,"IBA,TAS",,"IMP",,"ISS",,,,,"IBA",,"ISS,IBA,IEA",,,"IEA",,,,,
"GO:BP","regulation of synapse organization","GO:0050807","false","0.000006894562957913956","5.1614932582745","242","84","11","21031",,,,,,,,,"IEA",,,,,,,,,,,,,,,"ISS,IEA",,,,,,,"ISS",,"IEA",,"IDA,IMP,ISS",,,,,,,"IEA",,"ISS,IBA",,,,,,,"IEA",,,,,,,"IEA",,,,,,,,,,,,,,"ISS",,,,,,,,,,"IEA",,,,,
"GO:BP","regulation of biological quality","GO:0065008","true","0.000007918309153014076","5.1013675461772685","2846","84","33","21031",,,"IEA","IDA,IBA","IBA,IEA","ISS,IEA",,,"IEA",,,,,"IDA,IMP,IGI,ISS,IBA",,,,,"IDA,TAS",,,,"IEA","ISS,IEA",,,,,,"NAS","ISS",,"IEA",,"IDA,IMP,ISS",,"IDA,IMP,ISS",,,"IEA",,"ISS,IBA,IEA",,"ISS,IBA",,,,,,,"TAS,IEA","IBA,IEA",,"IDA,IBA,TAS,IEA","IEA",,,"IMP,ISS,TAS,IEA",,,"ISS,IEA",,,,,,,"IMP","IDA","IDA,TAS","IEA","ISS",,,,"TAS",,,,"IDA,TAS,IEA",,"IEA",,,,"IEA","IBA"
"GO:BP","regulation of synapse structure or activity","GO:0050803","false","0.000009286407998215584","5.032152239528218","249","84","11","21031",,,,,,,,,"IEA",,,,,,,,,,,,,,,"ISS,IEA",,,,,,,"ISS",,"IEA",,"IDA,IMP,ISS",,,,,,,"IEA",,"ISS,IBA",,,,,,,"IEA",,,,,,,"IEA",,,,,,,,,,,,,,"ISS",,,,,,,,,,"IEA",,,,,
"GO:BP","trans-synaptic signaling","GO:0099537","true","0.000013060072713925605","4.88405440505415","756","84","17","21031",,,"IEA",,,,,,,,,,,,,,,,,,,,"IBA","ISS,IEA",,,,,,,"ISS",,"ISS,IEA",,"IDA,IMP",,,,,,,,,,,,,,,,"IEA","IBA",,,"IBA,TAS,IEA",,"IEA","ISS,TAS,IEA",,,"ISS,IEA",,,,,,,"IBA,IEA",,,,,,,,"TAS",,,,"TAS",,"TAS",,,,"IBA,TAS",
"GO:BP","synaptic signaling","GO:0099536","false","0.000020742422362980635","4.683140526758729","780","84","17","21031",,,"IEA",,,,,,,,,,,,,,,,,,,,"IBA","ISS,IEA",,,,,,,"ISS",,"ISS,IEA",,"IDA,IMP",,,,,,,,,,,,,,,,"IEA","IBA",,,"IBA,TAS,IEA",,"IEA","ISS,TAS,IEA",,,"ISS,IEA",,,,,,,"IBA,IEA",,,,,,,,"TAS",,,,"TAS",,"TAS",,,,"IBA,TAS",
"GO:BP","regulation of membrane potential","GO:0042391","false","0.00003456462273366982","4.461368178997939","433","84","13","21031",,,,,,,,,,,,,,"IDA,ISS",,,,,"IDA",,,,"IEA","ISS,IEA",,,,,,,,,,,,,"IDA,ISS",,,,,,,,,,,,,,,,,,"IEA",,,"ISS,IEA",,,"ISS,IEA",,,,,,,"IMP",,,,,,,,,,,,"IDA,TAS,IEA",,"IEA",,,,"IEA","IBA"
"GO:BP","cell junction assembly","GO:0034329","false","0.00005299708809993183","4.275747991849642","449","84","13","21031",,,,,,,"IBA,IEA",,"IEA",,,,,,,,,,,,,,,"ISS,IEA",,,,,,,,"ISS","IEA",,"IDA,IMP,ISS",,,,,,,"ISS,NAS,IEA",,,,,,,,,,,,,,,,"IEA",,,,,,,,,,,,"IMP",,"ISS",,,,,"IBA",,"ISS,IBA,IEA",,,"IEA",,,,,
"GO:BP","anterograde trans-synaptic signaling","GO:0098916","false","0.0000808116812126047","4.092525858043423","750","84","16","21031",,,"IEA",,,,,,,,,,,,,,,,,,,,"IBA","ISS,IEA",,,,,,,"ISS",,"ISS,IEA",,,,,,,,,,,,,,,,,,"IEA","IBA",,,"IBA,TAS,IEA",,"IEA","ISS,TAS,IEA",,,"ISS,IEA",,,,,,,"IBA,IEA",,,,,,,,"TAS",,,,"TAS",,"TAS",,,,"IBA,TAS",
"GO:BP","chemical synaptic transmission","GO:0007268","false","0.0000808116812126047","4.092525858043423","750","84","16","21031",,,"IEA",,,,,,,,,,,,,,,,,,,,"IBA","ISS,IEA",,,,,,,"ISS",,"ISS,IEA",,,,,,,,,,,,,,,,,,"IEA","IBA",,,"IBA,TAS,IEA",,"IEA","ISS,TAS,IEA",,,"ISS,IEA",,,,,,,"IBA,IEA",,,,,,,,"TAS",,,,"TAS",,"TAS",,,,"IBA,TAS",
"GO:BP","neuron projection morphogenesis","GO:0048812","false","0.00009046694186464828","4.0435100902819086","655","84","15","21031",,,,,,,,,,,,,,,,,,,,,,,,"ISS,IEA",,,,"IDA,ISS,IEA",,,"ISS,IEA","TAS",,,"ISS",,"IDA,IBA",,,,,"ISS,IBA,IEA",,"ISS,IBA",,,,,"IBA",,,,,,,,,,,,"ISS,IBA,IEA",,,,,,,,"IDA,IMP,IBA,TAS",,,"IDA,ISS,IEA",,,,"IBA,TAS,IEA",,,"IEA",,,,,"IDA,IBA,IEA",,,
"GO:BP","cell morphogenesis","GO:0000902","false","0.00010853395686767327","3.9644343634464922","986","84","18","21031",,,,,,,"IBA",,,,,,,,,,,,,,,,,"ISS,IEA",,,,"IDA,ISS,IEA",,,"ISS,IEA","TAS",,,"ISS",,"IDA,IBA",,,,,"ISS,IBA,IEA",,"ISS,IBA",,,,,"IBA",,,,,,,,,"IMP",,,"ISS,IBA,IEA",,,,,,,,"IDA,IMP,IBA,TAS",,,"IDA,ISS,IEA",,,,"IBA,TAS,IEA","IBA",,"IEA",,,,,"IDA,IBA,IEA",,,
"GO:BP","plasma membrane bounded cell projection morphogenesis","GO:0120039","false","0.00012403239226207517","3.90646487980916","671","84","15","21031",,,,,,,,,,,,,,,,,,,,,,,,"ISS,IEA",,,,"IDA,ISS,IEA",,,"ISS,IEA","TAS",,,"ISS",,"IDA,IBA",,,,,"ISS,IBA,IEA",,"ISS,IBA",,,,,"IBA",,,,,,,,,,,,"ISS,IBA,IEA",,,,,,,,"IDA,IMP,IBA,TAS",,,"IDA,ISS,IEA",,,,"IBA,TAS,IEA",,,"IEA",,,,,"IDA,IBA,IEA",,,
"GO:BP","apoptotic process involved in luteolysis","GO:0061364","true","0.0001280596104434803","3.892587823630891","3","84","3","21031",,,,,,,,,,,,,,,,,,,,,,,,,,,,,,,,,,,,,,,,,,,,,,,,,,,,,,,,,,,,,,,,,,,,,"IEP",,,"IEP",,,,,,,,,,,,"IEP",,,
"GO:BP","cell projection morphogenesis","GO:0048858","false","0.00013663913124136083","3.8644249079129924","676","84","15","21031",,,,,,,,,,,,,,,,,,,,,,,,"ISS,IEA",,,,"IDA,ISS,IEA",,,"ISS,IEA","TAS",,,"ISS",,"IDA,IBA",,,,,"ISS,IBA,IEA",,"ISS,IBA",,,,,"IBA",,,,,,,,,,,,"ISS,IBA,IEA",,,,,,,,"IDA,IMP,IBA,TAS",,,"IDA,ISS,IEA",,,,"IBA,TAS,IEA",,,"IEA",,,,,"IDA,IBA,IEA",,,
"GO:BP","nervous system development","GO:0007399","false","0.00014053563941732476","3.852213526011364","2531","84","29","21031",,,,,,,"IEA",,"IEA",,,,,,,,"IBA,IEA",,,,,,,"ISS,IEA",,,,"IDA,ISS,TAS,IEA",,,"ISS,IEA","ISS,TAS","IEA",,"IDA,IMP,ISS","IBA,IEA","IDA,IBA",,,,,"ISS,IBA,IEA",,"ISS,IBA",,,"ISS,IBA,IEA",,"IBA",,,,,,,,,"IMP,IEA",,,"ISS,IBA,IEA","IBA",,,,,,,"IDA,IMP,IBA,TAS,IEA",,,"IDA,IEP,ISS,NAS,IEA",,,"NAS","IMP,ISS,IBA,TAS,IEA",,"IEA","ISS,IBA,IEA",,,"TAS,IEA","TAS","IDA,IBA,IEA","IGI","TAS",
"GO:BP","generation of neurons","GO:0048699","false","0.00015884211630496107","3.7990343353235674","1514","84","22","21031",,,,,,,,,,,,,,,,,"IBA",,,,,,,"ISS,IEA",,,,"IDA,ISS,IEA",,,"ISS,IEA","TAS",,,"ISS","IEA","IDA,IBA",,,,,"ISS,IBA,IEA",,"ISS,IBA",,,"ISS,IBA,IEA",,"IBA",,,,,,,,,"IMP,IEA",,,"ISS,IBA,IEA",,,,,,,,"IDA,IMP,IBA,TAS",,,"IDA,ISS,IEA",,,,"IMP,ISS,IBA,TAS,IEA",,"IEA","IEA",,,,"TAS","IDA,IBA,IEA","IGI",,
"GO:BP","neuron projection development","GO:0031175","false","0.00016550543166388013","3.781187748698283","1014","84","18","21031",,,,,,,,,,,,,,,,,"IBA",,,,,,,"ISS,IEA",,,,"IDA,ISS,IEA",,,"ISS,IEA","TAS",,,"ISS",,"IDA,IBA",,,,,"ISS,IBA,IEA",,"ISS,IBA",,,,,"IBA",,,,,,,,,"IMP,IEA",,,"ISS,IBA,IEA",,,,,,,,"IDA,IMP,IBA,TAS",,,"IDA,ISS,IEA",,,,"ISS,IBA,TAS,IEA",,"IEA","IEA",,,,,"IDA,IBA,IEA",,,
"GO:BP","synapse assembly","GO:0007416","false","0.0002297307574513326","3.63878085549218","201","84","9","21031",,,,,,,"IEA",,"IEA",,,,,,,,,,,,,,,"ISS,IEA",,,,,,,,,"IEA",,"IDA,IMP,ISS",,,,,,,,,,,,,,,,,,,,,,,"IEA",,,,,,,,,,,,,,"ISS",,,,,,,"ISS,IBA,IEA",,,"IEA",,,,,
"GO:BP","neuron development","GO:0048666","false","0.0002618322477507548","3.581976865968117","1167","84","19","21031",,,,,,,,,,,,,,,,,"IBA",,,,,,,"ISS,IEA",,,,"IDA,ISS,IEA",,,"ISS,IEA","TAS",,,"ISS",,"IDA,IBA",,,,,"ISS,IBA,IEA",,"ISS,IBA",,,,,"IBA",,,,,,,,,"IMP,IEA",,,"ISS,IBA,IEA",,,,,,,,"IDA,IMP,IBA,TAS",,,"IDA,ISS,IEA",,,,"ISS,IBA,TAS,IEA",,"IEA","IEA",,,,"TAS","IDA,IBA,IEA",,,
"GO:BP","cell communication","GO:0007154","false","0.0004480431197567702","3.348680187405275","6537","84","49","21031",,,"IBA,TAS,IEA","TAS","IEA","ISS,IEA",,,"IDA",,"IDA",,,,"IDA,IMP,ISS,IBA,IEA","IEA","IDA,IBA,TAS,IEA",,"IDA",,,,"IBA,TAS,IEA","ISS,IEA",,,,"IMP,ISS,IEA",,,"ISS,IEA","TAS","ISS,IEA","IBA,TAS,IEA","IDA,IMP,IEA",,,,"IBA,IEA",,,"ISS,IBA,IEA","IBA,TAS,IEA",,"IBA,TAS",,"ISS,IEA",,"IBA,IEA",,"IBA,IEA","ISS,IBA","IBA,IEA",,"IMP,IBA,TAS,IEA","IBA,IEA","IEA","IMP,ISS,IBA,TAS,IEA",,"IBA","ISS,IEA",,"TAS","IEA",,,"IMP,ISS,IEA","IMP,IBA,IEA","IDA,IMP,IC","IDA,IMP,ISS,IBA,TAS","IBA,IEA","ISS","IBA",,,"TAS","IDA,IMP",,,"TAS,IEA","ISS","TAS,IEA",,"IMP",,"IBA,TAS,IEA",
"GO:BP","regulation of negative chemotaxis","GO:0050923","true","0.0005107585822847737","3.2917843271769542","4","84","3","21031",,,,,,,,,,,,,,,,,,,,,,,,,,,,"IDA",,,,,,,,,,,,,,,,,,,,,,,,,,,,,,,,,,,,,,,,,"IDA",,,"IDA",,,,,,,,,,,,,,,
"GO:BP","regulation of synapse assembly","GO:0051963","false","0.0007190681241852594","3.143229962807357","113","84","7","21031",,,,,,,,,"IEA",,,,,,,,,,,,,,,"ISS,IEA",,,,,,,,,"IEA",,"IDA,IMP,ISS",,,,,,,,,,,,,,,,,,,,,,,"IEA",,,,,,,,,,,,,,"ISS",,,,,,,,,,"IEA",,,,,
"GO:BP","regulation of signaling","GO:0023051","true","0.000825784734819941","3.0831331496094645","3437","84","33","21031",,,"TAS,IEA","TAS","IEA","ISS,IEA",,,"IDA",,"IDA",,,,"ISS",,"IDA,IBA",,,,,,"IBA","ISS,IEA",,,,"IMP,ISS",,,"ISS,IEA",,"IEA","IBA,TAS,IEA",,,,,,,,"ISS,IBA,IEA",,,,,"ISS",,,,"IEA","ISS,IBA","IBA,IEA",,"IBA,IEA",,,"IMP,ISS,TAS,IEA",,"IBA","ISS,IEA",,,,,,,,"IDA,IMP","IDA,IMP,ISS","IEA","ISS","IBA",,,"TAS","IDA,IMP",,,,"ISS",,,"IMP",,"IBA,TAS",
"GO:BP","regulation of cell communication","GO:0010646","false","0.0008605430232282843","3.065227412049316","3443","84","33","21031",,,"TAS,IEA","TAS","IEA","ISS,IEA",,,"IDA",,"IDA",,,,"ISS",,"IDA,IBA",,,,,,"IBA","ISS,IEA",,,,"IMP,ISS",,,"ISS,IEA",,"IEA","IBA,TAS,IEA",,,,,,,,"ISS,IBA,IEA",,,,,"ISS",,,,"IEA","ISS,IBA","IBA,IEA",,"IBA,IEA",,,"IMP,ISS,TAS,IEA",,"IBA","ISS,IEA",,,,,,,,"IDA,IMP","IDA,IMP,ISS","IEA","ISS","IBA",,,"TAS","IDA,IMP",,,,"ISS",,,"IMP",,"IBA,TAS",
"GO:BP","signaling","GO:0023052","false","0.0008820558195706403","3.0545039303280084","6447","84","48","21031",,,"IBA,TAS,IEA","TAS","IEA","ISS,IEA",,,"IDA",,"IDA",,,,"IDA,IMP,ISS,IBA,IEA","IEA","IDA,IBA,TAS,IEA",,,,,,"IBA,TAS,IEA","ISS,IEA",,,,"IMP,ISS,IEA",,,"ISS,IEA","TAS","ISS,IEA","IBA,TAS,IEA","IDA,IMP,IEA",,,,"IBA,IEA",,,"ISS,IBA,IEA","IBA,TAS,IEA",,"IBA,TAS",,"ISS,IEA",,"IBA,IEA",,"IBA,IEA","ISS,IBA","IBA,IEA",,"IMP,IBA,TAS,IEA","IBA,IEA","IEA","IMP,ISS,IBA,TAS,IEA",,"IBA","ISS,IEA",,"TAS","IEA",,,"IMP,ISS,IEA","IMP,IBA,IEA","IDA,IMP,IC","IDA,IMP,ISS,IBA,TAS","IBA,IEA","ISS","IBA",,,"TAS","IDA,IMP",,,"TAS","ISS","TAS,IEA",,"IMP",,"IBA,TAS,IEA",
"GO:BP","cellular anatomical entity morphogenesis","GO:0032989","false","0.000932641050558593","3.0302854728202826","785","84","15","21031",,,,,,,,,,,,,,,,,,,,,,,,"ISS,IEA",,,,"IDA,ISS,IEA",,,"ISS,IEA","TAS",,,"ISS",,"IDA,IBA",,,,,"ISS,IBA,IEA",,"ISS,IBA",,,,,"IBA",,,,,,,,,,,,"ISS,IBA,IEA",,,,,,,,"IDA,IMP,IBA,TAS",,,"IDA,ISS,IEA",,,,"IBA,TAS,IEA",,,"IEA",,,,,"IDA,IBA,IEA",,,
"GO:BP","modulation of chemical synaptic transmission","GO:0050804","false","0.0011263687764950887","2.948319396894998","489","84","12","21031",,,"IEA",,,,,,,,,,,,,,,,,,,,"IBA","ISS,IEA",,,,,,,"ISS",,"IEA",,,,,,,,,,,,,,,,,,"IEA","IBA",,,"IBA",,,"ISS,TAS,IEA",,,"ISS,IEA",,,,,,,,,,,,,,,"TAS",,,,,,,,,,"IBA,TAS",
"GO:BP","regulation of trans-synaptic signaling","GO:0099177","false","0.0011509547136204863","2.9389417641301145","490","84","12","21031",,,"IEA",,,,,,,,,,,,,,,,,,,,"IBA","ISS,IEA",,,,,,,"ISS",,"IEA",,,,,,,,,,,,,,,,,,"IEA","IBA",,,"IBA",,,"ISS,TAS,IEA",,,"ISS,IEA",,,,,,,,,,,,,,,"TAS",,,,,,,,,,"IBA,TAS",
"GO:BP","Roundabout signaling pathway","GO:0035385","true","0.001273208067631017","2.8951006181530357","5","84","3","21031",,,,,,,,,,,,,,,,,,,,,,,,,,,,"IMP,IEA",,,,,,,,,,,,,,,,,,,,,,,,,,,,,,,,,,,,,,,,,"IMP,IC",,,,,,,,,,,,,,,"IMP",,,
"GO:BP","neuron differentiation","GO:0030182","false","0.0013242438622891562","2.8780320312903283","1431","84","20","21031",,,,,,,,,,,,,,,,,"IBA",,,,,,,"ISS,IEA",,,,"IDA,ISS,IEA",,,"ISS,IEA","TAS",,,"ISS","IEA","IDA,IBA",,,,,"ISS,IBA,IEA",,"ISS,IBA",,,,,"IBA",,,,,,,,,"IMP,IEA",,,"ISS,IBA,IEA",,,,,,,,"IDA,IMP,IBA,TAS",,,"IDA,ISS,IEA",,,,"IMP,ISS,IBA,TAS,IEA",,"IEA","IEA",,,,"TAS","IDA,IBA,IEA",,,
"GO:BP","plasma membrane bounded cell projection organization","GO:0120036","false","0.0013346490223155737","2.874632927342178","1570","84","21","21031",,,,,,"ISS,IEA",,,,,,,"ISS",,,,"IBA",,,,,,,"ISS,IEA",,,,"IDA,ISS,IEA",,,"ISS,IEA","TAS",,,"ISS",,"IDA,IBA",,,,,"ISS,IBA,IEA",,"ISS,IBA",,,,,"IBA",,,,,,,,,"IMP,IEA",,,"ISS,IBA,IEA",,,,,,,,"IDA,IMP,IBA,TAS",,,"IDA,ISS,IEA",,,,"ISS,IBA,TAS,IEA","IDA","IEA","IEA",,,,,"IDA,IBA,IEA",,,
"GO:BP","multicellular organism development","GO:0007275","false","0.0013432923893291157","2.8718294458188205","4643","84","39","21031",,,,"IEA",,"ISS,IEA","IEA",,"IEA",,"IEA",,,,,"IBA,IEA","IMP,IBA,IEA",,,,,"IEA",,"ISS,IEA","IEA",,,"IDA,IMP,ISS,TAS,IEA",,,"ISS,IEA","ISS,TAS","IEA",,"IDA,IMP,ISS","IBA,IEA","IDA,IBA",,,,,"IMP,ISS,IBA,IEA",,"ISS,IBA,IEA","TAS",,"ISS,IBA,IEA",,"IBA",,,,,,,,,"IMP,ISS,IEA",,,"ISS,IBA,IEA","ISS,IBA,IEA",,,"ISS",,,,"IDA,IMP,IEP,ISS,IBA,TAS,IEA","IMP,ISS,IEA",,"IDA,IMP,IEP,ISS,NAS,IEA",,,"NAS","IMP,ISS,IBA,TAS,IEA","IDA,IBA","IEA","ISS,IBA,IEA",,,"TAS,IEA","TAS","IDA,IEP,ISS,IBA,IEA","IDA,IGI,ISS,IBA","TAS",
"GO:BP","cell morphogenesis involved in neuron differentiation","GO:0048667","false","0.0014030359186583028","2.8529312105999933","597","84","13","21031",,,,,,,,,,,,,,,,,,,,,,,,"ISS,IEA",,,,"IDA,ISS,IEA",,,"ISS,IEA","TAS",,,"ISS",,"IBA",,,,,"ISS,IBA,IEA",,"ISS,IBA",,,,,"IBA",,,,,,,,,,,,,,,,,,,,"IDA,IMP,IBA,TAS",,,"IDA,ISS,IEA",,,,"IBA,TAS,IEA",,,,,,,,"IDA,IBA,IEA",,,
"GO:BP","neurogenesis","GO:0022008","false","0.001784893428109035","2.7483877095046663","1742","84","22","21031",,,,,,,,,,,,,,,,,"IBA",,,,,,,"ISS,IEA",,,,"IDA,ISS,IEA",,,"ISS,IEA","ISS,TAS",,,"ISS","IEA","IDA,IBA",,,,,"ISS,IBA,IEA",,"ISS,IBA",,,"ISS,IBA,IEA",,"IBA",,,,,,,,,"IMP,IEA",,,"ISS,IBA,IEA",,,,,,,,"IDA,IMP,IBA,TAS",,,"IDA,ISS,IEA",,,,"IMP,ISS,IBA,TAS,IEA",,"IEA","IEA",,,,"TAS","IDA,IBA,IEA","IGI",,
"GO:BP","neuron recognition","GO:0008038","true","0.0020228953697955777","2.69402657965903","45","84","5","21031",,,,,,,,,,,,,,,,,,,,,,,,,,,,"ISS,IEA",,,,,,,,,,,,,,,,,,,,,,,,,,,,,,,,,,,,,,,,,,,,"ISS",,,,"IBA,TAS",,"IEA",,,,,"TAS",,,,
"GO:BP","cell projection organization","GO:0030030","false","0.0020723469448731555","2.683537534819471","1613","84","21","21031",,,,,,"ISS,IEA",,,,,,,"ISS",,,,"IBA",,,,,,,"ISS,IEA",,,,"IDA,ISS,IEA",,,"ISS,IEA","TAS",,,"ISS",,"IDA,IBA",,,,,"ISS,IBA,IEA",,"ISS,IBA",,,,,"IBA",,,,,,,,,"IMP,IEA",,,"ISS,IBA,IEA",,,,,,,,"IDA,IMP,IBA,TAS",,,"IDA,ISS,IEA",,,,"ISS,IBA,TAS,IEA","IDA","IEA","IEA",,,,,"IDA,IBA,IEA",,,
"GO:BP","system development","GO:0048731","false","0.002463023079732349","2.6085315185898694","3973","84","35","21031",,,,,,"ISS,IEA","IEA",,"IEA",,,,,,,"IBA,IEA","IMP,IBA,IEA",,,,,"IEA",,"ISS,IEA",,,,"IDA,IMP,ISS,TAS,IEA",,,"ISS,IEA","ISS,TAS","IEA",,"IDA,IMP,ISS","IBA,IEA","IDA,IBA",,,,,"IMP,ISS,IBA,IEA",,"ISS,IBA",,,"ISS,IBA,IEA",,"IBA",,,,,,,,,"IMP,ISS,IEA",,,"ISS,IBA,IEA","IBA,IEA",,,"ISS",,,,"IDA,IMP,IEP,ISS,IBA,TAS,IEA","IMP,IEA",,"IDA,IMP,IEP,ISS,NAS,IEA",,,"NAS","IMP,ISS,IBA,TAS,IEA","IDA,IBA","IEA","ISS,IBA,IEA",,,"TAS,IEA","TAS","IDA,IEP,ISS,IBA,IEA","IDA,IGI,ISS,IBA","TAS",
"GO:BP","olfactory bulb interneuron development","GO:0021891","false","0.0025390618098689714","2.5953267267126177","6","84","3","21031",,,,,,,,,,,,,,,,,,,,,,,,,,,,"IDA",,,,,,,,,,,,,,,,,,,,,,,,,,,,,,,,,,,,,,,,,"IDA",,,"ISS",,,,,,,,,,,,,,,
"GO:BP","luteolysis","GO:0001554","false","0.0025390618098689714","2.5953267267126177","6","84","3","21031",,,,,,,,,,,,,,,,,,,,,,,,,,,,,,,,,,,,,,,,,,,,,,,,,,,,,,,,,,,,,,,,,,,,,"IEP",,,"IEP",,,,,,,,,,,,"IEP",,,
"GO:BP","regulation of system process","GO:0044057","true","0.0033116689274626603","2.479953086791426","542","84","12","21031",,,,,,,,,,,,,,,,,,,"TAS",,,,,"ISS,IEA",,,,,,,,"ISS",,,,,,,,,,"ISS,IBA,IEA",,,,,,"ISS",,,,,,,"IEA",,,"ISS,IEA",,,"ISS,IEA",,,,,,,"IMP",,"ISS",,,,,,,,,,"NAS",,"IEA",,,,,
"GO:BP","regulation of neuron projection development","GO:0010975","false","0.0042016395501408834","2.3765812075462738","457","84","11","21031",,,,,,,,,,,,,,,,,"IBA",,,,,,,"ISS,IEA",,,,"IDA",,,"ISS,IEA",,,,"ISS",,"IBA",,,,,"ISS",,"ISS,IBA",,,,,,,,,,,,,,"IMP",,,,,,,,,,,"IDA,TAS",,,"IDA",,,,,,,,,,,,,,,
"GO:BP","negative regulation of chemokine-mediated signaling pathway","GO:0070100","true","0.004430527263669079","2.3535445866266187","7","84","3","21031",,,,,,,,,,,,,,,,,,,,,,,,,,,,"IMP",,,,,,,,,,,,,,,,,,,,,,,,,,,,,,,,,,,,,,,,,"IMP",,,,,,,,,,,,,,,"IMP",,,
"GO:BP","regulation of postsynaptic membrane potential","GO:0060078","false","0.004447203303759124","2.351913016338667","148","84","7","21031",,,,,,,,,,,,,,,,,,,,,,,"IEA","ISS,IEA",,,,,,,,,,,,,,,,,,,,,,,,,,,,,,,"IEA",,,"ISS,IEA",,,"ISS,IEA",,,,,,,,,,,,,,,,,,,"IEA",,,,,,"IEA",
"GO:BP","regulation of postsynapse organization","GO:0099175","false","0.007834247714068453","2.106002700448074","104","84","6","21031",,,,,,,,,,,,,,,,,,,,,,,,"ISS,IEA",,,,,,,"ISS",,,,"IDA,IMP",,,,,,,,,"ISS,IBA",,,,,,,"IEA",,,,,,,"IEA",,,,,,,,,,,,,,,,,,,,,,,,,,,,,
"GO:BP","regulation of chemokine-mediated signaling pathway","GO:0070099","false","0.015059205681088032","1.8221979350023898","10","84","3","21031",,,,,,,,,,,,,,,,,,,,,,,,,,,,"IMP",,,,,,,,,,,,,,,,,,,,,,,,,,,,,,,,,,,,,,,,,"IMP",,,,,,,,,,,,,,,"IMP",,,
"GO:BP","cell-cell signaling","GO:0007267","false","0.019175377856502827","1.7172560693932035","1704","84","20","21031",,,"IEA",,,"ISS,IEA",,,,,,,,,,,,,,,,,"IBA","ISS,IEA",,,,,,,"ISS",,"ISS,IEA",,"IDA,IMP",,,,,,,"ISS,IBA,IEA",,,,,,,,,"IEA","IBA",,,"IBA,TAS,IEA",,"IEA","ISS,TAS,IEA",,,"ISS,IEA",,,,,,,"IMP,IBA,IEA",,,"IEA",,,,,"TAS",,,,"TAS",,"TAS",,,,"IBA,TAS",
"GO:BP","olfactory bulb interneuron differentiation","GO:0021889","false","0.0206466520595064","1.6851503609548524","11","84","3","21031",,,,,,,,,,,,,,,,,,,,,,,,,,,,"IDA",,,,,,,,,,,,,,,,,,,,,,,,,,,,,,,,,,,,,,,,,"IDA",,,"ISS",,,,,,,,,,,,,,,
"GO:BP","regulation of plasma membrane bounded cell projection organization","GO:0120035","false","0.02181647011814885","1.6612155164526536","652","84","12","21031",,,,,,,,,,,,,"ISS",,,,"IBA",,,,,,,"ISS,IEA",,,,"IDA",,,"ISS,IEA",,,,"ISS",,"IBA",,,,,"ISS",,"ISS,IBA",,,,,,,,,,,,,,"IMP",,,,,,,,,,,"IDA,TAS",,,"IDA",,,,,,,,,,,,,,,
"GO:BP","regulation of cell projection organization","GO:0031344","false","0.027377728025807076","1.5626025951646065","667","84","12","21031",,,,,,,,,,,,,"ISS",,,,"IBA",,,,,,,"ISS,IEA",,,,"IDA",,,"ISS,IEA",,,,"ISS",,"IBA",,,,,"ISS",,"ISS,IBA",,,,,,,,,,,,,,"IMP",,,,,,,,,,,"IDA,TAS",,,"IDA",,,,,,,,,,,,,,,
"GO:BP","multicellular organismal process","GO:0032501","false","0.029362711892008828","1.5322038361760864","7669","84","50","21031",,,,"IDA,TAS,IEA",,"ISS,IEA","IEA",,"IEA",,"IDA,IEA",,,"NAS",,"IBA,IEA","IMP,IBA,IEA",,"IDA,TAS",,,"IEA",,"IMP,ISS,IEA","IEA",,,"IDA,IMP,ISS,TAS,IEA",,,"ISS,IEA","ISS,TAS","IEA",,"IDA,IMP,ISS","IBA,IEA","IDA,ISS,IBA",,,,,"IMP,ISS,IBA,IEA",,"ISS,IBA,IEA","IMP,IGI,TAS",,"ISS,IBA,IEA","ISS","IBA",,"TAS,IEA","IBA",,"IDA,IBA,TAS,IEA","IEA",,,"IDA,IMP,ISS,IEA",,,"ISS,IBA,IEA","ISS,IBA,IEA",,,"ISS",,"ISS,IEA","IMP,IEA","IDA,IMP,IEP,ISS,IBA,TAS,IEA","IDA,IMP,ISS,IEA","IEA","IDA,IMP,IEP,ISS,NAS,IEA",,,"NAS","IMP,ISS,IBA,TAS,IEA","IDA,IBA","IEA","ISS,IBA,IEA","IDA,NAS,IEA",,"IMP,TAS,IEA","TAS","IDA,IEP,ISS,IBA,IEA","IDA,IGI,ISS,IBA","TAS",
"GO:BP","postsynapse organization","GO:0099173","false","0.03015226059812217","1.5206801220483237","198","84","7","21031",,,,,,,,,,,,,,,,,,,,,,,,"ISS,IEA",,,,,,,"ISS",,,,"IDA,IMP",,,,,,,,,"ISS,IBA",,,,,,,"IEA",,,,,,,"IEA",,,"ISS,IBA,IEA",,,,,,,,,,,,,,,,,,,,,,,,,,
"GO:BP","aortic valve morphogenesis","GO:0003180","true","0.032832044337408786","1.4837020744191913","38","84","4","21031",,,,,,,,,,,,,,,,,,,,,,,,,,,,"ISS",,,,,,,,,,,,,,,,,,,,,,,,,,,,,,,,,,,,,,,,,"ISS",,,"ISS",,,,,,,,,,,,"ISS,IEA",,,
"GO:BP","negative regulation of axon guidance","GO:1902668","false","0.032841043268487136","1.4835830550072133","2","84","2","21031",,,,,,,,,,,,,,,,,,,,,,,,,,,,,,,,,,,,,,,,,,"ISS",,,,,,,,,,,,,,,,,,,,,,,,,,,"IDA",,,,,,,,,,,,,,,,,,
"GO:BP","negative regulation of retinal ganglion cell axon guidance","GO:0090260","true","0.032841043268487136","1.4835830550072133","2","84","2","21031",,,,,,,,,,,,,,,,,,,,,,,,,,,,,,,,,,,,,,,,,,"ISS",,,,,,,,,,,,,,,,,,,,,,,,,,,"IDA",,,,,,,,,,,,,,,,,,
"GO:BP","cerebral cortex tangential migration using cell-cell interactions","GO:0021823","false","0.032841043268487136","1.4835830550072133","2","84","2","21031",,,,,,,,,,,,,,,,,,,,,,,,,,,,"IDA",,,,,,,,,,,,,,,,,,,,,,,,,,,,,,,,,,,,,,,,,"IDA",,,,,,,,,,,,,,,,,,
"GO:BP","substrate-dependent cerebral cortex tangential migration","GO:0021825","false","0.032841043268487136","1.4835830550072133","2","84","2","21031",,,,,,,,,,,,,,,,,,,,,,,,,,,,"IDA",,,,,,,,,,,,,,,,,,,,,,,,,,,,,,,,,,,,,,,,,"IDA",,,,,,,,,,,,,,,,,,
"GO:BP","postnatal olfactory bulb interneuron migration","GO:0021827","false","0.032841043268487136","1.4835830550072133","2","84","2","21031",,,,,,,,,,,,,,,,,,,,,,,,,,,,"IDA",,,,,,,,,,,,,,,,,,,,,,,,,,,,,,,,,,,,,,,,,"IDA",,,,,,,,,,,,,,,,,,
"GO:BP","chemorepulsion involved in postnatal olfactory bulb interneuron migration","GO:0021836","false","0.032841043268487136","1.4835830550072133","2","84","2","21031",,,,,,,,,,,,,,,,,,,,,,,,,,,,"IDA",,,,,,,,,,,,,,,,,,,,,,,,,,,,,,,,,,,,,,,,,"IDA",,,,,,,,,,,,,,,,,,
"GO:BP","negative regulation of negative chemotaxis","GO:0050925","false","0.032841043268487136","1.4835830550072133","2","84","2","21031",,,,,,,,,,,,,,,,,,,,,,,,,,,,"IDA",,,,,,,,,,,,,,,,,,,,,,,,,,,,,,,,,,,,,,,,,,,,"IDA",,,,,,,,,,,,,,,
"GO:BP","ventricular septum morphogenesis","GO:0060412","true","0.04463493627629219","1.3503250809164318","41","84","4","21031",,,,,,,,,,,,,,,,,,,,,,,,,,,,"ISS",,,,,,,,,,,,,,,,,,,,,,,,,,,,,,,,,,,,,,,,,"ISS",,,"ISS",,,,,,,,,,,,"ISS,IEA",,,
"GO:BP","signal transduction","GO:0007165","false","0.04488856887474918","1.347864240437219","5959","84","42","21031",,,"IBA,TAS,IEA","TAS","IEA",,,,"IDA",,"IDA",,,,"IDA,IMP,ISS,IBA,IEA","IEA","IDA,IBA,TAS,IEA",,,,,,"TAS,IEA","ISS,IEA",,,,"IMP,ISS,IEA",,,"ISS,IEA","TAS",,"IBA,TAS,IEA","IEA",,,,"IBA,IEA",,,"ISS,IBA,IEA","IBA,TAS,IEA",,"IBA,TAS",,"ISS,IEA",,"IBA,IEA",,"IBA,IEA","ISS","IBA,IEA",,"IMP,IBA,TAS,IEA","IBA,IEA",,"IMP,ISS,IBA,TAS,IEA",,"IBA","ISS,IEA",,"TAS","IEA",,,"IMP,ISS,IEA",,"IDA,IMP,IC","IDA,IMP,ISS,IBA,TAS","IBA,IEA","ISS","IBA",,,,"IDA,IMP",,,,"ISS","IEA",,"IMP",,"TAS,IEA",
"GO:BP","regulation of cell junction assembly","GO:1901888","false","0.04544258006031832","1.3425370189750845","211","84","7","21031",,,,,,,,,"IEA",,,,,,,,,,,,,,,"ISS,IEA",,,,,,,,,"IEA",,"IDA,IMP,ISS",,,,,,,,,,,,,,,,,,,,,,,"IEA",,,,,,,,,,,,,,"ISS",,,,,,,,,,"IEA",,,,,
"GO:CC","postsynapse","GO:0098794","true","1.6710907457453255e-9","8.776999965841872","650","86","19","22097",,,,,,,"IEA",,,,,"IEA",,,"IEA",,,,,,,"IEA","ISS,IBA,IEA",,,,,,,,"ISS,IEA",,,,"NAS",,,,,"IEA",,"ISS,IEA",,"IDA,IBA,IEA",,,,,,,"IEA","IBA,IEA","IBA,IEA",,"IBA,IEA",,,"ISS,IBA,TAS,IEA",,,"ISS,IBA,IEA",,,,,,,,,,,,,,,,,,,"ISS,IBA,NAS,IEA",,"IEA",,,,"IBA,IEA",
"GO:CC","synapse","GO:0045202","false","9.01519832106195e-9","8.045024714998654","1468","86","26","22097",,,,,"IBA,IEA",,"IEA",,,,,"IEA",,,"IEA",,,,,,,"IEA","ISS,IBA,IEA",,,,,,,"IEA","ISS,IEA",,"IBA,IEA",,"IDA,IMP,NAS",,,,,"IEA",,"ISS,IBA,IEA",,"IDA,IBA,IEA",,,,,,,"IEA","IBA,IEA","IBA,IEA",,"IBA,IEA",,"IBA,IEA","ISS,IBA,TAS,IEA",,,"ISS,IBA,IEA",,,,,,,"IEA",,,,,,,,,"IEA",,"IDA","ISS,IBA,NAS,IEA",,"IEA",,,,"IBA,IEA",
"GO:CC","neuron projection","GO:0043005","true","4.644112660600943e-8","7.333097253342626","1334","86","24","22097",,,,,,,,"ISS",,,,,,,,,"IBA",,,,,,"ISS,IBA,IEA",,,,,"IBA,IEA",,,"ISS,IEA","ISS",,"IBA","ISS,IEA","IBA,IEA",,,,,,"ISS,IEA",,"IDA,IBA,IEA",,,,,"IBA",,,"IEA",,,"IEA",,,"ISS,IBA,IEA",,,"ISS,IBA,IEA",,,,,,,,,,,"ISS","ISS,IEA",,,"IBA,NAS","IDA","IEA","ISS,IEA","ISS,IBA,NAS,IEA",,"IEA",,,,,
"GO:CC","cell junction","GO:0030054","false","1.5296843387319934e-7","6.8153981796991445","2230","86","30","22097",,"ISS",,,"IBA,IEA",,"IBA,IEA",,,,,"IEA",,,"IEA",,,,,,,"IEA","ISS,IBA,IEA",,,,,,,"IEA","ISS,IEA","IDA,ISS,IBA,TAS,NAS,IEA","IBA,IEA",,"IDA,IMP,NAS",,,"IDA,HDA",,"IEA",,"ISS,IBA,IEA",,"IDA,IBA,IEA",,,,,,,"IEA","IBA,IEA","IBA,IEA",,"IBA,IEA",,"IBA,IEA","IDA,ISS,IBA,TAS,IEA",,,"ISS,IBA,IEA",,,,,,,"IEA",,,,,"IBA",,,,"HDA,IBA,IEA",,"IDA,IBA","ISS,IBA,NAS,IEA",,"IEA",,,,"IBA,IEA",
"GO:CC","postsynaptic membrane","GO:0045211","false","2.5917839545731163e-7","6.586401203128315","278","86","12","22097",,,,,,,"IEA",,,,,"IEA",,,,,,,,,,,"IBA,IEA",,,,,,,,,,,,"NAS",,,,,"IEA",,"IEA",,,,,,,,,"IEA","IBA,IEA","IBA,IEA",,"IBA",,,,,,,,,,,,,,,,,,,,,,,,,"ISS,IBA,IEA",,,,,,"IBA,IEA",
"GO:CC","postsynaptic specialization","GO:0099572","false","0.0000030385221037665627","5.517337600024603","346","86","12","22097",,,,,,,,,,,,,,,"IEA",,,,,,,"IEA","IBA",,,,,,,,"ISS,IEA",,,,,,,,,"IEA",,"IEA",,,,,,,,,,"IBA,IEA",,,"IBA,IEA",,,"ISS,TAS,IEA",,,"ISS,IBA,IEA",,,,,,,,,,,,,,,,,,,"IEA",,,,,,"IBA",
"GO:CC","glutamatergic synapse","GO:0098978","false","0.0000030423575764919984","5.516789743481263","424","86","13","22097",,,,,"IEA",,,,,,,,,,"IEA",,,,,,,"IEA",,,,,,,,,,,"IEA",,"IDA,IMP",,,,,"IEA",,"IBA,IEA",,,,,,,,,"IEA","IEA",,,"IEA",,"IBA","IEA",,,,,,,,,,,,,,,,,,,,,,"IEA",,,,,,,
"GO:CC","cell projection","GO:0042995","false","0.000003535184942942233","5.451587861188643","2389","86","29","22097",,,,,,,,"ISS","IDA,IEA",,,,"ISS",,,,"IBA",,,"IDA",,,"ISS,IBA,IEA",,,,,"IBA,IEA",,,"ISS,IEA","ISS",,"IBA","ISS,IEA","IBA,IEA",,,,,,"ISS,IEA",,"IDA,IBA,IEA",,,,,"IBA",,,"IEA","IEA",,"IEA",,,"IDA,ISS,IBA,IEA",,,"ISS,IBA,IEA",,,,,,,,,"IDA",,"ISS","ISS,IEA",,,"IBA,NAS","IDA","IEA","ISS,IEA","ISS,IBA,NAS,IEA",,"IEA",,,,,
"GO:CC","plasma membrane","GO:0005886","false","0.00000462104858304616","5.335259465534975","5742","86","47","22097",,"IDA","IBA,TAS,IEA","TAS","TAS,IEA",,"IBA,TAS,IEA","IEA","IDA,TAS",,,"IEA",,"IDA,IMP,IBA,RCA,TAS,IEA","IDA","IDA,IBA,TAS,IEA","TAS,IEA",,"IDA,IBA,TAS,IEA",,,,"ISS,IBA,TAS,IEA",,,,,"IDA,TAS,IEA",,"TAS,NAS","IDA","IDA,IBA,TAS,IEA",,"TAS,IEA","IDA,TAS,NAS,IEA",,"IDA","IDA,IBA,TAS,IEA",,"IBA,IEA",,"ISS,IBA,NAS,IEA","IBA,TAS",,,,,"ISS,IEA","TAS,IEA",,"IDA,IBA,TAS,IEA","ISS,IBA,TAS,NAS,IEA","IBA,IEA",,"IDA,IPI,IMP,IBA,TAS,IEA",,,"ISS,IEA",,,,,"IDA,IBA",,,,"IDA,IEA","IDA,IBA,TAS,NAS,IEA",,"IDA,ISS,TAS,IEA",,"ISS,TAS,IEA","IBA",,,"IBA,TAS,NAS,IEA","IDA,IBA,TAS,IEA","IDA,TAS,IEA","TAS,IEA","IDA,IPI,IMP,ISS,IBA,TAS,IEA",,"TAS,IEA","TAS,IEA",,,"IDA,IBA,TAS,IEA","TAS"
"GO:CC","plasma membrane bounded cell projection","GO:0120025","false","0.000005284321975020134","5.27701072858316","2277","86","28","22097",,,,,,,,"ISS","IDA,IEA",,,,"ISS",,,,"IBA",,,"IDA",,,"ISS,IBA,IEA",,,,,"IBA,IEA",,,"ISS,IEA","ISS",,"IBA","ISS,IEA","IBA,IEA",,,,,,"ISS,IEA",,"IDA,IBA,IEA",,,,,"IBA",,,"IEA",,,"IEA",,,"IDA,ISS,IBA,IEA",,,"ISS,IBA,IEA",,,,,,,,,"IDA",,"ISS","ISS,IEA",,,"IBA,NAS","IDA","IEA","ISS,IEA","ISS,IBA,NAS,IEA",,"IEA",,,,,
"GO:CC","cell periphery","GO:0071944","false","0.000006359557518968651","5.196573100350854","6228","86","49","22097",,"IDA","IBA,TAS,IEA","IDA,IBA,TAS","TAS,IEA",,"IBA,TAS,IEA","IEA","IDA,TAS",,"IBA,TAS,NAS","IBA,IEA",,"IDA,IMP,IBA,RCA,TAS,IEA","IDA","IDA,IBA,TAS,IEA","TAS,IEA",,"IDA,IBA,TAS,IEA",,,,"ISS,IBA,TAS,IEA",,,,,"IDA,TAS,IEA",,"TAS,NAS","IDA","IDA,IBA,TAS,IEA",,"TAS,IEA","IDA,TAS,NAS,IEA",,"IDA","IDA,IBA,TAS,IEA",,"IBA,IEA",,"ISS,IBA,NAS,IEA","IBA,TAS",,,,,"ISS,IEA","TAS,IEA",,"IDA,IBA,TAS,IEA","ISS,IBA,TAS,NAS,IEA","IBA,IEA","HDA","IDA,IPI,IMP,IBA,TAS,IEA",,,"ISS,IEA",,,,,"IDA,IBA,IEA",,,,"IDA,IEA","IDA,IBA,TAS,NAS,IEA",,"IDA,ISS,TAS,IEA",,"ISS,TAS,IEA","IBA",,,"IBA,TAS,NAS,IEA","IDA,HDA,IBA,TAS,IEA","IDA,TAS,IEA","TAS,IEA","IDA,IPI,IMP,ISS,IBA,TAS,IEA",,"TAS,IEA","TAS,IEA",,,"IDA,IBA,TAS,IEA","TAS"
"GO:CC","postsynaptic density","GO:0014069","false","0.000013510387898748239","4.869332181705763","318","86","11","22097",,,,,,,,,,,,,,,"IEA",,,,,,,"IEA","IBA",,,,,,,,"ISS,IEA",,,,,,,,,"IEA",,"IEA",,,,,,,,,,"IBA,IEA",,,"IBA,IEA",,,"ISS,TAS,IEA",,,"ISS,IBA,IEA",,,,,,,,,,,,,,,,,,,,,,,,,"IBA",
"GO:CC","synaptic membrane","GO:0097060","false","0.00001461480171693323","4.835207072460216","399","86","12","22097",,,,,,,"IEA",,,,,"IEA",,,,,,,,,,,"IBA,IEA",,,,,,,,,,,,"NAS",,,,,"IEA",,"IEA",,,,,,,,,"IEA","IBA,IEA","IBA,IEA",,"IBA",,,,,,,,,,,,,,,,,,,,,,,,,"ISS,IBA,IEA",,,,,,"IBA,IEA",
"GO:CC","asymmetric synapse","GO:0032279","false","0.00002223669911249029","4.65292968038254","334","86","11","22097",,,,,,,,,,,,,,,"IEA",,,,,,,"IEA","IBA",,,,,,,,"ISS,IEA",,,,,,,,,"IEA",,"IEA",,,,,,,,,,"IBA,IEA",,,"IBA,IEA",,,"ISS,TAS,IEA",,,"ISS,IBA,IEA",,,,,,,,,,,,,,,,,,,,,,,,,"IBA",
"GO:CC","dendrite","GO:0030425","false","0.000037185677456243464","4.429624302039125","622","86","14","22097",,,,,,,,,,,,,,,,,,,,,,,"ISS,IBA,IEA",,,,,,,,"ISS",,,,"ISS,IEA","IBA,IEA",,,,,,"ISS,IEA",,"IDA,IBA,IEA",,,,,"IBA",,,"IEA",,,"IEA",,,"ISS,IBA,IEA",,,"IEA",,,,,,,,,,,,,,,,,,"ISS,IEA","ISS,IBA,NAS,IEA",,"IEA",,,,,
"GO:CC","dendritic tree","GO:0097447","false","0.00003867319464709293","4.41258995101207","624","86","14","22097",,,,,,,,,,,,,,,,,,,,,,,"ISS,IBA,IEA",,,,,,,,"ISS",,,,"ISS,IEA","IBA,IEA",,,,,,"ISS,IEA",,"IDA,IBA,IEA",,,,,"IBA",,,"IEA",,,"IEA",,,"ISS,IBA,IEA",,,"IEA",,,,,,,,,,,,,,,,,,"ISS,IEA","ISS,IBA,NAS,IEA",,"IEA",,,,,
"GO:CC","neuron to neuron synapse","GO:0098984","false","0.000055839275292238636","4.2530602268215745","366","86","11","22097",,,,,,,,,,,,,,,"IEA",,,,,,,"IEA","IBA",,,,,,,,"ISS,IEA",,,,,,,,,"IEA",,"IEA",,,,,,,,,,"IBA,IEA",,,"IBA,IEA",,,"ISS,TAS,IEA",,,"ISS,IBA,IEA",,,,,,,,,,,,,,,,,,,,,,,,,"IBA",
"GO:CC","axon","GO:0030424","false","0.00007104548418324037","4.148463521629934","656","86","14","22097",,,,,,,,"ISS",,,,,,,,,"IBA",,,,,,,,,,,"IEA",,,,"ISS",,,"IEA",,,,,,,"ISS",,"IEA",,,,,,,,,,,,,,"ISS,IEA",,,"ISS,IBA,IEA",,,,,,,,,,,"ISS","ISS,IEA",,,"IBA,NAS",,"IEA","ISS,IEA",,,,,,,,
"GO:CC","postsynaptic specialization membrane","GO:0099634","false","0.00015386080506168785","3.812871999488718","122","86","7","22097",,,,,,,,,,,,,,,,,,,,,,,"IBA",,,,,,,,,,,,,,,,,"IEA",,"IEA",,,,,,,,,,"IBA,IEA",,,"IBA",,,,,,,,,,,,,,,,,,,,,,,,,"IEA",,,,,,"IBA",
"GO:CC","somatodendritic compartment","GO:0036477","false","0.0002730549408748673","3.563749960585033","848","86","15","22097",,,,,,,,,,,,,,,,,,,,,,,"ISS,IBA,IEA",,,,,,,,"ISS",,,,"ISS,IEA","IBA,IEA",,,,,,"ISS,IEA",,"IDA,IBA,IEA",,,,,"IBA",,,"ISS,IEA",,,"IEA","IBA",,"ISS,IBA,IEA",,,"ISS,IEA",,,,,,,,,,,,,,,,,,"ISS,IEA","ISS,IBA,NAS,IEA",,"IEA",,,,,
"GO:CC","membrane","GO:0016020","false","0.0006579833800022085","3.181785076088915","9864","86","60","22097",,"IDA","IBA,TAS,IEA","IBA,TAS,IEA","TAS,IEA",,"IBA,TAS,IEA","IEA","IDA,TAS","TAS,IEA",,"IEA",,"IDA,IMP,IBA,RCA,TAS,IEA","IDA","IDA,IBA,TAS,IEA","TAS,IEA",,"IDA,IBA,TAS,IEA","HDA,ISS,IBA,IEA",,"HDA","ISS,IBA,TAS,IEA",,,"IEA",,"IDA,TAS,IEA",,"IDA,HDA,ISS,TAS,NAS,IEA","IDA","IDA,IBA,TAS,IEA",,"IDA,TAS,IEA","IDA,TAS,NAS,IEA",,"IDA","IDA,IBA,TAS,IEA",,"IBA,IEA","IEA","ISS,IBA,TAS,NAS,IEA","IBA,TAS,IEA",,,,,"ISS,IEA","TAS,IEA","TAS,IEA","IDA,IBA,TAS,IEA","ISS,IBA,TAS,NAS,IEA","IBA,IEA",,"IDA,IPI,IMP,IBA,TAS,IEA",,"IEA","ISS,IEA",,,"ISS,IBA,IEA",,"IDA,IMP,HDA,IBA,TAS,IEA","IEA",,"IEA","IDA,IEA","IDA,IBA,TAS,NAS,IEA","NAS","IDA,ISS,TAS,IEA",,"ISS,TAS,IEA","IBA","NAS,IEA",,"IBA,TAS,NAS,IEA","IDA,IBA,TAS,IEA","IDA,TAS,IEA","ISS,TAS,IEA","IDA,IPI,IMP,ISS,IBA,TAS,IEA","IBA,IEA","TAS,IEA","TAS,IEA",,,"IDA,IBA,TAS,IEA","TAS,IEA"
"GO:CC","postsynaptic density membrane","GO:0098839","false","0.0008580403955500963","3.066492265587742","101","86","6","22097",,,,,,,,,,,,,,,,,,,,,,,"IBA",,,,,,,,,,,,,,,,,"IEA",,"IEA",,,,,,,,,,"IBA,IEA",,,"IBA",,,,,,,,,,,,,,,,,,,,,,,,,,,,,,,"IBA",
"GO:CC","plasma membrane protein complex","GO:0098797","false","0.001237153147964186","2.9075765354566903","718","86","13","22097",,,,,,,"IBA",,,,,,,,,"IDA,IBA,TAS,IEA",,,"IDA,IBA,IEA",,,,"ISS,IBA",,,,,,,,,,,,,,,,,,,,"IBA",,,,,,,,,"ISS,IBA,NAS,IEA",,,"IDA,IPI",,,"ISS,IEA",,,,,,,,,,"IDA,IBA,IEA",,"ISS",,,,,,,"IBA",,,"IDA,IPI,IBA,IEA",,,,,,"IBA",
"GO:CC","dendritic spine","GO:0043197","false","0.0015338420026800891","2.8142193736974193","172","86","7","22097",,,,,,,,,,,,,,,,,,,,,,,"ISS,IBA",,,,,,,,"ISS",,,,,,,,,,,"ISS,IEA",,"IDA,IBA,IEA",,,,,,,,,,,,,,"IBA,IEA",,,,,,,,,,,,,,,,,,,,,,"ISS,IBA,NAS,IEA",,"IEA",,,,,
"GO:CC","neuron spine","GO:0044309","false","0.0017843210174017666","2.7485270089597567","176","86","7","22097",,,,,,,,,,,,,,,,,,,,,,,"ISS,IBA",,,,,,,,"ISS",,,,,,,,,,,"ISS,IEA",,"IDA,IBA,IEA",,,,,,,,,,,,,,"IBA,IEA",,,,,,,,,,,,,,,,,,,,,,"ISS,IBA,NAS,IEA",,"IEA",,,,,
"GO:CC","plasma membrane region","GO:0098590","false","0.0020044907923961125","2.6979959343352578","1266","86","17","22097",,,,,,,"IEA","IEA",,,,"IEA",,"IDA,IMP,IBA,IEA",,,,,,,,,"IBA,IEA",,,,,,,,,"IBA",,,"NAS",,,,,"IEA",,"ISS,IEA",,,,,,,,,"IEA","IBA,IEA","IBA,IEA",,"IBA",,,,,,,,,,,,,,,,,"ISS",,,,,"IDA",,,"ISS,IBA,IEA",,,,,,"IBA,IEA",
"GO:CC","ionotropic glutamate receptor complex","GO:0008328","true","0.0060629205869780775","2.2173181201805177","41","86","4","22097",,,,,,,,,,,,,,,,,,,,,,,"ISS,IBA",,,,,,,,,,,,,,,,,,,,,,,,,,,,,"ISS,IBA,IEA",,,,,,"ISS,IEA",,,,,,,,,,,,,,,,,,,,,,,,,,,,"IBA",
"GO:CC","neurotransmitter receptor complex","GO:0098878","false","0.00962601000362001","2.0165536913274","46","86","4","22097",,,,,,,,,,,,,,,,,,,,,,,"ISS,IBA",,,,,,,,,,,,,,,,,,,,,,,,,,,,,"ISS,IBA,IEA",,,,,,"ISS,IEA",,,,,,,,,,,,,,,,,,,,,,,,,,,,"IBA",
"GO:CC","Schaffer collateral - CA1 synapse","GO:0098685","false","0.012679520851256357","1.8968971577781926","98","86","5","22097",,,,,,,,,,,,,,,,,,,,,,,,,,,,,,,,,,,,,,,,"IEA",,,,,,,,,,,"IEA","IEA",,,"IEA",,,"IEA",,,,,,,,,,,,,,,,,,,,,,,,,,,,,
"GO:CC","transmembrane transporter complex","GO:1902495","false","0.018332124637031835","1.736787198722082","445","86","9","22097",,,,,,,,,,,,,,,,,,,"IDA,IBA,IEA",,,,"ISS,IBA",,,,,,,"IEA",,,,,,,,,,,,,,,,,,,,,,"ISS,IBA,NAS,IEA",,,,,,"ISS,IEA",,,,,,,,,,"IDA,IBA,IEA",,,,,,,,,,,,"IDA,IPI,IBA,IEA",,,,,,"IBA","IEA"
"GO:CC","monoatomic ion channel complex","GO:0034702","false","0.019114484133163436","1.7186374183430273","346","86","8","22097",,,,,,,,,,,,,,,,,,,"IDA,IBA,IEA",,,,"ISS,IBA",,,,,,,,,,,,,,,,,,,,,,,,,,,,,"ISS,IBA,NAS,IEA",,,,,,"ISS,IEA",,,,,,,,,,"IDA,IBA,IEA",,,,,,,,,,,,"IDA,IPI,IBA,IEA",,,,,,"IBA","IEA"
"GO:CC","transporter complex","GO:1990351","false","0.02874495668476631","1.5414383414476862","472","86","9","22097",,,,,,,,,,,,,,,,,,,"IDA,IBA,IEA",,,,"ISS,IBA",,,,,,,"IEA",,,,,,,,,,,,,,,,,,,,,,"ISS,IBA,NAS,IEA",,,,,,"ISS,IEA",,,,,,,,,,"IDA,IBA,IEA",,,,,,,,,,,,"IDA,IPI,IBA,IEA",,,,,,"IBA","IEA"
"KEGG","Calcium signaling pathway","KEGG:04020","false","0.0013625161528641992","2.865658340384747","251","40","8","8484",,,,,,,,,,,,,,,,,"KEGG",,,,,,,,,,,,,,,,,,,,,,,,,,"KEGG",,"KEGG",,,,,,,,,,"KEGG","KEGG",,"KEGG",,,,,"KEGG",,,,,,,"KEGG",,,,,,,,,,,,,,,,,
"KEGG","Axon guidance","KEGG:04360","false","0.0014123852982720281","2.850046811721064","181","40","7","8484",,,,,,,,,,,,,,,,,,,,,,,,,,,,"KEGG",,,,"KEGG",,,,,,,,,,,,,,,,,"KEGG",,,,,,,,,,,,,,,,,,,,"KEGG","KEGG",,"KEGG",,,,,,,,,,,,"KEGG",,,
"KEGG","Glutamatergic synapse","KEGG:04724","false","0.014490451212302496","1.8389180909979652","115","40","5","8484",,,,,,,,,,,,,,,,,,,,,,,"KEGG",,,,,,,,,,,,,,,,,,,,,,,,,,,,,,,,"KEGG",,,,,,,,"KEGG",,,,,,,"KEGG",,,,,,,,,,,,,,,,"KEGG",
"KEGG","Long-term potentiation","KEGG:04720","false","0.02010447739234015","1.6967072117216166","67","40","4","8484",,,,,,,,,,,,,,,,,,,,,,,,,,,,,,,,,,,,,,,,,,,,,"KEGG",,,,,,,,,,"KEGG",,,,,,,,"KEGG",,,,,,,"KEGG",,,,,,,,,,,,,,,,,
"KEGG","Mucin type O-glycan biosynthesis","KEGG:00512","false","0.04773155507624453","1.3211944162511808","36","40","3","8484",,,,,,,,,,"KEGG",,,,,,,,,,,,,,,,"KEGG",,,,,,,,,,,,,,,,,,,,,,,,,,,,,,,,,,,,,,,,"KEGG",,,,,,,,,,,,,,,,,,,,,
"REAC","Neuronal System","REAC:R-HSA-112316","false","2.9011007704722777e-9","8.537437185606173","400","56","17","10842",,,"REAC",,,,,,,,,"REAC",,,,,"REAC",,"REAC",,,,"REAC",,,,,,,,"REAC",,,,"REAC",,,"REAC",,,,,"REAC",,"REAC",,,,,,,"REAC",,,"REAC",,,,,,,,,,,,,"REAC",,"REAC",,,,,,,,,,"REAC",,,,,,"REAC","REAC"
"REAC","Regulation of commissural axon pathfinding by SLIT and ROBO","REAC:R-HSA-428542","false","0.00002817643978235349","4.550113882786551","9","56","4","10842",,,,,,,,,,,,,,,,,,,,,,,,,,,,"REAC",,,,,,,,,,,,,,,,,,,,,,,,,,,,,,,,,,,,,,,,,"REAC",,,"REAC",,,,,,,,,,,,"REAC",,,
"REAC","Protein-protein interactions at synapses","REAC:R-HSA-6794362","false","0.0000932798502470548","4.030212159807723","86","56","7","10842",,,,,,,,,,,,"REAC",,,,,"REAC",,,,,,"REAC",,,,,,,,"REAC",,,,"REAC",,,"REAC",,,,,,,,,,,,,,,,,"REAC",,,,,,,,,,,,,,,,,,,,,,,,,,,,,,,,
"REAC","G-protein mediated events","REAC:R-HSA-112040","false","0.0028536569195731186","2.544598241064578","54","56","5","10842",,,,,,,,,,,,,,,,,,,,,,,,,,,,,,,,,,,,,,,,,,,"REAC",,"REAC",,,,,,,,,,,"REAC",,,,,,,"REAC",,,,,,,"REAC",,,,,,,,,,,,,,,,,
"REAC","Transmission across Chemical Synapses","REAC:R-HSA-112315","false","0.017895869916659684","1.747247185744362","259","56","8","10842",,,"REAC",,,,,,,,,,,,,,,,,,,,"REAC",,,,,,,,,,,,,,,,,,,,"REAC",,"REAC",,,,,,,"REAC",,,,,,,,,,,,,,,,"REAC",,"REAC",,,,,,,,,,,,,,,,"REAC",
"REAC","DAG and IP3 signaling","REAC:R-HSA-1489509","false","0.020028338933618932","1.6983550677746793","41","56","4","10842",,,,,,,,,,,,,,,,,,,,,,,,,,,,,,,,,,,,,,,,,,,,,"REAC",,,,,,,,,,,"REAC",,,,,,,"REAC",,,,,,,"REAC",,,,,,,,,,,,,,,,,
"REAC","Neurotransmitter receptors and postsynaptic signal transmission","REAC:R-HSA-112314","false","0.02218586028150141","1.6539237263675222","196","56","7","10842",,,"REAC",,,,,,,,,,,,,,,,,,,,"REAC",,,,,,,,,,,,,,,,,,,,"REAC",,"REAC",,,,,,,"REAC",,,,,,,,,,,,,,,,,,"REAC",,,,,,,,,,,,,,,,"REAC",
"REAC","Opioid Signalling","REAC:R-HSA-111885","false","0.03265258504218045","1.4860824307713423","89","56","5","10842",,,,,,,,,,,,,,,,,,,,,,,,,,,,,,,,,,,,,,,,,,,"REAC",,"REAC",,,,,,,,,,,"REAC",,,,,,,"REAC",,,,,,,"REAC",,,,,,,,,,,,,,,,,
"REAC","PLC beta mediated events","REAC:R-HSA-112043","false","0.04063795448574561","1.3910681604168214","49","56","4","10842",,,,,,,,,,,,,,,,,,,,,,,,,,,,,,,,,,,,,,,,,,,,,"REAC",,,,,,,,,,,"REAC",,,,,,,"REAC",,,,,,,"REAC",,,,,,,,,,,,,,,,,
"WP","Common pathways underlying drug addiction","WP:WP2636","false","0.008115815383352602","2.090667840754409","41","44","4","8286",,,,,,,,,,,,,,,,,,,,,,,"WP",,,,,,,,,,,,,,,,,,,,,,"WP",,,,,,,,,,"WP",,,,,,,,,,,,,,,"WP",,,,,,,,,,,,,,,,,
"TF","Factor: ZF5; motif: NGAGCGCGC; match class: 1","TF:M10111_1","false","0.005673228576472805","2.246169718197857","513","87","12","20045",,,,,"TF",,,,,"TF",,,,,,,,,,,,"TF","TF","TF",,,,,,,,,,,,,"TF",,,,,,"TF","TF",,,,,,"TF",,,,,,,,,,,,,,,,,"TF",,,,,,,,,,,"TF",,,"TF",,,,,,
"TF","Factor: DB1; motif: GGRRRRGRRGGAGGGGGNGRRR","TF:M10107","false","0.017923307265305385","1.7465818498889403","6014","87","46","20045",,,,"TF",,"TF",,,"TF","TF","TF",,,,"TF",,"TF",,"TF","TF","TF","TF",,"TF","TF","TF","TF",,,"TF",,"TF","TF",,,"TF","TF",,,,,,"TF",,"TF","TF",,,"TF",,,,"TF","TF",,"TF","TF","TF","TF","TF",,"TF","TF","TF",,"TF",,"TF",,"TF","TF","TF",,"TF","TF",,,,"TF",,,"TF",,,"TF","TF","TF"
"HPA","cerebellum; synaptic glomeruli - core[≥Medium]","HPA:0091062","false","0.0019618754684804104","2.707328563249768","228","51","8","11019",,,,,,,,"Enhanced",,,,,,,,,,,,,,,,,,,,,,,,,,,,,,,,"Enhanced",,,"Enhanced",,,,,,,,,,,,,,,,,,,,,,,,,"Enhanced",,"Enhanced",,,,,,,,,"Enhanced","Enhanced",,,"Enhanced",,,,
"HPA","cerebellum; synaptic glomeruli - core[≥Low]","HPA:0091061","false","0.01138049163363579","1.9438389761515618","291","51","8","11019",,,,,,,,"Enhanced",,,,,,,,,,,,,,,,,,,,,,,,,,,,,,,,"Enhanced",,,"Enhanced",,,,,,,,,,,,,,,,,,,,,,,,,"Enhanced",,"Enhanced",,,,,,,,,"Enhanced","Enhanced",,,"Enhanced",,,,
"HPA","caudate; synapses[≥Medium]","HPA:0080152","false","0.013544896127670942","1.868224321110865","17","51","3","11019",,,,,,,,,,,,,,,,,,,,,,,,,,,,,,,,,,,,,,,,,,,"Enhanced",,,,,,,,,"Enhanced",,,,,,,,,,,,,,,,,,,,,,,,,,,,"Enhanced",,,,,,,
"HPA","caudate; synapses[≥Low]","HPA:0080151","false","0.01917579873100427","1.7172465373011105","19","51","3","11019",,,,,,,,,,,,,,,,,,,,,,,,,,,,,,,,,,,,,,,,,,,"Enhanced",,,,,,,,,"Enhanced",,,,,,,,,,,,,,,,,,,,,,,,,,,,"Enhanced",,,,,,,
