"source","term_name","term_id","highlighted","adjusted_p_value","negative_log10_of_adjusted_p_value","term_size","query_size","intersection_size","effective_domain_size","DPP10","ERBB4","SLIT2","TMEM132C","ADAMTS17","KHDRBS2","HS6ST3","PRKG1","ZNF804A","FMN1","ZNF385D","SLC9A9","KLF12","SPARCL1","SHISA9","KCNC2","ROR1","GRIA4","PLXNA4","SOX6","KIAA1217","KCNAB1","KCND2","MYO5B","FGF12","PTPRM","ATRNL1","RPS6KA2","AGBL4","MAGI1","CACNB4","LRRTM4","GPC5","RASGRF2","KCNH1","CNTNAP5","MYO16","MMP16","DTNA","GABRG3","ASTN2","RBFOX1","ZMAT4","TENM2","OPRD1","EPHA6","PRKCA","CPLX1","SETBP1","GPC6","ANK1","SFMBT2","ERC2","CNTNAP2","SLC24A2","FRMD5","SH3RF3","SUPT3H","KCNMB2","OXR1","LDB2","KAZN","TAFA2","ST6GALNAC5","VWC2","TENM1","CUX2","MAGI2","SRRM4","LUZP2","GRM5","KCNMA1","KIF26B","CAMK1D","UNC5D","ADCY8","MDGA2","PLCE1","DLGAP1","ETV6","MEF2C","CADPS","HCN1","NALF1","CLEC16A","ADGRB3","OSBPL3","CACNA1A","OPCML","ST8SIA1","XYLT1","MAST4","RUNX2","TRPM3","FAM78B","PPP2R2B","SLC26A4","SULF1","ZFPM2","PPARGC1A","SORBS1","UBE2E2","GALNT7","PLCXD3","RYR2","GRIK3","FSTL4","ASAP1","RAP1GAP2","TEAD1","ITPR1","PTPN13","PLCL1","NDST3","SYN2","ALK","PTPRD","PCDH9","GHR","LDLRAD4","NAV1","SRRM3","RASA1","FAM81A","PTCHD4","TRIO","PPFIA2","ASIC2","ZNF536","CAMTA1","IL1RAPL1"
"GO:MF","gated channel activity","GO:0022836","true","6.779592821233281e-8","7.168796388847059","315","127","16","20212",,,,,,,,,,,,,,,,"ISS,IBA,IEA",,"IDA,IMP,ISS,IBA,NAS,IEA",,,,"IEA","IDA,IMP,ISS,IBA,NAS,IEA",,,,,,,,"IDA,IEA",,,,"IDA,IBA,TAS,IEA",,,,,"IBA,IEA",,,,,,,,,,,,,,,,,,,"IDA,IBA,IEA",,,,,,,,,,,,,"IDA,IMP,IBA,IEA",,,,,,,,,,,"IDA,IMP,ISS,IBA,IEA","IBA",,,,"IDA,IMP,IGI,IBA,IEA",,,,,,,,,,,,,,,,,"IDA,ISS,IBA,IEA","IDA,ISS,IBA,IEA",,,,,"ISS,IBA,TAS,IEA",,,,,,,,,,,,,,,,,"IBA,TAS,IEA",,,
"GO:MF","monoatomic ion channel activity","GO:0005216","false","1.735855404773314e-7","6.7604864540008","444","127","18","20212",,,,,,,,,,,,,,,,"ISS,IBA,IEA",,"IDA,IMP,ISS,IBA,NAS,IEA",,,,"IEA","IDA,IMP,ISS,IBA,NAS,IEA",,,,,,,,"IDA,IEA",,,,"IDA,IBA,TAS,IEA",,,,,"IBA,IEA",,,,,,,,,,,,,,,"IBA,IEA",,,,"IDA,IBA,IEA",,,,,,,,,,,,,"IDA,IMP,IBA,IEA",,,,,,,,,,,"IDA,IMP,ISS,IBA,NAS,IEA","IBA",,,,"IDA,IMP,IGI,IBA,IEA",,,,,,"IDA,IBA,TAS,IEA",,,,,,,,,,,"IDA,ISS,IBA,IEA","IDA,ISS,IBA,IEA",,,,,"ISS,IBA,TAS,IEA",,,,,,,,,,,,,,,,,"IBA,TAS,IEA",,,
"GO:MF","monoatomic cation channel activity","GO:0005261","false","1.7484328997475463e-7","6.757351030113988","336","127","16","20212",,,,,,,,,,,,,,,,"ISS,IBA,IEA",,,,,,"IEA","IDA,IMP,ISS,IBA,NAS,IEA",,,,,,,,"IDA,IEA",,,,"IDA,IBA,TAS,IEA",,,,,,,,,,,,,,,,,,,,"IBA,IEA",,,,"IDA,IBA,IEA",,,,,,,,,,,,,"IDA,IMP,IBA,IEA",,,,,,,,,,,"IDA,IMP,ISS,IBA,NAS,IEA","IBA",,,,"IDA,IMP,IGI,IBA,IEA",,,,,,"IDA,IBA,TAS,IEA",,,,,,,,,,,"IDA,ISS,IBA,IEA","IDA,IBA",,,,,"ISS,IBA,TAS,IEA",,,,,,,,,,,,,,,,,"IBA,TAS,IEA",,,
"GO:MF","metal ion transmembrane transporter activity","GO:0046873","false","0.0000013654286781713992","5.864730979878369","445","127","17","20212",,,,,,,,,,,,"ISS,IBA,TAS,IEA",,,,"ISS,IBA,IEA",,,,,,"IEA","IDA,IMP,ISS,IBA,NAS,IEA",,,,,,,,"IDA,IEA",,,,"IDA,IBA,TAS,IEA",,,,,,,,,,,,,,,,,,,,"IDA,IBA,TAS,IEA",,,,"IDA,IBA,IEA",,,,,,,,,,,,,"IDA,IMP,IBA,IEA",,,,,,,,,,,"IMP,ISS,IBA,NAS,IEA","IBA",,,,"IDA,IMP,IGI,IBA,IEA",,,,,,"IDA,TAS,IEA",,,,,,,,,,,"IDA,ISS,IBA,IEA","IDA,IBA",,,,,"ISS,IBA,TAS,IEA",,,,,,,,,,,,,,,,,"IBA,TAS,IEA",,,
"GO:MF","channel activity","GO:0015267","false","0.0000014241812005365507","5.846434751298368","507","127","18","20212",,,,,,,,,,,,,,,,"ISS,IBA,IEA",,"IDA,IMP,ISS,IBA,NAS,IEA",,,,"IEA","IDA,IMP,ISS,IBA,NAS,IEA",,,,,,,,"IDA,IEA",,,,"IDA,IBA,TAS,IEA",,,,,"IBA,IEA",,,,,,,,,,,,,,,"IBA,IEA",,,,"IDA,IBA,IEA",,,,,,,,,,,,,"IDA,IMP,IBA,IEA",,,,,,,,,,,"IDA,IMP,ISS,IBA,NAS,IEA","IBA",,,,"IDA,IMP,IGI,IBA,IEA",,,,,,"IDA,IBA,TAS,IEA",,,,,,,,,,,"IDA,ISS,IBA,IEA","IDA,ISS,IBA,IEA",,,,,"ISS,IBA,TAS,IEA",,,,,,,,,,,,,,,,,"IBA,TAS,IEA",,,
"GO:MF","passive transmembrane transporter activity","GO:0022803","false","0.0000014688336989888776","5.833027372147035","508","127","18","20212",,,,,,,,,,,,,,,,"ISS,IBA,IEA",,"IDA,IMP,ISS,IBA,NAS,IEA",,,,"IEA","IDA,IMP,ISS,IBA,NAS,IEA",,,,,,,,"IDA,IEA",,,,"IDA,IBA,TAS,IEA",,,,,"IBA,IEA",,,,,,,,,,,,,,,"IBA,IEA",,,,"IDA,IBA,IEA",,,,,,,,,,,,,"IDA,IMP,IBA,IEA",,,,,,,,,,,"IDA,IMP,ISS,IBA,NAS,IEA","IBA",,,,"IDA,IMP,IGI,IBA,IEA",,,,,,"IDA,IBA,TAS,IEA",,,,,,,,,,,"IDA,ISS,IBA,IEA","IDA,ISS,IBA,IEA",,,,,"ISS,IBA,TAS,IEA",,,,,,,,,,,,,,,,,"IBA,TAS,IEA",,,
"GO:MF","inorganic molecular entity transmembrane transporter activity","GO:0015318","false","0.000005777146160906192","5.238286644736232","692","127","20","20212",,,,,,,,,,,,"ISS,IBA,TAS,IEA",,,,"ISS,IBA,IEA",,"IDA,IBA",,,,"IEA","IDA,IMP,ISS,IBA,NAS,IEA",,,,,,,,"IDA,IEA",,,,"IDA,IBA,TAS,IEA",,,,,"IBA,IEA",,,,,,,,,,,,,,,"IDA,IBA,TAS,IEA",,,,"IDA,IBA,IEA",,,,,,,,,,,,,"IDA,IMP,IBA,IEA",,,,,,,,,,,"IMP,ISS,IBA,NAS,IEA","IBA",,,,"IDA,IMP,IGI,IBA,IEA",,,,,,"IDA,TAS,IEA",,,"IDA,IMP,IBA,TAS,IEA",,,,,,,,"IDA,ISS,IBA,IEA","IDA,IBA",,,,,"ISS,IBA,TAS,IEA",,,,,,,,,,,,,,,,,"IBA,TAS,IEA",,,
"GO:MF","inorganic cation transmembrane transporter activity","GO:0022890","false","0.00000850718788064314","5.070213975726243","569","127","18","20212",,,,,,,,,,,,"ISS,IBA,TAS,IEA",,,,"ISS,IBA,IEA",,"IDA,IBA",,,,"IEA","IDA,IMP,ISS,IBA,NAS,IEA",,,,,,,,"IDA,IEA",,,,"IDA,IBA,TAS,IEA",,,,,,,,,,,,,,,,,,,,"IDA,IBA,TAS,IEA",,,,"IDA,IBA,IEA",,,,,,,,,,,,,"IDA,IMP,IBA,IEA",,,,,,,,,,,"IMP,ISS,IBA,NAS,IEA","IBA",,,,"IDA,IMP,IGI,IBA,IEA",,,,,,"IDA,TAS,IEA",,,,,,,,,,,"IDA,ISS,IBA,IEA","IDA,IBA",,,,,"ISS,IBA,TAS,IEA",,,,,,,,,,,,,,,,,"IBA,TAS,IEA",,,
"GO:MF","monoatomic ion transmembrane transporter activity","GO:0015075","false","0.000013104291992483644","4.8825864384383895","727","127","20","20212",,,,,,,,,,,,"ISS,IBA,TAS,IEA",,,,"ISS,IBA,IEA",,"IDA,IMP,ISS,IBA,NAS,IEA",,,,"IEA","IDA,IMP,ISS,IBA,NAS,IEA",,,,,,,,"IDA,IEA",,,,"IDA,IBA,TAS,IEA",,,,,"IBA,IEA",,,,,,,,,,,,,,,"IDA,IBA,TAS,IEA",,,,"IDA,IBA,IEA",,,,,,,,,,,,,"IDA,IMP,IBA,IEA",,,,,,,,,,,"IDA,IMP,ISS,IBA,NAS,IEA","IBA",,,,"IDA,IMP,IGI,IBA,IEA",,,,,,"IDA,IBA,TAS,IEA",,,"IDA,IMP,IBA,TAS,IEA",,,,,,,,"IDA,ISS,IBA,IEA","IDA,ISS,IBA,IEA",,,,,"ISS,IBA,TAS,IEA",,,,,,,,,,,,,,,,,"IBA,TAS,IEA",,,
"GO:MF","potassium ion transmembrane transporter activity","GO:0015079","false","0.00003477824056696735","4.458692392758414","161","127","10","20212",,,,,,,,,,,,"ISS,IBA,IEA",,,,"ISS,IBA,IEA",,,,,,"IEA","IDA,IMP,ISS,IBA,NAS,IEA",,,,,,,,,,,,"IDA,IBA,TAS,IEA",,,,,,,,,,,,,,,,,,,,"IDA,IBA,TAS,IEA",,,,"IDA,IBA,IEA",,,,,,,,,,,,,"IDA,IMP,IBA,IEA",,,,,,,,,,,"IMP,ISS,IBA,NAS,IEA",,,,,,,,,,,,,,,,,,,,,,,"IDA,IBA",,,,,,,,,,,,,,,,,,,,,,,,,
"GO:MF","monoatomic cation transmembrane transporter activity","GO:0008324","false","0.00012748824076608476","3.8945298717470567","608","127","17","20212",,,,,,,,,,,,"ISS,IBA,TAS,IEA",,,,"ISS,IBA,IEA",,,,,,"IEA","IDA,IMP,ISS,IBA,NAS,IEA",,,,,,,,"IDA,IEA",,,,"IDA,IBA,TAS,IEA",,,,,,,,,,,,,,,,,,,,"IDA,IBA,TAS,IEA",,,,"IDA,IBA,IEA",,,,,,,,,,,,,"IDA,IMP,IBA,IEA",,,,,,,,,,,"IDA,IMP,ISS,IBA,NAS,IEA","IBA",,,,"IDA,IMP,IGI,IBA,IEA",,,,,,"IDA,IBA,TAS,IEA",,,,,,,,,,,"IDA,ISS,IBA,IEA","IDA,IBA",,,,,"ISS,IBA,TAS,IEA",,,,,,,,,,,,,,,,,"IBA,TAS,IEA",,,
"GO:MF","potassium channel activity","GO:0005267","false","0.0005545115160682379","3.2560894300144523","124","127","8","20212",,,,,,,,,,,,,,,,"ISS,IBA,IEA",,,,,,"IEA","IDA,IMP,ISS,IBA,NAS,IEA",,,,,,,,,,,,"IDA,IBA,TAS,IEA",,,,,,,,,,,,,,,,,,,,,,,,"IDA,IBA,IEA",,,,,,,,,,,,,"IDA,IMP,IBA,IEA",,,,,,,,,,,"IMP,ISS,IBA,NAS,IEA",,,,,,,,,,,,,,,,,,,,,,,"IDA,IBA",,,,,,,,,,,,,,,,,,,,,,,,,
"GO:MF","ligand-gated monoatomic ion channel activity","GO:0015276","false","0.0006458021656728456","3.189900502926492","171","127","9","20212",,,,,,,,,,,,,,,,,,"IDA,IMP,ISS,IBA,NAS,IEA",,,,,,,,,,,,,,,,,,,,,,"IBA,IEA",,,,,,,,,,,,,,,,,,,"IDA,IBA,IEA",,,,,,,,,,,,,"IDA,IMP,IBA",,,,,,,,,,,"ISS,IEA",,,,,,,,,,,,,,,,,,,,,,"IDA,ISS,IBA,IEA","IDA,ISS,IBA,IEA",,,,,"ISS,IBA,TAS,IEA",,,,,,,,,,,,,,,,,"IBA,TAS,IEA",,,
"GO:MF","ligand-gated channel activity","GO:0022834","false","0.0006778851734003909","3.168843864808381","172","127","9","20212",,,,,,,,,,,,,,,,,,"IDA,IMP,ISS,IBA,NAS,IEA",,,,,,,,,,,,,,,,,,,,,,"IBA,IEA",,,,,,,,,,,,,,,,,,,"IDA,IBA,IEA",,,,,,,,,,,,,"IDA,IMP,IBA,IEA",,,,,,,,,,,"ISS,IEA",,,,,,,,,,,,,,,,,,,,,,"IDA,ISS,IBA,IEA","IDA,ISS,IBA,IEA",,,,,"ISS,IBA,TAS,IEA",,,,,,,,,,,,,,,,,"IBA,TAS,IEA",,,
"GO:MF","voltage-gated monoatomic cation channel activity","GO:0022843","false","0.003088212893553729","2.5102927681456872","156","127","8","20212",,,,,,,,,,,,,,,,"ISS,IBA,IEA",,,,,,"IEA","IDA,IMP,ISS,IBA,NAS,IEA",,,,,,,,"IDA,IEA",,,,"IDA,IBA,TAS,IEA",,,,,,,,,,,,,,,,,,,,,,,,,,,,,,,,,,,,,"IDA,IMP",,,,,,,,,,,"IDA,IMP,ISS,IBA,IEA",,,,,"IDA,IMP,IGI,IBA,IEA",,,,,,,,,,,,,,,,,,,,,,,,,,,,,,,,,,,,,,,,,,,
"GO:MF","transmembrane transporter activity","GO:0022857","false","0.0033446675345900584","2.475647045330813","1127","127","21","20212",,,,,,,,,,,,"ISS,IBA,TAS,IEA",,,,"ISS,IBA,IEA",,"IDA,IMP,ISS,IBA,NAS,IEA",,,,"IEA","IDA,IMP,ISS,IBA,NAS,IEA",,,,,,,,"IDA,IEA",,,,"IDA,IBA,TAS,IEA",,,,,"IBA,IEA",,,,,,,,"IEA",,,,,,,"IDA,IBA,TAS,IEA",,,,"IDA,IBA,IEA",,,,,,,,,,,,,"IDA,IMP,IBA,IEA",,,,,,,,,,,"IDA,IMP,ISS,IBA,NAS,IEA","IBA",,,,"IDA,IMP,IGI,IBA,IEA",,,,,,"IDA,IBA,TAS,IEA",,,"IDA,IMP,IBA,TAS,IEA",,,,,,,,"IDA,ISS,IBA,IEA","IDA,ISS,IBA,IEA",,,,,"ISS,IBA,TAS,IEA",,,,,,,,,,,,,,,,,"IBA,TAS,IEA",,,
"GO:MF","transporter activity","GO:0005215","false","0.004216605672564793","2.3750370113248516","1239","127","22","20212",,,,,,,,,,,,"ISS,IBA,TAS,IEA",,,,"ISS,IBA,IEA",,"IDA,IMP,ISS,IBA,NAS,IEA",,,,"IEA","IDA,IMP,ISS,IBA,NAS,IEA",,,,,,,,"IDA,IEA",,,,"IDA,IBA,TAS,IEA",,,,,"IBA,IEA",,,,,,,,"IEA",,,,,,,"IDA,IBA,TAS,IEA",,,,"IDA,IBA,IEA",,,,,,,,,,,,,"IDA,IMP,IBA,IEA",,,,,,,,,,,"IDA,IMP,ISS,IBA,NAS,IEA","IBA",,,"IBA,TAS","IDA,IMP,IGI,IBA,IEA",,,,,,"IDA,IBA,TAS,IEA",,,"IDA,IMP,IBA,TAS,IEA",,,,,,,,"IDA,ISS,IBA,IEA","IDA,ISS,IBA,IEA",,,,,"ISS,IBA,TAS,IEA",,,,,,,,,,,,,,,,,"IBA,TAS,IEA",,,
"GO:MF","calcium channel activity","GO:0005262","false","0.0074611144290125395","2.1271962993070606","127","127","7","20212",,,,,,,,,,,,,,,,,,,,,,,,,,,,,,,"IDA,IEA",,,,,,,,,,,,,,,,,,,,,,,,"IBA,IEA",,,,,,,,,,,,,,,,,,,,,,,,,,,,,"IBA",,,,"IDA,IMP,IGI,IBA,IEA",,,,,,"IDA,TAS,IEA",,,,,,,,,,,"IDA,ISS,IBA,IEA",,,,,,"ISS,IBA,TAS,IEA",,,,,,,,,,,,,,,,,,,,
"GO:MF","voltage-gated monoatomic ion channel activity","GO:0005244","false","0.009883009134456663","2.005110803234473","183","127","8","20212",,,,,,,,,,,,,,,,"ISS,IBA,IEA",,,,,,"IEA","IDA,IMP,ISS,IBA,NAS,IEA",,,,,,,,"IDA,IEA",,,,"IDA,IBA,TAS,IEA",,,,,,,,,,,,,,,,,,,,,,,,,,,,,,,,,,,,,"IDA,IMP",,,,,,,,,,,"IDA,IMP,ISS,IBA,IEA",,,,,"IDA,IMP,IGI,IBA,IEA",,,,,,,,,,,,,,,,,,,,,,,,,,,,,,,,,,,,,,,,,,,
"GO:MF","ligand-gated monoatomic cation channel activity","GO:0099094","false","0.010569145858469027","1.9759601086189986","134","127","7","20212",,,,,,,,,,,,,,,,,,,,,,,,,,,,,,,,,,,,,,,,,,,,,,,,,,,,,,,,,,,"IDA,IBA,IEA",,,,,,,,,,,,,"IDA,IMP,IBA",,,,,,,,,,,"ISS,IEA",,,,,,,,,,,,,,,,,,,,,,"IDA,ISS,IBA,IEA","IDA,IBA",,,,,"ISS,IBA,TAS,IEA",,,,,,,,,,,,,,,,,"IBA,TAS,IEA",,,
"GO:MF","voltage-gated channel activity","GO:0022832","false","0.01110912538330827","1.9543201315321275","186","127","8","20212",,,,,,,,,,,,,,,,"ISS,IBA,IEA",,,,,,"IEA","IDA,IMP,ISS,IBA,NAS,IEA",,,,,,,,"IDA,IEA",,,,"IDA,IBA,TAS,IEA",,,,,,,,,,,,,,,,,,,,,,,,,,,,,,,,,,,,,"IDA,IMP",,,,,,,,,,,"IDA,IMP,ISS,IBA,IEA",,,,,"IDA,IMP,IGI,IBA,IEA",,,,,,,,,,,,,,,,,,,,,,,,,,,,,,,,,,,,,,,,,,,
"GO:MF","transmembrane transporter binding","GO:0044325","true","0.014019023689356595","1.8532822303842675","140","127","7","20212","IPI",,,,,,,,,,,,,,,"IEA",,,,,,"IBA",,,"ISS",,,,,,,,,,,,,,,,,,,,,,,,,,"IBA",,,"IEA",,,,,,,,,,,,,,,,,,,,,,,,,,,,,,,,,,,,,,,,,,,,,,,,,,,"ISS",,,,,,,,,,,,,,,,,,,,,,,,,,
"GO:MF","ion channel regulator activity","GO:0099106","true","0.016063370558961922","1.7941633219731532","143","127","7","20212","ISS,IBA",,,,,,,"IDA",,,,,,,,,,,,,,"IDA,IBA,TAS",,,"ISS,IBA",,,,,,,,,,,,,,,,,,,,,,,,,,,,,,,,,,"IBA,TAS,IEA",,,,,,,,,,,,,,,,,,,,,,,,,,,,,,,,,,,,,,,,,,,,,,,,,,,,"IDA",,,,,,,,,,,,"NAS",,,,,,,,
"GO:MF","calcium ion transmembrane transporter activity","GO:0015085","false","0.017557797490082964","1.7555299643921307","145","127","7","20212",,,,,,,,,,,,,,,,,,,,,,,,,,,,,,,"IDA,IEA",,,,,,,,,,,,,,,,,,,,,,,,"IDA,IBA,TAS,IEA",,,,,,,,,,,,,,,,,,,,,,,,,,,,,"IBA",,,,"IDA,IMP,IGI,IBA,IEA",,,,,,"IDA,TAS,IEA",,,,,,,,,,,"IDA,ISS,IBA,IEA",,,,,,"ISS,IBA,TAS,IEA",,,,,,,,,,,,,,,,,,,,
"GO:MF","voltage-gated potassium channel activity","GO:0005249","false","0.019146938148354883","1.7179006656426297","100","127","6","20212",,,,,,,,,,,,,,,,"ISS,IBA,IEA",,,,,,"IEA","IDA,IMP,ISS,IBA,NAS,IEA",,,,,,,,,,,,"IDA,IBA,TAS,IEA",,,,,,,,,,,,,,,,,,,,,,,,,,,,,,,,,,,,,"IDA,IMP",,,,,,,,,,,"IMP,ISS,IBA,IEA",,,,,,,,,,,,,,,,,,,,,,,,,,,,,,,,,,,,,,,,,,,,,,,,
"GO:MF","channel regulator activity","GO:0016247","false","0.02001219191220932","1.6987053409868156","148","127","7","20212","ISS,IBA",,,,,,,"IDA",,,,,,,,,,,,,,"IDA,IBA,TAS",,,"ISS,IBA",,,,,,,,,,,,,,,,,,,,,,,,,,,,,,,,,,"IBA,TAS,IEA",,,,,,,,,,,,,,,,,,,,,,,,,,,,,,,,,,,,,,,,,,,,,,,,,,,,"IDA",,,,,,,,,,,,"NAS",,,,,,,,
"GO:MF","transporter regulator activity","GO:0141108","false","0.02001219191220932","1.6987053409868156","148","127","7","20212","ISS,IBA",,,,,,,"IDA",,,,,,,,,,,,,,"IDA,IBA,TAS",,,"ISS,IBA",,,,,,,,,,,,,,,,,,,,,,,,,,,,,,,,,,"IBA,TAS,IEA",,,,,,,,,,,,,,,,,,,,,,,,,,,,,,,,,,,,,,,,,,,,,,,,,,,,"IDA",,,,,,,,,,,,"NAS",,,,,,,,
"GO:BP","synaptic signaling","GO:0099536","true","1.4844802835052884e-11","10.828425566219988","780","124","28","21031",,,,,,,,,,,,,,,"ISS,IBA,IEA",,,"IBA",,,,,"TAS",,"IEA",,,"TAS",,,"IBA,IEA",,,"IEA",,,,,"IBA,TAS","IBA",,,,,,,,"IBA,TAS,IEA",,,,,"IBA,IEA",,"IBA,IEA",,,,,,,,,,,,"ISS,IEA",,,,"IBA,TAS,IEA",,,,,"ISS,IEA",,,"TAS,NAS",,"ISS","IEA",,,,,,"IDA,IBA",,,,,,,,,,,,,,,,,,"ISS,IBA",,,,,"IEA",,"IEA",,"ISS,IBA,TAS,IEA",,"IDA,IMP,IEA",,,,,,,,,"IDA,IMP","IEA","TAS",,,"IDA,IMP"
"GO:BP","trans-synaptic signaling","GO:0099537","false","5.464405216448438e-11","10.262457102748504","756","124","27","21031",,,,,,,,,,,,,,,"ISS,IBA,IEA",,,"IBA",,,,,"TAS",,"IEA",,,"TAS",,,"IBA,IEA",,,"IEA",,,,,"TAS","IBA",,,,,,,,"IBA,TAS,IEA",,,,,"IBA,IEA",,"IBA,IEA",,,,,,,,,,,,"ISS,IEA",,,,"IBA,TAS,IEA",,,,,"ISS,IEA",,,"TAS,NAS",,"ISS","IEA",,,,,,"IDA,IBA",,,,,,,,,,,,,,,,,,"ISS,IBA",,,,,,,"IEA",,"ISS,IBA,TAS,IEA",,"IDA,IMP,IEA",,,,,,,,,"IDA,IMP","IEA","TAS",,,"IDA,IMP"
"GO:BP","chemical synaptic transmission","GO:0007268","false","3.489954486117052e-10","9.457180236810764","750","124","26","21031",,,,,,,,,,,,,,,"ISS,IBA,IEA",,,"IBA",,,,,"TAS",,"IEA",,,"TAS",,,"IBA,IEA",,,"IEA",,,,,"TAS","IBA",,,,,,,,"IBA,TAS,IEA",,,,,"IBA,IEA",,"IBA,IEA",,,,,,,,,,,,"ISS,IEA",,,,"IBA,TAS,IEA",,,,,"ISS,IEA",,,"TAS,NAS",,"ISS","IEA",,,,,,"IDA,IBA",,,,,,,,,,,,,,,,,,"ISS,IBA",,,,,,,"IEA",,"ISS,IBA,TAS,IEA",,"IEA",,,,,,,,,"IDA,IMP","IEA","TAS",,,
"GO:BP","anterograde trans-synaptic signaling","GO:0098916","false","3.489954486117052e-10","9.457180236810764","750","124","26","21031",,,,,,,,,,,,,,,"ISS,IBA,IEA",,,"IBA",,,,,"TAS",,"IEA",,,"TAS",,,"IBA,IEA",,,"IEA",,,,,"TAS","IBA",,,,,,,,"IBA,TAS,IEA",,,,,"IBA,IEA",,"IBA,IEA",,,,,,,,,,,,"ISS,IEA",,,,"IBA,TAS,IEA",,,,,"ISS,IEA",,,"TAS,NAS",,"ISS","IEA",,,,,,"IDA,IBA",,,,,,,,,,,,,,,,,,"ISS,IBA",,,,,,,"IEA",,"ISS,IBA,TAS,IEA",,"IEA",,,,,,,,,"IDA,IMP","IEA","TAS",,,
"GO:BP","system development","GO:0048731","true","5.699075383349939e-10","9.244195598447053","3973","124","59","21031",,"ISS,IBA,IEA","IDA,IMP,IEP,ISS,IBA,TAS,IEA",,,,,"IEA","IMP,IGI","IEA",,,,,,"IEA","IBA,IEA",,"ISS,IBA,IEA","IDA,IMP,ISS,IBA","ISS",,,,"TAS","IDA,IMP",,"IEA","IEA",,"IEA",,,,,,"ISS,IBA,IEA","IBA,IEA",,,"IBA,IEA","IBA,IEA",,"IBA",,"IBA","IMP,IEA",,,,,,,"IEP,ISS,TAS,NAS",,,,,,,"IBA",,,,"ISS,IEA","IBA,TAS","ISS,IEA","ISS,IEA","ISS,IBA,IEA",,"IEA",,"IEA","IMP,ISS,IEA","IBA,IEA",,"ISS,IBA","IMP",,"IEA","IDA,IEP,ISS,IBA,TAS,NAS,IEA",,"IEA",,,"ISS,IBA,IEA",,,"TAS",,"ISS",,"IBA,IEA",,,,,"IDA,ISS,IBA,IEA","IMP,ISS,IBA,IEA",,,,,,"ISS,IEA",,"IEA","IEA",,,,"IEA",,,,"ISS,IBA,TAS,IEA","IDA,IMP,ISS,IEA","IEA","IEA",,"IBA,IEA",,"IMP,ISS",,,"IMP,IBA","IMP","TAS,IEA","IEA",,"IDA,IMP,ISS"
"GO:BP","neurogenesis","GO:0022008","false","8.649066848200863e-10","9.063030746239042","1742","124","38","21031",,"ISS,IBA,IEA","IDA,IMP,IBA,TAS",,,,,"IEA","IMP,IGI",,,,,,,,"IBA,IEA",,"ISS,IBA,IEA","ISS",,,,,,"IDA,IMP",,,"IEA",,,,,,,,"IBA,IEA",,,,"IBA,IEA",,,"IBA",,"IBA",,,,,,,,"ISS,NAS",,,,,,,,,,,"ISS,IEA","IBA","ISS,IEA","ISS","IBA",,"IEA",,,"IMP,ISS,IEA","IBA,IEA",,"ISS",,,"IEA","IEP,ISS",,"IEA",,,"ISS,IBA,IEA",,,"TAS",,,,"IBA",,,,,,,,,,,,,,"IEA","IEA",,,,,,,,"ISS,IBA,TAS,IEA","ISS,IEA",,,,"IBA,IEA",,,,,"IMP,IBA","IMP",,"IEA",,"ISS"
"GO:BP","nervous system development","GO:0007399","false","9.215036200888873e-10","9.035502954333632","2531","124","46","21031",,"ISS,IBA,IEA","IDA,IMP,IBA,TAS,IEA",,,,,"IEA","IMP,IGI",,,,,,,"IEA","IBA,IEA",,"ISS,IBA,IEA","IDA,ISS,IBA",,,,,"TAS","IDA,IMP",,,"IEA",,,,,,,,"ISS,IBA,IEA",,,,"IBA,IEA","IBA,IEA",,"IBA",,"IBA",,,,,,,,"IEP,ISS,TAS,NAS",,,,,,,"IBA",,,,"ISS,IEA","IBA,TAS","ISS,IEA","ISS,IEA","ISS,IBA,IEA",,"IEA",,,"IMP,ISS,IEA","IBA,IEA",,"ISS,IBA",,,"IEA","IEP,ISS,TAS,IEA",,"IEA",,,"ISS,IBA,IEA",,,"TAS",,,,"IBA",,,,,"ISS,IEA",,,,,,,,,"IEA","IEA",,,,"IEA",,,,"ISS,IBA,TAS,IEA","IDA,IMP,ISS,IEA","IEA",,,"IBA,IEA",,,,,"IMP,IBA","IMP","TAS,IEA","IEA",,"IDA,IMP,ISS"
"GO:BP","generation of neurons","GO:0048699","false","1.8125445755699376e-9","8.74171130410262","1514","124","35","21031",,"ISS,IEA","IDA,IMP,IBA,TAS",,,,,"IEA","IMP,IGI",,,,,,,,"IBA",,"ISS,IBA,IEA",,,,,,,"IDA,IMP",,,"IEA",,,,,,,,"IBA,IEA",,,,"IBA,IEA",,,"IBA",,"IBA",,,,,,,,"ISS,NAS",,,,,,,,,,,"ISS,IEA","IBA","ISS,IEA","ISS","IBA",,,,,"IMP,ISS,IEA","IBA,IEA",,"ISS",,,,"IEP,ISS",,"IEA",,,"ISS,IBA,IEA",,,"TAS",,,,"IBA",,,,,,,,,,,,,,"IEA","IEA",,,,,,,,"ISS,IBA,TAS,IEA","ISS,IEA",,,,"IBA",,,,,"IMP,IBA","IMP",,"IEA",,"ISS"
"GO:BP","regulation of biological quality","GO:0065008","false","3.606821985050302e-9","8.442875291787033","2846","124","48","21031",,"IMP,IEA","IDA",,,,,"IMP,IEA","IEA","IEA",,"IDA,IBA,IEA",,,"ISS,IBA,IEA","IEA",,"IEA","IBA,IEA",,,,"IDA,TAS,IEA","TAS","IMP,NAS",,,"IEA",,,"IEA",,,"IEA","IBA",,,,,"IBA",,,,,"IDA",,"IDA,TAS","IEA",,"IBA,IEA",,,"IBA",,"IBA,IEA",,,,"IDA,TAS",,,,,,,"ISS","ISS,IEA",,,,"IEA","IDA,IBA",,,,"ISS,TAS,IEA",,,,,"ISS",,"IMP,IBA,IEA",,,"IEA",,"IDA",,,,,,,,,,,,"TAS",,,,,"IDA,IMP,ISS,IEA","IDA,ISS,IEA","IEA","IEA","IMP,IGI",,"IEA","IEA",,,,,"ISS,IEA",,"IMP",,,,"IDA,NAS",,,,"IMP","IEA",,,"IDA,IMP,ISS"
"GO:BP","neuron differentiation","GO:0030182","false","1.0222602635137536e-8","7.990438520426341","1431","124","33","21031",,"ISS,IEA","IDA,IMP,IBA,TAS",,,,,"IEA","IMP,IGI",,,,,,,,"IBA",,"ISS,IBA,IEA",,,,,,,"IDA,IMP",,,"IEA",,,,,,,,"IBA,IEA",,,,,,,"IBA",,"IBA",,,,,,,,"ISS,NAS",,,,,,,,,,,"ISS,IEA","IBA","ISS,IEA","ISS","IBA",,,,,"IMP,ISS,IEA","IBA,IEA",,"ISS",,,,"IEP,ISS",,"IEA",,,"ISS,IBA,IEA",,,"TAS",,,,"IBA",,,,,,,,,,,,,,"IEA","IEA",,,,,,,,"ISS,IBA,TAS,IEA","ISS,IEA",,,,,,,,,"IMP,IBA","IMP",,"IEA",,"ISS"
"GO:BP","multicellular organism development","GO:0007275","false","4.127732229028187e-8","7.384288483674299","4643","124","61","21031",,"ISS,IBA,IEA","IDA,IMP,IEP,ISS,IBA,TAS,IEA",,,,,"IEA","IMP,IGI","IEA",,,,,,"IEA","IBA,IEA",,"ISS,IBA,IEA","IDA,IMP,ISS,IBA","ISS",,,,"TAS","IDA,IMP",,"IEA","IEA",,"IEA",,,,,,"ISS,IBA,IEA","IBA,IEA",,,"IBA,IEA","IBA,IEA",,"IBA",,"IBA","IMP,ISS,IEA",,,,,,,"IEP,ISS,TAS,NAS",,,,,,,"IBA",,,,"ISS,IEA","IBA,TAS","ISS,IEA","ISS,IEA","ISS,IBA,IEA",,"IEA",,"IEA","IMP,ISS,IEA","IBA,IEA",,"ISS,IBA","IMP",,"IEA","IDA,IEP,ISS,IBA,TAS,NAS,IEA",,"IEA",,,"ISS,IBA,IEA",,,"TAS",,"ISS",,"IBA,IEA",,,,,"IDA,ISS,IBA,IEA","IMP,ISS,IBA,IEA",,,,,,"ISS,IEA",,"IEA","IEA",,"IBA","IEA","IEA",,,,"ISS,IBA,TAS,IEA","IDA,IMP,ISS,IEA","IEA","IEA",,"IBA,IEA",,"IMP,ISS",,,"IMP,IBA","IMP","TAS,IEA","IEA",,"IDA,IMP,ISS"
"GO:BP","cell communication","GO:0007154","false","6.885329169939357e-8","7.16207529240473","6537","124","74","21031",,"IDA,IMP,IBA,IEA","IDA,IMP,IC",,,,,"TAS,IEA",,,,,,"IEA","ISS,IBA,IEA","ISS,IEA","IMP,IBA,TAS,IEA","IBA,TAS,IEA","ISS,IBA,NAS,IEA",,,,"TAS,IEA",,"IPI,IMP,TAS,IEA","IDA","IEA","TAS,NAS,IEA",,"IBA,TAS","IBA,IEA",,"IBA,IEA","IBA,TAS,IEA",,,"IBA,IEA",,"IBA,TAS","IBA,IEA",,,,"IEA","IDA,IMP,ISS,IBA,TAS,IEA","IBA,IEA","IDA,IMP,ISS,IBA,TAS","IBA,TAS,IEA",,"IEA","IEA",,"IBA,IEA","NAS","ISS,IBA,IEA",,"IMP,IBA,IEA",,"IDA",,,,"IEA",,"ISS,IBA,IEA","ISS,IEA","ISS,IEA","IDA,ISS,IBA,NAS",,,"IMP,IGI,IBA,TAS,IEA",,,,"IEA","ISS,IBA,TAS,IEA",,"IDA,IMP,IBA,NAS,IEA","TAS,NAS",,"IDA,IMP,ISS","IEA","IEA",,"IMP","IBA,TAS,IEA",,"IDA,IBA",,,,"IBA","IGI,ISS,IEA",,,,,"IDA,IMP,ISS,IBA,IEA",,,"ISS",,,"IEA","IDA,IMP,ISS,IC,IEA","IDA,ISS,IBA,IEA","IBA,IEA",,"IEA","IDA,IBA,NAS,IEA","IDA,ISS,NAS,IEA","IDA","TAS,IEA",,"ISS,IBA,TAS,IEA","IDA,IBA,TAS,IEA","IDA,IMP,TAS,IEA",,"IMP,ISS,IBA,IEA","IDA,IMP,IBA,IEA",,,"IDA,TAS,NAS",,,"IDA,IMP,TAS","IEA","TAS,IEA","IEA","IMP","IDA,IMP,IEA"
"GO:BP","neuron development","GO:0048666","false","2.342820507000352e-7","6.630260983193627","1167","124","28","21031",,,"IDA,IMP,IBA,TAS",,,,,"IEA","IMP,IGI",,,,,,,,"IBA",,"ISS,IBA,IEA",,,,,,,"IDA,IMP",,,"IEA",,,,,,,,"IBA,IEA",,,,,,,"IBA",,"IBA",,,,,,,,"ISS,NAS",,,,,,,,,,,,"IBA","ISS,IEA","ISS","IBA",,,,,"IMP,ISS,IEA","IBA,IEA",,,,,,"ISS",,"IEA",,,"ISS,IBA,IEA",,,"TAS",,,,,,,,,,,,,,,,,,"IEA","IEA",,,,,,,,"ISS,TAS,IEA","ISS,IEA",,,,,,,,,"IMP,IBA","IMP",,,,"ISS"
"GO:BP","cell-cell signaling","GO:0007267","false","0.0000010097926312448657","5.9957678028040995","1704","124","33","21031",,,,,,,,,,,,,,,"ISS,IBA,IEA",,"IEA","IBA",,,,,"TAS",,"TAS,IEA",,,"TAS",,,"IBA,IEA",,"IBA","IEA",,,,,"IBA,TAS","IBA,IEA",,,,,,,,"IBA,TAS,IEA",,,,,"IBA,IEA",,"IBA,IEA",,,,,,,,,,,,"ISS,IEA","NAS",,,"IBA,TAS,IEA",,,,,"ISS,TAS,IEA",,,"TAS,NAS",,"ISS","IEA",,,,,,"IDA,IBA",,,,,,,,,,"IDA,IBA",,,,,,,"IMP,ISS,IEA","ISS,IBA",,,,,"IEA",,"IEA",,"ISS,IBA,TAS,IEA",,"IDA,IMP,IEA",,,,,,,,,"IDA,IMP","IEA","TAS",,,"IDA,IMP"
"GO:BP","signaling","GO:0023052","false","0.0000011354380101280356","5.944836571346687","6447","124","71","21031",,"IDA,IMP,IBA,IEA","IDA,IMP,IC",,,,,"TAS,IEA",,,,,,"IEA","ISS,IBA,IEA","ISS,IEA","IMP,IBA,TAS,IEA","IBA,TAS,IEA","ISS,IBA,NAS,IEA",,,,"TAS",,"IPI,TAS,IEA","IDA","IEA","TAS,NAS,IEA",,"IBA,TAS","IBA,IEA",,"IBA,IEA","IBA,TAS,IEA",,,"IBA,IEA",,"IBA,TAS","IBA,IEA",,,,"IEA","IDA,IMP,ISS,IBA,TAS,IEA","IBA,IEA","IDA,IMP,ISS,IBA,TAS","IBA,TAS,IEA",,"IEA","IEA",,"IBA,IEA",,"ISS,IBA,IEA",,"IMP,IBA,IEA",,,,,,"IEA",,"ISS,IBA,IEA","ISS,IEA","ISS,IEA","IDA,ISS,IBA,NAS",,,"IMP,IGI,IBA,TAS,IEA",,,,"IEA","ISS,IBA,TAS,IEA",,"IDA,IMP,IBA,NAS,IEA","TAS,NAS,IEA",,"IDA,IMP,ISS","IEA",,,"IMP","IBA,TAS,IEA",,"IDA,IBA",,,,"IBA","IGI,ISS,IEA",,,,,"IDA,IMP,ISS,IBA,IEA",,,"ISS",,,"IEA","IDA,IMP,ISS,IC,IEA","IDA,ISS,IBA,IEA","IBA,IEA",,"IEA","IDA,IBA,NAS,IEA","IDA,ISS,NAS,IEA","IDA","TAS,IEA",,"ISS,IBA,TAS,IEA","IDA,IBA,TAS,IEA","IDA,IMP,TAS,IEA",,"IMP,ISS,IBA,IEA","IDA,IMP,IBA,IEA",,,"IDA,TAS,NAS",,,"IDA,IMP,TAS","IEA","TAS,IEA","IEA","IMP","IDA,IMP,IEA"
"GO:BP","regulation of membrane potential","GO:0042391","false","0.0000011637510955692044","5.934139897160388","433","124","17","21031",,,,,,,,,,,,,,,,"IEA",,"IEA",,,,,"IDA,TAS,IEA",,"IMP,NAS",,,,,,"IEA",,,,"IBA",,,,,"IBA",,,,,"IDA",,,,,,,,,,,,,,"IDA",,,,,,,,"ISS,IEA",,,,"IEA","IDA,IBA",,,,,,,,,"ISS",,"IMP,IBA,IEA",,,,,,,,,,,,,,,,,,,,,,"IMP,ISS,IEA","IDA,ISS,IEA",,,,,,,,,,,,,,,,,,,,,,"IEA",,,
"GO:BP","anatomical structure development","GO:0048856","false","0.000004729131716705346","5.325218589760917","5899","124","66","21031",,"IMP,ISS,IBA,IEA","IDA,IMP,IEP,ISS,IBA,TAS,IEA",,,,,"IEA","IMP,IGI","IEA",,,,"IBA",,"IEA","ISS,IBA,IEA",,"ISS,IBA,IEA","IDA,IMP,ISS,IBA,NAS","ISS",,,,"TAS","IDA,IMP",,"IEA","IEA",,"IEA",,,,"TAS",,"ISS,IBA,IEA","IBA,IEA",,,"IBA,IEA","IBA,IEA",,"IBA",,"IBA","IMP,ISS,IEA",,,,,,,"IEP,ISS,TAS,NAS",,,,,,,"IBA,IEA","IEA",,,"ISS,IEA","IBA,TAS","ISS,IEA","ISS,NAS,IEA","ISS,IBA,IEA",,"IEA",,"IEA","IMP,ISS,IEA","IBA,IEA",,"ISS,IBA","IMP",,"IMP,IEA","IDA,IMP,IEP,ISS,IBA,TAS,NAS,IEA",,"IEA",,,"IDA,ISS,IBA,IEA",,,"TAS",,"ISS",,"IBA,IEA",,,,,"IDA,ISS,IBA,IEA","IMP,ISS,IBA,IEA","IEA",,,,,"ISS,IEA",,"IEA","IEA",,"IBA","IEA","IEA",,,,"ISS,IBA,TAS,IEA","IDA,IMP,ISS,IEA","IEA","IEA","IMP","IBA,IEA",,"IMP,ISS,NAS",,,"IMP,IBA","IMP","TAS,IEA","IEA",,"IDA,IMP,ISS"
"GO:BP","modulation of chemical synaptic transmission","GO:0050804","false","0.000007262819332122888","5.138894759093182","489","124","17","21031",,,,,,,,,,,,,,,"ISS,IBA,IEA",,,"IBA",,,,,,,,,,,,,"IEA",,,"IEA",,,,,,,,,,,,,,"IBA",,,,,"IBA",,"IBA,IEA",,,,,,,,,,,,"ISS,IEA",,,,"IBA,IEA",,,,,"ISS,IEA",,,,,"ISS",,,,,,,"IDA",,,,,,,,,,,,,,,,,,"ISS,IBA",,,,,,,"IEA",,,,"IEA",,,,,,,,,"IDA,IMP","IEA",,,,
"GO:BP","regulation of trans-synaptic signaling","GO:0099177","false","0.000007487186792851535","5.12568133181216","490","124","17","21031",,,,,,,,,,,,,,,"ISS,IBA,IEA",,,"IBA",,,,,,,,,,,,,"IEA",,,"IEA",,,,,,,,,,,,,,"IBA",,,,,"IBA",,"IBA,IEA",,,,,,,,,,,,"ISS,IEA",,,,"IBA,IEA",,,,,"ISS,IEA",,,,,"ISS",,,,,,,"IDA",,,,,,,,,,,,,,,,,,"ISS,IBA",,,,,,,"IEA",,,,"IEA",,,,,,,,,"IDA,IMP","IEA",,,,
"GO:BP","monoatomic ion transmembrane transport","GO:0034220","true","0.00000777495755544996","5.109301973167258","1013","124","24","21031","ISS,IBA",,,,,,,,,,,"ISS,IBA,IEA",,,,"ISS,IBA,IEA",,"IEA",,,,"IDA,IMP,ISS,IEA","IDA,IBA,IEA",,"IMP,ISS",,,,,,"IMP,IEA",,,,"IDA,IBA,IEA",,,,,"IBA,IEA",,,,,,,,,,,,,,,"IDA,IBA",,,,"IEA",,,,,,,,,,,,"IGI","IBA,IEA",,,,,,"IBA",,,,,"IMP,ISS,IBA,IEA","IBA",,,,"IDA,IBA,IEA",,,,,,"IDA,IBA,TAS,IEA",,,"IEA",,,,,,,,"IDA,IMP,ISS,IBA,IC,IEA","IEA",,,,,"ISS,IBA,IEA",,,,,,,,,,,,,,,,,"IBA,IEA",,,
"GO:BP","multicellular organismal process","GO:0032501","false","0.000008963654340585397","5.0475148992220715","7669","124","77","21031",,"ISS,IBA,IEA","IDA,IMP,IEP,ISS,IBA,TAS,IEA",,,,,"IMP,IEA","IMP,IGI","IEA",,,,,,"IEA","IMP,IBA,IEA",,"ISS,IBA,IEA","IDA,IMP,ISS,IBA","ISS",,"IDA,NAS,IEA","TAS","IMP,TAS,NAS,IEA","IDA,IMP",,"IEA","IEA",,"IEA",,,,,,"ISS,IBA,IEA","IBA,IEA","TAS",,"IBA,IEA","IBA,IEA",,"IBA","IEA","IBA","IDA,IMP,ISS,IEA",,,,,,,"IMP,IEP,ISS,TAS,NAS,IEA","IEA",,,,"IDA,TAS","IEA","IBA,IEA","IEA","ISS",,"ISS,IEA","IBA,TAS","IMP,ISS,IEA","ISS,IEA","ISS,IBA,IEA",,"IMP,ISS,IEA","IDA,IBA","IEA","IMP,ISS,IEA","IBA,IEA","ISS,TAS,IEA","ISS,IBA","IMP",,"IEA","IDA,IGI,IEP,ISS,IBA,TAS,NAS,IEA",,"IEA",,,"ISS,IBA,IEA",,,"TAS",,"ISS",,"IMP,IGI,IEP,IBA,TAS,IEA",,,,"TAS","IDA,ISS,IBA,IEA","IMP,ISS,IBA,IEA","ISS,TAS,IEA",,,,,"IMP,ISS,IBA,IC,IEA",,"IEA","IEA",,"IBA","IEA","IEA","ISS,IEA",,,"ISS,IBA,TAS,IEA","IDA,IMP,ISS,IEA","IEA","IMP,ISS,IEA","IMP","IBA,IEA",,"IMP,ISS",,,"IMP,IBA","IMP","IMP,TAS,IEA","IEA","IEA","IDA,IMP,ISS"
"GO:BP","biological regulation","GO:0065007","false","0.000016533750731750287","4.781628614224965","12680","124","104","21031","IDA,ISS,IBA","IDA,IMP,ISS,IBA,TAS,IEA","IDA,IMP,ISS,IBA,TAS,IC",,,"IBA,IEA",,"IDA,IMP,TAS,IEA","IMP,IGI,IEA","IEA",,"IDA,IBA,IEA","IDA,IBA,IEA","IEA","ISS,IBA,IEA","ISS,IEA","IMP,IBA,TAS,IEA","IGI,IBA,TAS,IEA","ISS,IBA,NAS,IEA","IDA,IMP,IBA,NAS,IEA",,"IDA,IMP,ISS","IDA,TAS,NAS,IEA","TAS","IPI,IMP,ISS,TAS,NAS,IEA","IDA,IMP","IEA","IDA,TAS,NAS,IEA","IEA","IDA,IBA,TAS","IMP,IBA,IEA",,"IBA,IEA","IBA,TAS,IEA","IMP,IBA",,"ISS,IBA,IEA",,"IBA,TAS","IBA,IEA","IEA","IBA,IEA",,"ISS,IEA","IDA,IMP,ISS,IBA,TAS,IC,IEA","IBA,IEA","IDA,IMP,ISS,IBA,TAS,IEA","IBA,TAS,IEA","IBA","IBA,IEA","IEA","IDA,IBA,IEA","IBA,IEA","IMP,IEA","ISS,IBA,IEA","IMP","IMP,IBA,IEA","IDA,TAS,NAS","IDA,TAS","IEA","ISS,IBA,IEA",,"IEA",,"ISS,IBA,IEA","ISS,TAS,IEA","IDA,ISS,IBA,IEA","IDA,ISS,IBA,NAS","IDA,ISS,IBA,IEA",,"IMP,IGI,ISS,IBA,TAS,IEA","IDA,IMP,IBA","IEA","IDA,IMP,ISS,IEA","IEA","ISS,IBA,TAS,IEA",,"IDA,IMP,IBA,NAS,IEA","TAS,NAS,IEA","IDA,IMP,IBA,IEA","IDA,IMP,IGI,ISS,IBA,IEA","IBA,IEA","IMP,IBA,IEA",,"IMP,IBA","ISS,IBA,TAS,IEA",,"IDA,IBA",,"IEA",,"IBA","IDA,IMP,IGI,ISS,IBA,IEA",,,,"ISS,IEA","IDA,IMP,ISS,IBA,IEA","IDA,ISS,IBA,IEA","IDA,IMP,ISS,IBA,TAS,IEA","ISS","IGI",,"IEA","IDA,IMP,ISS,IBA,IC,IEA","IDA,ISS,IBA,IEA","IBA,IEA","IBA,IEA","IMP,IGI,IEA","IDA,IMP,IBA,NAS,IEA","IDA,ISS,IBA,TAS,NAS,IEA","IDA,IMP,IEA","ISS,TAS,IEA",,"ISS,IBA,TAS,IEA","IDA,ISS,IBA,TAS,IEA","IDA,IMP,ISS,TAS,IEA",,"IMP,ISS,IBA,IEA","IDA,IMP,IBA,IEA",,,"IDA,ISS,TAS,NAS,IEA",,,"IDA,IMP,ISS,TAS,IEA","IMP,IEA","TAS,IEA","IDA,IBA,IEA","IMP,IBA,IEA","IDA,IMP,ISS,IBA,IEA"
"GO:BP","regulation of biological process","GO:0050789","false","0.00001870127858680153","4.728128700190236","12287","124","102","21031","IDA,ISS,IBA","IDA,IMP,ISS,IBA,TAS,IEA","IDA,IMP,ISS,IBA,TAS,IC",,,"IBA,IEA",,"IDA,IMP,TAS,IEA","IMP,IGI,IEA","IEA",,,"IDA,IBA,IEA","IEA","ISS,IBA,IEA","ISS,IEA","IMP,IBA,TAS,IEA","IGI,IBA,TAS,IEA","ISS,IBA,NAS,IEA","IDA,IMP,IBA,NAS,IEA",,"IDA,IMP,ISS","TAS,NAS",,"IPI,IMP,ISS,TAS,IEA","IDA,IMP","IEA","IDA,TAS,NAS,IEA","IEA","IDA,IBA,TAS","IMP,IBA,IEA",,"IBA,IEA","IBA,TAS,IEA","IMP",,"ISS,IBA,IEA",,"IBA,TAS","IBA,IEA","IEA","IBA,IEA",,"ISS,IEA","IDA,IMP,ISS,IBA,TAS,IC,IEA","IBA,IEA","IDA,IMP,ISS,IBA,TAS,IEA","IBA,TAS,IEA","IBA","IBA,IEA","IEA","IDA,IBA,IEA","IBA,IEA","IMP,IEA","ISS,IBA,IEA","IMP","IMP,IBA,IEA","IDA,TAS,NAS","TAS","IEA","ISS,IBA,IEA",,"IEA",,"ISS,IBA,IEA","ISS,TAS,IEA","IDA,ISS,IBA,IEA","IDA,ISS,IBA,NAS","IDA,ISS,IBA,IEA",,"IMP,IGI,ISS,IBA,TAS,IEA","IMP","IEA","IDA,IMP,ISS,IEA","IEA","ISS,IBA,TAS,IEA",,"IDA,IMP,IBA,NAS,IEA","TAS,NAS,IEA","IDA,IMP,IBA,IEA","IDA,IMP,IGI,ISS,IBA,IEA","IBA,IEA","IBA",,"IMP,IBA","ISS,IBA,TAS,IEA",,"IDA,IBA",,"IEA",,"IBA","IDA,IMP,IGI,ISS,IBA,IEA",,,,"ISS,IEA","IDA,IMP,ISS,IBA,IEA","IDA,ISS,IBA,IEA","IDA,IMP,ISS,IBA,TAS,IEA","ISS","IGI",,"IEA","IDA,IMP,ISS,IBA,IC,IEA","IDA,ISS,IBA,IEA","IBA,IEA","IBA,IEA","IEA","IDA,IMP,IBA,NAS,IEA","IDA,ISS,IBA,TAS,NAS,IEA","IDA,IMP,IEA","ISS,TAS,IEA",,"ISS,IBA,TAS,IEA","IDA,ISS,IBA,TAS,IEA","IDA,IMP,ISS,TAS,IEA",,"IMP,ISS,IBA,IEA","IDA,IMP,IBA,IEA",,,"IDA,ISS,TAS,NAS",,,"IDA,IMP,ISS,TAS,IEA","IMP,IEA","TAS,IEA","IDA,IBA,IEA","IMP,IBA,IEA","IDA,IMP,ISS,IBA,IEA"
"GO:BP","cell junction organization","GO:0034330","false","0.00003111806349739953","4.5069874373430645","759","124","20","21031",,"IEA",,,,,,,"IEA","IEA",,,,"IEA",,,,,"IEA",,,,,,,,,,,,"IBA,IEA",,,,,,,,,,,,,,,,"IMP",,,,,,"IBA","IMP",,,,,,,,,,,,,"ISS,IEA",,,,"ISS,IEA",,,,,,,,,,"ISS",,,,,"IEA",,,,,,,,,,,,,,,"ISS",,,,,,,"IEA",,,,"IEA",,,,,"IDA,IMP,ISS,IBA,IEA",,,,,,,,,,"IMP,IBA,IEA","IEA",,,"IDA,IMP,ISS"
"GO:BP","synapse organization","GO:0050808","false","0.00004456429982059584","4.3510129125769925","485","124","16","21031",,"IEA",,,,,,,"IEA",,,,,"IEA",,,,,"IEA",,,,,,,,,,,,"IBA,IEA",,,,,,,,,,,,,,,,,,,,,,"IBA",,,,,,,,,,,,,,"ISS,IEA",,,,"ISS,IEA",,,,,,,,,,"ISS",,,,,"IEA",,,,,,,,,,,,,,,,,,,,,,"IEA",,,,"IEA",,,,,"IDA,IMP,ISS,IBA,IEA",,,,,,,,,,"IMP,IBA,IEA","IEA",,,"IDA,IMP,ISS"
"GO:BP","inorganic ion transmembrane transport","GO:0098660","false","0.00010580885422498506","3.975477988443022","900","124","21","21031","ISS,IBA",,,,,,,,,,,"ISS,IBA,IEA",,,,"ISS,IBA,IEA",,,,,,"IDA,IMP,ISS,IEA","IDA,IBA,IEA",,"IMP,ISS",,,,,,"IMP,IEA",,,,"IDA,IBA,IEA",,,,,"IBA,IEA",,,,,,,,,,,,,,,"IDA,IBA",,,,"IEA",,,,,,,,,,,,,"IBA,IEA",,,,,,"IBA",,,,,"IMP,ISS,IBA,IEA","IBA",,,,"IDA,IBA,IEA",,,,,,"IDA,TAS,IEA",,,"IEA",,,,,,,,"IDA,IMP,ISS,IBA,IC,IEA",,,,,,"ISS,IBA,IEA",,,,,,,,,,,,,,,,,"IBA,TAS,IEA",,,
"GO:BP","monoatomic ion transport","GO:0006811","false","0.0001105061340122382","3.9566136143433104","1256","124","25","21031","ISS,IBA",,,,,,,,,,,"ISS,IBA,TAS,IEA",,,,"ISS,IBA,IEA",,"IEA",,,,"IDA,IMP,ISS,TAS,IEA","IDA,IBA,IEA",,"IMP,ISS,IEA",,,,,,"IMP,IEA",,,,"IDA,IBA,TAS,IEA",,,,,"IBA,IEA",,,,,"IEA",,,,,,,,,,"IDA,IBA,TAS,IEA",,,,"IDA,IEA",,,,,,,,,,,,"IGI","IDA,IBA,IEA",,,,,,"IBA",,,,,"IMP,ISS,IBA,IEA","IBA",,,,"IDA,IBA,IEA",,,,,,"IDA,IBA,TAS,IEA",,,"IMP,TAS,IEA",,,,,,,,"IDA,IMP,ISS,IBA,TAS,IC,IEA","IEA",,,,,"ISS,IBA,NAS,IEA",,,,,,,,,,,,,,,,,"IBA,IEA",,,
"GO:BP","neuron projection development","GO:0031175","false","0.00017602207941357512","3.7544328528332604","1014","124","22","21031",,,"IDA,IMP,IBA,TAS",,,,,"IEA","IMP,IGI",,,,,,,,"IBA",,"ISS,IBA,IEA",,,,,,,"IDA,IMP",,,,,,,,,,,"IBA,IEA",,,,,,,,,"IBA",,,,,,,,"ISS",,,,,,,,,,,,,"ISS,IEA","ISS",,,,,,"IMP,ISS,IEA","IBA,IEA",,,,,,"ISS",,,,,"ISS,IEA",,,,,,,,,,,,,,,,,,,,,"IEA","IEA",,,,,,,,"ISS,IEA","ISS,IEA",,,,,,,,,"IMP,IBA","IMP",,,,"ISS"
"GO:BP","developmental process","GO:0032502","false","0.00022360056934688858","3.6505270949542314","6453","124","66","21031",,"IMP,ISS,IBA,IEA","IDA,IMP,IEP,ISS,IBA,TAS,IEA",,,,,"IEA","IMP,IGI","IEA",,,,"IBA",,"IEA","ISS,IBA,IEA",,"ISS,IBA,IEA","IDA,IMP,ISS,IBA,NAS,IEA","ISS",,,,"TAS","IDA,IMP",,"IEA","IEA",,"IEA",,,,"TAS",,"ISS,IBA,IEA","IBA,IEA",,,"IBA,IEA","IBA,IEA",,"IBA",,"IBA","IMP,ISS,IEA",,,,,,,"IEP,ISS,TAS,NAS",,,,,,,"IBA,IEA","IEA",,,"ISS,IEA","IBA,TAS","ISS,IEA","ISS,NAS,IEA","ISS,IBA,IEA",,"IEA",,"IEA","IMP,ISS,IEA","IBA,IEA",,"ISS,IBA","IMP",,"IMP,IEA","IDA,IMP,IEP,ISS,IBA,TAS,NAS,IEA",,"IEA",,,"IDA,ISS,IBA,IEA",,,"TAS",,"ISS",,"IMP,IGI,IEP,IBA,TAS,IEA",,,,,"IDA,ISS,IBA,IEA","IMP,ISS,IBA,IEA","TAS,IEA",,,,,"ISS,IEA",,"IBA,IEA","IEA",,"IBA","IEA","IEA",,,,"ISS,IBA,TAS,IEA","IDA,IMP,ISS,IEA","IEA","IMP,ISS,IEA","IMP","IBA,IEA",,"IMP,ISS,NAS",,,"IMP,ISS,IBA,IEA","IMP","TAS,IEA","IEA",,"IDA,IMP,ISS"
"GO:BP","regulation of cellular process","GO:0050794","false","0.0002341062620201636","3.630586969368604","11738","124","97","21031","IDA,ISS,IBA","IDA,IMP,ISS,IBA,TAS,IEA","IDA,IMP,ISS,IBA,TAS,IC",,,"IBA,IEA",,"IDA,IMP,TAS,IEA","IMP,IGI,IEA","IEA",,,"IDA,IBA,IEA","IEA","ISS,IBA,IEA","ISS,IEA","IMP,IBA,TAS,IEA","IGI,IBA,TAS,IEA","ISS,IBA,NAS,IEA","IDA,IMP,IBA,NAS,IEA",,"IDA,IMP,ISS",,,"IPI,IMP,ISS,TAS,IEA","IDA,IMP","IEA","IDA,TAS,NAS,IEA","IEA","IDA,IBA,TAS","IMP,IEA",,"IBA,IEA","IBA,TAS,IEA","IMP",,"ISS,IBA,IEA",,"TAS",,"IEA","IBA,IEA",,"ISS,IEA","IDA,IMP,ISS,IBA,TAS,IC,IEA","IBA,IEA","IDA,IMP,ISS,IBA,TAS","IBA,TAS,IEA","IBA","IBA,IEA","IEA","IDA,IBA,IEA","IBA,IEA","IMP","ISS,IBA,IEA","IMP","IMP,IBA,IEA","IDA,TAS,NAS",,"IEA","ISS,IBA,IEA",,"IEA",,"ISS,IBA,IEA","ISS,TAS,IEA","IDA,ISS,IBA,IEA","IDA,ISS,IBA,NAS","IDA,ISS,IBA,IEA",,"IMP,IGI,ISS,IBA,TAS,IEA","IMP","IEA","IDA,IMP,ISS,IEA","IEA","ISS,IBA,TAS,IEA",,"IDA,IMP,IBA,NAS,IEA",,"IDA,IMP,IBA,IEA","IDA,IMP,IGI,ISS,IBA,IEA","IBA","IBA",,"IMP,IBA","ISS,IBA,TAS,IEA",,"IDA",,"IEA",,"IBA","IDA,IMP,IGI,ISS,IBA,IEA",,,,"ISS,IEA","IDA,IMP,ISS,IBA,IEA","IDA,ISS,IBA,IEA","IDA,IMP,ISS,IBA,TAS,IEA","ISS","IGI",,"IEA","IDA,IMP,ISS,IBA,IC,IEA","IDA,ISS,IBA,IEA","IBA,IEA","IBA,IEA","IEA","IDA,IMP,IBA,NAS,IEA","IDA,ISS,IBA,TAS,NAS,IEA","IDA,IMP,IEA","TAS,IEA",,,"IDA,ISS,IBA,TAS,IEA","ISS,TAS,IEA",,"IMP,ISS,IBA,IEA","IDA,IMP,IBA,IEA",,,"IDA,ISS,TAS,NAS",,,"IDA,IMP,ISS,TAS,IEA","IMP,IEA","IEA","IDA,IBA,IEA","IMP,IBA,IEA","IDA,IMP,ISS,IBA,IEA"
"GO:BP","dendrite development","GO:0016358","false","0.00027449123854479717","3.5614715131897503","238","124","11","21031",,,,,,,,"IEA",,,,,,,,,,,,,,,,,,,,,,,,,,,,,,,,,,,,,,,,,,,,,,,,,,,,,,,,,,,"ISS,IEA",,,,,,,"IMP",,,,,,,"ISS",,,,,"ISS,IEA",,,,,,,,,,,,,,,,,,,,,"IEA","IEA",,,,,,,,"ISS,IEA","ISS,IEA",,,,,,,,,,"IMP",,,,"ISS"
"GO:BP","positive regulation of cell projection organization","GO:0031346","false","0.0003172978132559641","3.49853292094762","357","124","13","21031",,,"TAS",,,,,,"IMP,IEA",,,,,,,,"IBA",,"IBA",,,,,,,,,,,,,,,,,,,,,,,,,"ISS",,,,,,,,,,,,,,,,,,,,,,"ISS","ISS,IEA","ISS",,,,,,"ISS,IEA",,,,"IMP",,,,,,,,,,,,,,,,,,,,,,,,,,,,,,,,,,,,,,"ISS,IEA","ISS,IEA",,,,,,,,,,,,,,"ISS"
"GO:BP","metal ion transport","GO:0030001","false","0.00032697075506284417","3.485491089794795","877","124","20","21031","ISS,IBA",,,,,,,,,,,"ISS,IBA,IEA",,,,"ISS,IBA,IEA",,,,,,"IDA,IMP,ISS,TAS,IEA","IDA,IBA,IEA",,"IMP,ISS,IEA",,,,,,"IMP,IEA",,,,"IDA,IBA,TAS,IEA",,,,,,,,,,"IEA",,,,,,,,,,"IDA,IBA,IEA",,,,"IDA,IEA",,,,,,,,,,,,,"IDA,IBA,IEA",,,,,,"IBA",,,,,"IMP,ISS,IBA,IEA","IBA",,,,"IDA,IBA,IEA",,,,,,"IDA,TAS,IEA",,,,,,,,,,,"IDA,IMP,ISS,IBA,TAS,IC,IEA",,,,,,"ISS,IBA,NAS,IEA",,,,,,,,,,,,,,,,,"IBA,IEA",,,
"GO:BP","inorganic cation transmembrane transport","GO:0098662","false","0.00042913768520125615","3.367403345741591","808","124","19","21031","ISS,IBA",,,,,,,,,,,"ISS,IBA,IEA",,,,"ISS,IBA,IEA",,,,,,"IDA,IMP,ISS,IEA","IDA,IBA,IEA",,"IMP,ISS",,,,,,"IMP,IEA",,,,"IDA,IBA,IEA",,,,,,,,,,,,,,,,,,,,"IDA,IBA",,,,"IEA",,,,,,,,,,,,,"IBA,IEA",,,,,,"IBA",,,,,"IMP,ISS,IBA,IEA","IBA",,,,"IDA,IBA,IEA",,,,,,"IDA,TAS,IEA",,,,,,,,,,,"IDA,IMP,ISS,IBA,IC,IEA",,,,,,"ISS,IBA,IEA",,,,,,,,,,,,,,,,,"IBA,TAS,IEA",,,
"GO:BP","cellular response to stimulus","GO:0051716","false","0.0006340832147864314","3.1978537431418745","7394","124","71","21031",,"IDA,IMP,IBA,IEA","IDA,IMP,IEP,ISS,IC",,,,,"TAS,IEA",,,,,,"IEA",,"ISS,IEA","IMP,IBA,TAS,IEA","TAS,IEA","ISS,IBA,NAS,IEA",,,,"ISS",,"IPI,TAS,IEA","IDA","IEA","TAS,NAS,IEA",,"IBA,TAS","IEA",,"IBA,IEA","IMP,IBA,TAS,IEA","IMP",,"IBA,IEA",,"TAS",,,,,"IEA","IDA,IMP,ISS,IBA,TAS,IEA","IBA,IEA","IDA,IMP,ISS,IBA,TAS",,,"IEA","IEA",,,,"ISS",,"IMP,IBA,IEA","NAS",,"IEA",,,"IEA",,"ISS,IBA,IEA","ISS,IEA","ISS,IEA","IDA,ISS,IBA,NAS",,,"IMP,IGI,ISS,IBA,TAS,IEA",,,"IMP,ISS,IEA","IEA","ISS,IBA,TAS,IEA",,"IDA,IMP,IBA,NAS,IEA",,,"IDA,IMP,ISS",,"IDA,IMP,ISS,IEA",,"IMP","IBA,TAS,IEA",,"IDA,IGI",,"IEA",,"IBA","IGI,ISS,IEA",,,,,"IDA,IMP,ISS,IBA,IEA",,"ISS,IEA","ISS","IMP",,"IEA","IDA,IMP,ISS,TAS,IC,IEA","IDA,IEA","IBA,IEA",,"IEA","IDA,IBA,NAS,IEA","IDA,ISS,NAS,IEA","IDA,IEA","TAS,IEA",,,"IDA,IBA,TAS,IEA","TAS,IEA",,"IMP,ISS,IBA,IEA","IDA,IMP,IBA,IEA",,,"IDA,TAS,NAS",,,"TAS",,"IEA","IEA","IMP","IEA"
"GO:BP","monoatomic cation transmembrane transport","GO:0098655","false","0.0006458607630212631","3.189861098675547","830","124","19","21031","ISS,IBA",,,,,,,,,,,"ISS,IBA,IEA",,,,"ISS,IBA,IEA",,,,,,"IDA,IMP,ISS,IEA","IDA,IBA,IEA",,"IMP,ISS",,,,,,"IMP,IEA",,,,"IDA,IBA,IEA",,,,,,,,,,,,,,,,,,,,"IDA,IBA",,,,"IEA",,,,,,,,,,,,,"IBA,IEA",,,,,,"IBA",,,,,"IMP,ISS,IBA,IEA","IBA",,,,"IDA,IBA,IEA",,,,,,"IDA,IBA,TAS,IEA",,,,,,,,,,,"IDA,IMP,ISS,IBA,IC,IEA",,,,,,"ISS,IBA,IEA",,,,,,,,,,,,,,,,,"IBA",,,
"GO:BP","potassium ion transmembrane transport","GO:0071805","false","0.0008487736881269389","3.071208091970048","212","124","10","21031","ISS,IBA",,,,,,,,,,,"ISS,IBA,IEA",,,,"ISS,IBA,IEA",,,,,,"IDA,IMP,ISS,IEA","IDA,IBA,IEA",,,,,,,,,,,,"IDA,IBA,IEA",,,,,,,,,,,,,,,,,,,,"IDA",,,,"IEA",,,,,,,,,,,,,"IBA,IEA",,,,,,,,,,,"IMP,ISS,IBA,IEA",,,,,,,,,,,,,,,,,,,,,,,,,,,,,,,,,,,,,,,,,,,,,,,,
"GO:BP","cell differentiation","GO:0030154","false","0.000855025706475092","3.0680208279473202","4366","124","50","21031",,"ISS,IBA,IEA","IDA,IMP,IBA,TAS,IEA",,,,,"IEA","IMP,IGI",,,,,,,,"IBA,IEA",,"ISS,IBA,IEA","IDA,IMP,ISS,IBA,IEA",,,,,,"IDA,IMP",,"IEA","IEA",,"IEA",,,,"TAS",,"IBA,IEA",,,,"IBA,IEA","IEA",,"IBA",,"IBA","ISS",,,,,,,"ISS,NAS",,,,,,,,"IEA",,,"ISS,IEA","IBA","ISS,IEA","ISS","ISS,IBA,IEA",,"IEA",,,"IMP,ISS,IEA","IBA,IEA",,"ISS",,,"IMP,IEA","IDA,IMP,IEP,ISS,IBA,IEA",,"IEA",,,"IDA,ISS,IBA,IEA",,,"TAS",,,,"IMP,IGI,IEP,IBA,TAS,IEA",,,,,"ISS,IEA","IMP,IBA,IEA","TAS",,,,,,,"IBA,IEA","IEA",,,,,,,,"ISS,IBA,TAS,IEA","ISS,IEA",,"IEA","IMP","IBA,IEA",,"ISS",,,"IMP,ISS,IBA,IEA","IMP",,"IEA",,"ISS"
"GO:BP","cellular developmental process","GO:0048869","false","0.0008612320024424942","3.0648798406391298","4367","124","50","21031",,"ISS,IBA,IEA","IDA,IMP,IBA,TAS,IEA",,,,,"IEA","IMP,IGI",,,,,,,,"IBA,IEA",,"ISS,IBA,IEA","IDA,IMP,ISS,IBA,IEA",,,,,,"IDA,IMP",,"IEA","IEA",,"IEA",,,,"TAS",,"IBA,IEA",,,,"IBA,IEA","IEA",,"IBA",,"IBA","ISS",,,,,,,"ISS,NAS",,,,,,,,"IEA",,,"ISS,IEA","IBA","ISS,IEA","ISS","ISS,IBA,IEA",,"IEA",,,"IMP,ISS,IEA","IBA,IEA",,"ISS",,,"IMP,IEA","IDA,IMP,IEP,ISS,IBA,IEA",,"IEA",,,"IDA,ISS,IBA,IEA",,,"TAS",,,,"IMP,IGI,IEP,IBA,TAS,IEA",,,,,"ISS,IEA","IMP,IBA,IEA","TAS",,,,,,,"IBA,IEA","IEA",,,,,,,,"ISS,IBA,TAS,IEA","ISS,IEA",,"IEA","IMP","IBA,IEA",,"ISS",,,"IMP,ISS,IBA,IEA","IMP",,"IEA",,"ISS"
"GO:BP","signal transduction","GO:0007165","false","0.0011010345079241275","2.958199069433173","5959","124","61","21031",,"IDA,IMP,IBA,IEA","IDA,IMP,IC",,,,,"TAS,IEA",,,,,,"IEA",,"ISS,IEA","IMP,IBA,TAS,IEA","TAS,IEA","ISS,IBA,NAS,IEA",,,,,,"IPI,TAS,IEA","IDA","IEA","TAS,NAS,IEA",,"IBA,TAS","IEA",,"IBA,IEA","IBA,TAS,IEA",,,"IBA,IEA",,"TAS",,,,,"IEA","IDA,IMP,ISS,IBA,TAS,IEA","IBA,IEA","IDA,IMP,ISS,IBA,TAS",,,"IEA","IEA",,,,"ISS",,"IMP,IBA,IEA",,,,,,"IEA",,"ISS,IBA,IEA","ISS,IEA","ISS,IEA","IDA,ISS,IBA,NAS",,,"IMP,IGI,IBA,TAS,IEA",,,,"IEA","ISS,IBA,TAS,IEA",,"IDA,IMP,IBA,NAS,IEA",,,"IDA,IMP,ISS",,,,"IMP","IBA,TAS,IEA",,,,,,"IBA","IGI,ISS,IEA",,,,,"IDA,IMP,ISS,IBA,IEA",,,"ISS",,,"IEA","IDA,IMP,ISS,IC,IEA","IDA,IEA","IBA,IEA",,"IEA","IDA,IBA,NAS,IEA","IDA,ISS,NAS,IEA","IDA","TAS,IEA",,,"IDA,IBA,TAS,IEA","TAS,IEA",,"IMP,ISS,IBA,IEA","IDA,IMP,IBA,IEA",,,"IDA,TAS,NAS",,,"TAS",,"IEA","IEA","IMP","IEA"
"GO:BP","transmembrane transport","GO:0055085","false","0.0013165798767982176","2.8805527871463252","1534","124","26","21031","ISS,IBA",,,,,,,,,,,"ISS,IBA,IEA",,,,"ISS,IBA,IEA",,"IEA",,,,"IDA,IMP,ISS,IEA","IDA,IBA,IEA",,"IMP,ISS",,,,,,"IMP,IEA",,,,"IDA,IBA,IEA",,,,,"IBA,IEA",,,,,,,,,,,,,,,"IDA,IBA,IEA",,,,"IEA",,,,,,,,,,,,"IGI","IBA,IEA",,,,,,"IBA",,,"ISS",,"IMP,ISS,IBA,IEA","IBA",,,,"IDA,IBA,IEA",,,,,,"IDA,IBA,TAS,IEA",,,"IEA",,,,"ISS",,,,"IDA,IMP,ISS,IBA,IC,IEA","IEA",,,,,"ISS,IBA,IEA",,,,,,,,,,,,,,,,,"IBA,TAS,IEA",,,
"GO:BP","regulation of cell communication","GO:0010646","false","0.002228471449516467","2.6519929255880728","3443","124","42","21031",,"IMP,IEA","IDA,IMP",,,,,,,,,,,,"ISS,IBA,IEA",,"IMP,IBA","IBA",,,,,,,"IMP",,,,,,"IEA",,"IBA,IEA","TAS,IEA",,,,,,,,,,,,,"IDA,IMP,ISS","IBA",,"IEA",,,"IBA",,"IBA,IEA",,"IMP,IBA,IEA",,,,,,,,"ISS,IBA,IEA","ISS","ISS,IEA","IDA,ISS",,,"IBA,IEA",,,,,"ISS,TAS,IEA",,,,,"ISS",,,,"IMP",,,"IDA",,,,,"IEA",,,,,"IDA,IMP,ISS,IBA,IEA",,,"ISS",,,,"IMP","ISS,IBA","IBA,IEA",,"IEA",,"IDA,IEA","IDA","IEA",,,"IEA","IEA",,"ISS,IBA,IEA","IDA,IMP,IBA,IEA",,,,,,"IDA,IMP,TAS","IEA",,"IEA","IMP",
"GO:BP","regulation of cytosolic calcium ion concentration","GO:0051480","true","0.0023151359367060108","2.635423503640385","60","124","6","21031",,,,,,,,,,,,,,,,,,,,,,,,,,,,,,,"IEA",,,,,,,,,,,,,,,,,,,,,,"IEA",,,,,,,,,,,,,,,,,,"IEA",,,,,"ISS,IEA",,,,,,,,,,,,,,,,,,,,,,,,,,,,,"ISS",,,,,,"IEA",,,,,,,,,,,,,,,,,,,,
"GO:BP","potassium ion transport","GO:0006813","false","0.0023403664348917667","2.630716139088845","237","124","10","21031","ISS,IBA",,,,,,,,,,,"ISS,IBA,IEA",,,,"ISS,IBA,IEA",,,,,,"IDA,IMP,ISS,TAS,IEA","IDA,IBA,IEA",,,,,,,,,,,,"IDA,IBA,TAS,IEA",,,,,,,,,,,,,,,,,,,,"IDA,IEA",,,,"IDA,IEA",,,,,,,,,,,,,"IDA,IBA,IEA",,,,,,,,,,,"IMP,ISS,IBA,IEA",,,,,,,,,,,,,,,,,,,,,,,,,,,,,,,,,,,,,,,,,,,,,,,,
"GO:BP","regulation of plasma membrane bounded cell projection organization","GO:0120035","false","0.002379982932246258","2.623426157421575","652","124","16","21031",,,"IDA,TAS",,,,,,"IMP,IGI,IEA",,,,,,,,"IBA",,"IBA",,,,,,,,,,,,,,,,,,,,,,,,,"ISS",,,,,,,,,,,,,,,,,,,,,,"ISS","ISS,IEA","ISS",,,,,,"IMP,ISS,IEA",,,,"IMP",,,,,,,,"ISS,IEA",,,,,,,,,,,,,,,,,,,,,"IEA",,,,,,,,,"ISS,IEA","ISS,IEA",,,,,,,,,,"IMP",,,,"ISS"
"GO:BP","regulation of synapse organization","GO:0050807","false","0.002824730286022143","2.549023013644301","242","124","10","21031",,,,,,,,,"IEA",,,,,,,,,,,,,,,,,,,,,,,,,,,,,,,,,,,,,,,,,,,,,,,,,,,,,,,,,,"ISS,IEA",,,,,,,,,,,,,,"ISS",,,,,"IEA",,,,,,,,,,,,,,,,,,,,,,"IEA",,,,"IEA",,,,,"ISS,IEA",,,,,,,,,,"IMP","IEA",,,"IDA,IMP,ISS"
"GO:BP","regulation of cell projection organization","GO:0031344","false","0.0031942235132807364","2.4956346977190895","667","124","16","21031",,,"IDA,TAS",,,,,,"IMP,IGI,IEA",,,,,,,,"IBA",,"IBA",,,,,,,,,,,,,,,,,,,,,,,,,"ISS",,,,,,,,,,,,,,,,,,,,,,"ISS","ISS,IEA","ISS",,,,,,"IMP,ISS,IEA",,,,"IMP",,,,,,,,"ISS,IEA",,,,,,,,,,,,,,,,,,,,,"IEA",,,,,,,,,"ISS,IEA","ISS,IEA",,,,,,,,,,"IMP",,,,"ISS"
"GO:BP","positive regulation of cellular component organization","GO:0051130","false","0.0035601116221393803","2.448536385139703","1116","124","21","21031",,,"TAS",,,,,,"IMP,IEA","IEA",,,,,,,"IBA",,"IBA",,,,,,,,,,,,,,,,,,,,,,,,,"ISS",,,,,,,"IEA",,"IEA","IMP",,,,,,,,,,,,"ISS","ISS,IEA","IDA,ISS",,,,,,"IMP,ISS,IEA",,,,"IMP",,,,,,,,"IEA",,,,,,,,,,,,,,"IMP,ISS,IEA",,,,,,,,"IBA,IEA",,,,,,,,"ISS,IEA","ISS,IEA",,,,,,,,,,,"IEA",,,"ISS"
"GO:BP","regulation of synapse structure or activity","GO:0050803","false","0.0036486303884570915","2.437870129067176","249","124","10","21031",,,,,,,,,"IEA",,,,,,,,,,,,,,,,,,,,,,,,,,,,,,,,,,,,,,,,,,,,,,,,,,,,,,,,,,"ISS,IEA",,,,,,,,,,,,,,"ISS",,,,,"IEA",,,,,,,,,,,,,,,,,,,,,,"IEA",,,,"IEA",,,,,"ISS,IEA",,,,,,,,,,"IMP","IEA",,,"IDA,IMP,ISS"
"GO:BP","positive regulation of cellular process","GO:0048522","false","0.0037402464145465547","2.4270997847106086","5717","124","58","21031","IDA","IMP,ISS,IBA,TAS,IEA","IMP,TAS",,,,,,"IMP,IEA","IEA",,,"IEA",,,"IEA","IMP,IBA",,"IBA","IDA,IBA",,,,,,,,"IDA,IEA",,"IDA","IEA",,"IBA","IEA",,,,,,,,,,"ISS","IDA",,"IDA,IMP,ISS",,,,"IEA",,"IEA","IMP","IBA,IEA","IMP","IMP,IBA","NAS",,,"IBA,IEA",,,,"ISS,IEA","ISS","ISS,IEA","IDA,ISS",,,"ISS,IEA","IMP","IEA","IMP,ISS,IEA",,"ISS,IEA",,"IMP",,"IEA","IDA,IMP,ISS,IBA,IEA","IBA",,,"IMP","IEA",,,,"IEA",,,"IDA,IMP,ISS,IEA",,,,,"IDA,IMP,ISS,IBA,IEA","IDA,ISS,IBA,IEA","IDA,IMP,ISS,IBA,TAS,IEA","ISS","IGI",,,"IDA",,,"IBA,IEA",,"IDA,IMP","IEA",,,,,"ISS,IEA","ISS,IEA",,"ISS,IBA,IEA",,,,,,,,,"IEA",,"IMP,IEA","ISS"
"GO:BP","monoatomic cation transport","GO:0006812","false","0.004178858298358617","2.3789423551747055","1033","124","20","21031","ISS,IBA",,,,,,,,,,,"ISS,IBA,IEA",,,,"ISS,IBA,IEA",,,,,,"IDA,IMP,ISS,TAS,IEA","IDA,IBA,IEA",,"IMP,ISS,IEA",,,,,,"IMP,IEA",,,,"IDA,IBA,TAS,IEA",,,,,,,,,,"IEA",,,,,,,,,,"IDA,IBA,IEA",,,,"IDA,IEA",,,,,,,,,,,,,"IDA,IBA,IEA",,,,,,"IBA",,,,,"IMP,ISS,IBA,IEA","IBA",,,,"IDA,IBA,IEA",,,,,,"IDA,IBA,TAS,IEA",,,,,,,,,,,"IDA,IMP,ISS,IBA,TAS,IC,IEA",,,,,,"ISS,IBA,NAS,IEA",,,,,,,,,,,,,,,,,"IBA,IEA",,,
"GO:BP","regulation of postsynaptic membrane potential","GO:0060078","false","0.0044367721871492564","2.352932870225072","148","124","8","21031",,,,,,,,,,,,,,,,,,"IEA",,,,,"IEA",,,,,,,,,,,,,,,,,"IBA",,,,,,,,,,,,,,,,,,,,,,,,,,,"ISS,IEA",,,,"IEA",,,,,,,,,,"ISS",,"IEA",,,,,,,,,,,,,,,,,,,,,,,"IEA",,,,,,,,,,,,,,,,,,,,,,,,,
"GO:BP","regulation of neuron projection development","GO:0010975","false","0.00503626033959045","2.297891827983319","457","124","13","21031",,,"IDA,TAS",,,,,,"IMP,IGI",,,,,,,,"IBA",,"IBA",,,,,,,,,,,,,,,,,,,,,,,,,,,,,,,,,,,,,,,,,,,,,,,,"ISS,IEA","ISS",,,,,,"IMP,ISS,IEA",,,,,,,,,,,,"ISS,IEA",,,,,,,,,,,,,,,,,,,,,"IEA",,,,,,,,,"ISS,IEA","ISS,IEA",,,,,,,,,,"IMP",,,,"ISS"
"GO:BP","positive regulation of cell junction assembly","GO:1901890","false","0.005392031282926599","2.268247596820847","107","124","7","21031",,,,,,,,,,"IEA",,,,,,,,,,,,,,,,,,,,,,,,,,,,,,,,,,,,,,,,,,,,"IMP",,,,,,,,,,,,,"ISS,IEA",,,,,,,,,,,,,,,,,,,"IEA",,,,,,,,,,,,,,,,,,,,,,,,,,,,,,,"ISS,IEA",,,,,,,,,,,"IEA",,,"ISS"
"GO:BP","cell development","GO:0048468","false","0.006140310311140213","2.211809680485789","2819","124","36","21031",,"ISS,IEA","IDA,IMP,IBA,TAS",,,,,"IEA","IMP,IGI",,,,,,,,"IBA,IEA",,"ISS,IBA,IEA",,,,,,,"IDA,IMP",,"IEA","IEA",,"IEA",,,,,,"IBA,IEA",,,,,,,"IBA",,"IBA","ISS",,,,,,,"ISS,NAS",,,,,,,,,,,,"IBA","ISS,IEA","ISS","IBA",,"IEA",,,"IMP,ISS,IEA","IBA,IEA",,,,,"IMP","ISS",,"IEA",,,"ISS,IBA,IEA",,,"TAS",,,,"IBA,IEA",,,,,"ISS,IEA",,,,,,,,,"IEA","IEA",,,,,,,,"ISS,TAS,IEA","ISS,IEA",,,,,,,,,"IMP,IBA","IMP",,,,"ISS"
"GO:BP","positive regulation of biological process","GO:0048518","false","0.006251473318915275","2.204017618036711","6250","124","61","21031","IDA","IMP,ISS,IBA,TAS,IEA","IDA,IMP,TAS",,,,,"IEA","IMP,IEA","IEA",,,"IEA",,,"IEA","IMP,IBA",,"IBA","IDA,IBA",,,,,"IEA",,,"IDA,IEA","IEA","IDA","IEA",,"IBA","IEA",,,,,,,,,,"ISS","IDA",,"IDA,IMP,ISS",,,,"IEA",,"IEA","IMP","IBA,IEA","IMP","IMP,IBA","NAS",,,"IBA,IEA",,,,"ISS,IEA","ISS","ISS,IEA","IDA,ISS",,,"ISS,IEA","IMP","IEA","IMP,ISS,IEA",,"ISS,IEA",,"IMP",,"IEA","IDA,IMP,ISS,IBA,IEA","IBA",,,"IMP","IEA",,,,"IEA",,,"IDA,IMP,ISS,IEA",,,,,"IDA,IMP,ISS,IBA,IEA","IDA,ISS,IBA,IEA","IDA,IMP,ISS,IBA,TAS,IEA","ISS","IGI",,,"IDA,ISS,IEA",,,"IBA,IEA",,"IDA,IMP","IEA",,,,,"ISS,IEA","ISS,IEA",,"IMP,ISS,IBA,IEA",,,,,,,,,"IEA",,"IMP,IEA","ISS"
"GO:BP","transmission of nerve impulse","GO:0019226","false","0.006820304592323897","2.166196229476717","72","124","6","21031",,,,,,,,,,,,,,,,,,,,,,,"IEA",,"IMP",,,,,,"IEA",,,,,,,,,,,,,,,,,,,,,,,"NAS",,,,,"IDA",,,,,,,,,,,,,,,,,,,,,,,,"IEA",,,,,,,,,,,,,,,,,,,,,,,,,,,,,,,,,,,,,,,,,,,,,,,,
"GO:BP","plasma membrane bounded cell projection organization","GO:0120036","false","0.006833391577244764","2.165363691971","1570","124","25","21031",,,"IDA,IMP,IBA,TAS",,,,,"IEA","IMP,IGI,IEA",,,,,,,,"IBA",,"ISS,IBA,IEA",,,,,,,"IDA,IMP",,,,,,,,,,,"IBA,IEA",,,,,,,"ISS",,"IBA",,,,,,,,"ISS",,,,,,,,,,,,"ISS","ISS,IEA","ISS",,,,,,"IMP,ISS,IEA","IBA,IEA",,,"IMP",,,"ISS",,,,,"ISS,IEA",,,,,,,,,,,,,,,,,,,,,"IEA","IMP,IBA,IEA",,,,,,,,"ISS,IEA","ISS,IEA",,,,,,,,,"IMP,IBA","IMP",,,,"ISS"
"GO:BP","response to stimulus","GO:0050896","false","0.006960734679901302","2.157344919787669","8976","124","78","21031",,"IDA,IMP,IBA,IEA","IDA,IMP,IEP,ISS,IBA,IC,IEA",,,,,"IMP,TAS,IEA",,,,"IEA",,"IEA",,"ISS,IEA","IMP,IBA,TAS,IEA","TAS,IEA","ISS,IBA,NAS,IEA","IDA",,,"ISS",,"IPI,TAS,IEA","IDA","IEA","TAS,NAS,IEA","ISS,IEA","IBA,TAS","IEA",,"IBA,IEA","IMP,IBA,TAS,IEA","IMP",,"IBA,IEA",,"TAS","IEA",,,,"IEA","IDA,IMP,ISS,IBA,TAS,IEA","IBA,IEA","IDA,IMP,ISS,IBA,TAS",,,"IEA","IEA",,,"IMP,IEA","ISS",,"IMP,IBA,IEA","NAS","IDA,IBA,IEA","IBA,NAS,IEA",,,"ISS,IEA",,"ISS,IBA,IEA","ISS,TAS,IEA","ISS,IEA","IDA,ISS,IBA,NAS",,,"IMP,IGI,ISS,IBA,TAS,IEA","IDA,IMP",,"IMP,ISS,IEA","IEA","ISS,IBA,TAS,IEA",,"IDA,IMP,IBA,NAS,IEA",,,"IDA,IMP,ISS",,"IDA,IMP,ISS,IEA",,"IMP","IBA,TAS,IEA",,"IDA,IGI",,"IEA",,"IBA","IGI,ISS,IEA",,,,,"IDA,IMP,ISS,IBA,IEA",,"ISS,NAS,IEA","ISS","IMP",,"IEA","IDA,IMP,ISS,TAS,IC,IEA","IDA,IEA","IBA,IEA",,"TAS,IEA","IDA,IBA,NAS,IEA","IDA,ISS,NAS,IEA","IDA,IEA","TAS,IEA",,,"IDA,IBA,TAS,IEA","TAS,IEA",,"IDA,IMP,ISS,IBA,IEA","IDA,IMP,IBA,IEA",,,"IDA,TAS,NAS,IEA",,,"TAS",,"IEA","IEA","IMP","IEA"
"GO:BP","regulation of cell junction assembly","GO:1901888","false","0.0073358664370926415","2.134548584393883","211","124","9","21031",,,,,,,,,,"IEA",,,,,,,,,,,,,,,,,,,,,,,,,,,,,,,,,,,,,,,,,,,,"IMP",,,,,,,,,,,,,"ISS,IEA",,,,,,,,,,,,,,"ISS",,,,,"IEA",,,,,,,,,,,,,,,,,,,,,,,,,,"IEA",,,,,"ISS,IEA",,,,,,,,,,,"IEA",,,"IDA,IMP,ISS"
"GO:BP","regulation of synapse assembly","GO:0051963","false","0.0077563903328796225","2.110340343591501","113","124","7","21031",,,,,,,,,,,,,,,,,,,,,,,,,,,,,,,,,,,,,,,,,,,,,,,,,,,,,,,,,,,,,,,,,,,"ISS,IEA",,,,,,,,,,,,,,"ISS",,,,,"IEA",,,,,,,,,,,,,,,,,,,,,,,,,,"IEA",,,,,"ISS,IEA",,,,,,,,,,,"IEA",,,"IDA,IMP,ISS"
"GO:BP","cell projection organization","GO:0030030","false","0.010973239816201984","1.9596651293471552","1613","124","25","21031",,,"IDA,IMP,IBA,TAS",,,,,"IEA","IMP,IGI,IEA",,,,,,,,"IBA",,"ISS,IBA,IEA",,,,,,,"IDA,IMP",,,,,,,,,,,"IBA,IEA",,,,,,,"ISS",,"IBA",,,,,,,,"ISS",,,,,,,,,,,,"ISS","ISS,IEA","ISS",,,,,,"IMP,ISS,IEA","IBA,IEA",,,"IMP",,,"ISS",,,,,"ISS,IEA",,,,,,,,,,,,,,,,,,,,,"IEA","IMP,IBA,IEA",,,,,,,,"ISS,IEA","ISS,IEA",,,,,,,,,"IMP,IBA","IMP",,,,"ISS"
"GO:BP","neuron projection morphogenesis","GO:0048812","false","0.011952960862236094","1.9225245025104427","655","124","15","21031",,,"IDA,IMP,IBA,TAS",,,,,"IEA",,,,,,,,,,,"ISS,IBA,IEA",,,,,,,"IDA",,,,,,,,,,,"IBA,IEA",,,,,,,,,"IBA",,,,,,,,"ISS",,,,,,,,,,,,,"ISS,IEA",,,,,,,,"IBA,IEA",,,,,,,,,,,"ISS,IEA",,,,,,,,,,,,,,,,,,,,,"IEA",,,,,,,,,,"ISS,IEA",,,,,,,,,"IMP,IBA","IMP",,,,"ISS"
"GO:BP","transport","GO:0006810","false","0.01248174560410157","1.903724673210095","4350","124","47","21031","ISS,IBA","IMP,IEA",,,,,,"IEA",,,,"ISS,IBA,TAS,IEA",,,,"ISS,IBA,IEA",,"IEA",,,,"IDA,IMP,ISS,TAS,IEA","IDA,IBA,IEA","IMP,IBA,IEA","IMP,ISS,IEA",,,,"IEA",,"IMP,IEA",,,,"IDA,IBA,TAS,IEA",,,,,"IBA,IEA","IEA","NAS",,,"IEA",,,"IBA,TAS,IEA",,,"IDA,NAS",,"IEA",,"IDA,IBA,TAS,IEA",,,,"IDA,IEA",,,,,,,"ISS",,"IDA,ISS,IEA",,,"IGI","IDA,IBA,IEA",,"IMP",,"ISS,TAS,IEA",,"IBA",,,"ISS","IBA,TAS,IEA","IMP,ISS,IBA,IEA","IBA","IBA",,"IEA","IDA,IBA,IEA",,,,,,"IDA,IBA,TAS,IEA",,,"IMP,TAS,IEA",,,,"ISS",,,,"IDA,IMP,ISS,IBA,TAS,IC,IEA","IEA",,,,,"ISS,IBA,NAS,IEA",,,,"ISS,IBA,IEA",,,,"IDA,IEA",,,,,,,,"IMP,IEA","IBA,TAS,IEA",,,"IDA,IBA"
"GO:BP","behavior","GO:0007610","false","0.013566003615007809","1.8675480715421353","662","124","15","21031",,,,,,,,,,,,,,,,,,,,,,,"IEA",,"IEA",,,,,,"IEA",,,,,,,,,,,,,,"IEA",,,,,,,,,"IMP","IEA",,,,,"IEA",,,"ISS",,,,"ISS,IEA",,,,"ISS,IEA",,,,,"ISS,TAS,IEA",,,,,"ISS",,"IEA",,,"IEA",,,,,,,,,,,,,,,,,,,,,,,,,,,,,,"IEA",,,,,,,,,,,,,,,
"GO:BP","regulation of signaling","GO:0023051","false","0.01456075780888086","1.8368160217502558","3437","124","40","21031",,"IMP,IEA","IDA,IMP",,,,,,,,,,,,"ISS,IBA,IEA",,"IMP,IBA","IBA",,,,,,,,,,,,,"IEA",,"IBA,IEA","TAS,IEA",,,,,,,,,,,,,"IDA,IMP,ISS","IBA",,"IEA",,,"IBA",,"IBA,IEA",,"IMP,IBA,IEA",,,,,,,,"ISS,IBA,IEA","ISS","ISS,IEA","IDA,ISS",,,"IBA,IEA",,,,,"ISS,TAS,IEA",,,,,"ISS",,,,"IMP",,,"IDA",,,,,"IEA",,,,,"IDA,IMP,ISS,IBA,IEA",,,"ISS",,,,,"ISS,IBA","IBA,IEA",,"IEA",,"IDA,IEA","IDA","IEA",,,"IEA","IEA",,"ISS,IBA,IEA","IDA,IMP,IBA,IEA",,,,,,"IDA,IMP,TAS","IEA",,"IEA","IMP",
"GO:BP","plasma membrane bounded cell projection morphogenesis","GO:0120039","false","0.015923636149459967","1.7979577544794931","671","124","15","21031",,,"IDA,IMP,IBA,TAS",,,,,"IEA",,,,,,,,,,,"ISS,IBA,IEA",,,,,,,"IDA",,,,,,,,,,,"IBA,IEA",,,,,,,,,"IBA",,,,,,,,"ISS",,,,,,,,,,,,,"ISS,IEA",,,,,,,,"IBA,IEA",,,,,,,,,,,"ISS,IEA",,,,,,,,,,,,,,,,,,,,,"IEA",,,,,,,,,,"ISS,IEA",,,,,,,,,"IMP,IBA","IMP",,,,"ISS"
"GO:BP","cell projection morphogenesis","GO:0048858","false","0.017385334831090955","1.7598169406496984","676","124","15","21031",,,"IDA,IMP,IBA,TAS",,,,,"IEA",,,,,,,,,,,"ISS,IBA,IEA",,,,,,,"IDA",,,,,,,,,,,"IBA,IEA",,,,,,,,,"IBA",,,,,,,,"ISS",,,,,,,,,,,,,"ISS,IEA",,,,,,,,"IBA,IEA",,,,,,,,,,,"ISS,IEA",,,,,,,,,,,,,,,,,,,,,"IEA",,,,,,,,,,"ISS,IEA",,,,,,,,,"IMP,IBA","IMP",,,,"ISS"
"GO:BP","cell morphogenesis involved in neuron differentiation","GO:0048667","false","0.018878009808143817","1.7240437926068013","597","124","14","21031",,,"IDA,IMP,IBA,TAS",,,,,"IEA",,,,,,,,,,,"ISS,IBA,IEA",,,,,,,"IDA",,,,,,,,,,,,,,,,,,,,"IBA",,,,,,,,,,,,,,,,,,,,,"ISS,IEA",,,,,,,,"IBA,IEA",,,,,,"ISS",,,,,"ISS,IEA",,,,,,,,,,,,,,,,,,,,,"IEA",,,,,,,,,,"ISS,IEA",,,,,,,,,"IBA","IMP",,,,"ISS"
"GO:BP","regulation of localization","GO:0032879","false","0.022370730518447735","1.6503198337419647","2018","124","28","21031","IDA,ISS,IBA","IEA",,,,,,"IEA",,,,,,,,"IEA",,,,,,"IDA,IMP,ISS",,,"IMP,ISS,IEA",,,,,,"IMP,IEA",,"IBA",,,,,,,,"IEA",,,,"IEA",,,"IBA,TAS,IEA",,"IBA,IEA",,,"IEA",,,,,,,,,,,,,"ISS",,"IDA",,,"IGI",,,"IMP",,"ISS,TAS,IEA",,"IBA",,,"ISS","IBA",,,,,,,,,,,,,,,"ISS,IEA",,,,"ISS",,,,"IDA,IMP,ISS,IBA,IC,IEA",,,,,,"ISS,IBA,IEA",,,,,,,,,,,,,,,,"IEA","IEA",,,"IDA,IBA"
"GO:BP","cell junction assembly","GO:0034329","false","0.022971479836986258","1.638811026383741","449","124","12","21031",,"IEA",,,,,,,,"IEA",,,,,,,,,,,,,,,,,,,,,,,,,,,,,,,,,,,,,"IMP",,,,,,,"IMP",,,,,,,,,,,,,"ISS,IEA",,,,,,,,,,,,,,"ISS",,,,,"IEA",,,,,,,,,,,,,,,"ISS",,,,,,,,,,,"IEA",,,,,"IDA,IMP,ISS,IEA",,,,,,,,,,,"IEA",,,"IDA,IMP,ISS"
"GO:BP","cell morphogenesis","GO:0000902","false","0.030955170440219008","1.5092668004043366","986","124","18","21031",,,"IDA,IMP,IBA,TAS",,,,,"IEA",,,,,,,,,,,"ISS,IBA,IEA",,,,,,,"IDA",,,,,,,,,,,"IBA,IEA",,,,,,,,,"IBA",,,,,,,,"ISS",,,,,,,,,,,,,"ISS,IEA",,,,,,,,"IBA,IEA",,,,,,"ISS",,,,,"ISS,IEA",,,,,,,,,,,,,,,,,,,,,"IEA",,,,"IEA",,,,,,"ISS,IEA",,,,,,"NAS",,,"IMP,IBA","IMP",,,,"ISS"
"GO:BP","regulation of cellular component organization","GO:0051128","false","0.035428321897146224","1.450649418032874","2425","124","31","21031",,,"IDA,IMP,IBA,TAS",,,,,,"IMP,IGI,IEA","IEA",,,,,,,"IBA",,"IBA,IEA",,,,,,,,,"IEA",,,,,,,,,,,,,,,,"ISS","IDA",,,"IEA",,,"IEA",,"IEA","IMP",,,,,,,,,,,,"ISS","ISS,IEA","IDA,ISS",,,,,,"IMP,ISS,IEA",,,,"IMP",,,"ISS",,,,"IMP,IBA","ISS,IEA",,,,,,,,,,,,,,"IMP,ISS,IEA",,,,,,,"IEA","IBA,IEA",,"IDA",,"IEA",,,,"ISS,IEA","ISS,IEA",,,,,,"IDA",,,,"IMP","IEA",,,"IDA,IMP,ISS"
"GO:BP","cell adhesion","GO:0007155","true","0.03688530859648549","1.433146578718001","1512","124","23","21031",,,,,,,,"IMP",,"IEA",,,,"IEA",,,,,"IBA",,,,,,,"IDA,IEA",,,,"IDA,TAS",,,,,,"IEA",,,,,"IBA",,,"ISS,IBA,IEA",,,"IDA,IMP,IEA",,,,,,,"IEA",,"IMP",,,,,,,,,"IEA","IBA",,,,,,,"IEA",,"IDA",,,,,,,,,,,,,,"TAS,IEA",,,,,,,,,,,,"ISS,IBA,TAS",,,,,,,,,,,,,,,,"IDA,IMP,ISS,IBA,IEA","IBA,IEA",,,,,"IDA",,,,"TAS",,,,"ISS"
"GO:BP","action potential","GO:0001508","false","0.037952958747446884","1.420754361597189","144","124","7","21031",,,,,,,,,,,,,,,,"IEA",,,,,,,"IDA,TAS,IEA",,"IMP,NAS",,,,,,"IEA",,,,,,,,,,,,,,,,,,,,,,,,,,,,"IDA",,,,,,,,,,,,,,,,,,,,,,,,"IEA",,,,,,,,,,,,,,,,,,,,,,"IMP,ISS,IEA",,,,,,,,,,,,,,,,,,,,,,,,,,
"GO:BP","anatomical structure morphogenesis","GO:0009653","false","0.03960883846682222","1.4022078931384","2684","124","33","21031",,"ISS,IEA","IDA,IMP,ISS,IBA,TAS",,,,,"IEA",,"IEA",,,,,,,,,"ISS,IBA,IEA","ISS",,,,,,"IDA,IMP",,,,,,,,,"TAS",,"IBA,IEA","IEA",,,"IEA",,,,,"IBA","IMP,IEA",,,,,,,"ISS",,,,,,,,,,,,,"ISS,IEA","NAS",,,,,"IEA",,"IBA,IEA",,,,,,"ISS",,"IEA",,,"IDA,ISS,IEA",,,,,,,"IEA",,,,,"IDA,ISS,IEA","IMP,IEA",,,,,,"ISS,IEA",,"IEA",,,,"IEA",,,,,,"ISS,IEA",,"IEA",,,,"IMP,ISS,NAS",,,"IMP,IBA","IMP",,,,"ISS"
"GO:BP","signal release from synapse","GO:0099643","false","0.03968501802165416","1.4013734181376531","145","124","7","21031",,,,,,,,,,,,,,,,,,,,,,,,,,,,,,,"IEA",,,,,,,,,,,,,,,,,"IBA,IEA",,,,,"IEA",,,,,,,,,,,,,,,,,,,,,,,,,,,,"ISS","IEA",,,,,,,,,,,,,,,,,,,,,,,,,,,,,,,,,"ISS,IBA,IEA",,,,,,,,,,,,"IEA",,,,
"GO:BP","neurotransmitter secretion","GO:0007269","false","0.03968501802165416","1.4013734181376531","145","124","7","21031",,,,,,,,,,,,,,,,,,,,,,,,,,,,,,,"IEA",,,,,,,,,,,,,,,,,"IBA,IEA",,,,,"IEA",,,,,,,,,,,,,,,,,,,,,,,,,,,,"ISS","IEA",,,,,,,,,,,,,,,,,,,,,,,,,,,,,,,,,"ISS,IBA,IEA",,,,,,,,,,,,"IEA",,,,
"GO:BP","regulation of dendritic spine development","GO:0060998","false","0.04112536000649828","1.3858902872632137","59","124","5","21031",,,,,,,,,,,,,,,,,,,,,,,,,,,,,,,,,,,,,,,,,,,,,,,,,,,,,,,,,,,,,,,,,,,"ISS,IEA",,,,,,,,,,,,,,"ISS",,,,,,,,,,,,,,,,,,,,,,,,,,"IEA","IEA",,,,,,,,,,,,,,,,,,,"IMP",,,,
"GO:BP","synapse assembly","GO:0007416","false","0.04170089430306509","1.3798546311959874","201","124","8","21031",,"IEA",,,,,,,,,,,,,,,,,,,,,,,,,,,,,,,,,,,,,,,,,,,,,,,,,,,,,,,,,,,,,,,,,"ISS,IEA",,,,,,,,,,,,,,"ISS",,,,,"IEA",,,,,,,,,,,,,,,,,,,,,,,,,,"IEA",,,,,"IDA,IMP,ISS,IEA",,,,,,,,,,,"IEA",,,"IDA,IMP,ISS"
"GO:BP","regulation of dendrite development","GO:0050773","false","0.04297118185979431","1.3668227015144085","99","124","6","21031",,,,,,,,,,,,,,,,,,,,,,,,,,,,,,,,,,,,,,,,,,,,,,,,,,,,,,,,,,,,,,,,,,,"ISS,IEA",,,,,,,"IMP",,,,,,,,,,,,"ISS,IEA",,,,,,,,,,,,,,,,,,,,,,,,,,,,,,"ISS,IEA","ISS,IEA",,,,,,,,,,,,,,"ISS"
"GO:BP","regulation of developmental process","GO:0050793","false","0.04508595941102409","1.3459586842792817","2455","124","31","21031",,"ISS,IEA","TAS",,,,,,,,,,,,,,,,"IBA,IEA","IDA,IMP,IBA",,,,,,"IMP",,,"IEA",,,,,,,,,,,,,"IEA",,,,,"IMP,ISS",,,,,,,,,,,,,,,,,,"ISS,IEA",,"ISS,IEA",,,,"IEA",,,"IMP",,,,,,,"IDA,IMP,ISS",,,,,"ISS,IEA",,,,,,,"IMP,IBA,IEA",,,,,"IDA,ISS,IEA","ISS,IEA","IEA",,,,,,,"IEA","IEA",,,,"IEA",,,,"ISS,IBA,IEA","ISS,IEA",,"IMP,ISS,IEA","IMP",,,"NAS",,,"ISS,IEA","IMP","IEA","IEA",,"ISS"
"GO:CC","synapse","GO:0045202","true","8.753160755346124e-19","18.057835095465027","1468","129","45","22097",,"ISS,IEA",,,,,,,"IDA,IEA",,,,,"IEA","ISS,IBA,IEA","ISS,IBA,IEA","ISS,IEA","ISS,IBA,IEA","IEA",,,,"ISS,IBA,NAS,IEA",,"IEA",,,"IEA",,,"IDA,IEA","IEA",,,"IEA",,,,"IBA,IEA","IBA,IEA",,,,"ISS,IEA","IEA",,,"IBA,IEA",,"IBA,IEA","IEA",,"ISS,IBA,TAS,IEA","IEA",,,,,,,,,,,"IEA",,,"ISS,IEA",,,"IBA,IEA","IBA",,,,"ISS,IEA",,,"IBA,IEA",,"IEA","IBA,IEA","IEA",,,"IBA,IEA",,"IEA",,,,,,,,,,,,,,,,"IBA",,"ISS,IBA,IEA",,"IEA",,,"IEA",,,,"ISS,IBA,IEA",,"IDA,IMP,IEA",,,,,,,"IEA",,"IDA,IMP,IEP,IEA","IDA,IBA,TAS,IEA","IEA",,,"IDA,IMP,NAS"
"GO:CC","cell junction","GO:0030054","false","4.8175460012974184e-17","16.31717412970536","2230","129","52","22097",,"ISS,IEA",,,,,,,"IDA,IEA","IEA",,,,"IEA","ISS,IBA,IEA","ISS,IBA,IEA","ISS,IEA","ISS,IBA,IEA","IEA",,,,"ISS,IBA,NAS,IEA",,"IEA","IDA",,"IEA",,"IDA,ISS,IBA,TAS,IEA","IDA,IEA","IEA",,,"IEA",,,,"IDA,IBA,IEA","IBA,IEA",,,,"ISS,IEA","IEA",,,"IBA,IEA",,"IBA,IEA","IEA",,"ISS,IBA,TAS,IEA","IEA",,"IDA,IEA",,,,,,"IDA,IEA",,,"IEA",,,"IDA,ISS,IBA,IEA",,,"IBA,IEA","IBA",,,,"ISS,IEA",,,"IBA,IEA",,"IEA","IBA,IEA","IEA",,,"IBA,IEA",,"IEA",,,,,,,,,,,,,"IDA,ISS,IBA,TAS,IEA",,,"IBA",,"ISS,IBA,IEA",,"IEA",,,"IEA",,,,"ISS,IBA,IEA",,"IDA,IMP,IEA","IEA",,,,,,"IEA",,"IDA,IMP,IEP,IEA","IDA,IBA,TAS,IEA","IEA",,,"IDA,IMP,NAS"
"GO:CC","postsynapse","GO:0098794","false","2.39914245260856e-16","15.619943964393531","650","129","30","22097",,"ISS,IEA",,,,,,,"IDA,IEA",,,,,,"ISS,IBA,IEA","ISS,IBA,IEA",,"ISS,IBA,IEA",,,,,"ISS,IBA,NAS,IEA",,,,,,,,,"IEA",,,"IEA",,,,,"IBA,IEA",,,,"ISS,IEA","IEA",,,"IEA",,,"IEA",,,,,,,,,,,,,,,,,"ISS",,,"IBA,IEA","IBA",,,,"ISS,IEA",,,"IBA,IEA",,"IEA",,"IEA",,,"IBA,IEA",,,,,,,,,,,,,,,,,,,,"IBA,IEA",,"IEA",,,"IEA",,,,"IEA",,,,,,,,,"IEA",,"IEA","IDA,IEA","IEA",,,"NAS"
"GO:CC","glutamatergic synapse","GO:0098978","false","1.4421493715101934e-13","12.840989754968202","424","129","23","22097",,"IEA",,,,,,,,,,,,"IEA","IEA",,,,"IEA",,,,"IEA",,,,,,,,"IEA",,,,,,,,,,,,,,,,,"IEA",,"IEA",,,"IEA",,,,,,,,,,,,,,,,,,"IEA",,,,,"IEA",,,"IBA",,,"IBA","IEA",,,"IEA",,,,,,,,,,,,,,,,,,,,"IEA",,"IEA",,,,,,,"IEA",,"IDA,IMP,IEA",,,,,,,"IEA",,"IDA,IMP","IEA",,,,"IDA,IMP"
"GO:CC","synaptic membrane","GO:0097060","false","4.766410849652152e-13","12.321808525555118","399","129","22","22097",,"ISS,IEA",,,,,,,,,,,,,"ISS,IBA,IEA","ISS,IBA,IEA",,"IBA,IEA",,,,,"ISS,IBA,IEA",,,,,,,,,"IEA",,,"IEA",,,,,"IEA",,,,"ISS,IEA","IEA",,,,,,"IEA",,"ISS","IEA",,,,,,,,,,,,,,,,,"IBA,IEA","IBA",,,,"IEA",,,,,,,"IEA",,,"IEA",,,,,,,,,,,,,,,,,,,,"IBA,IEA",,,,,,,,,,,"IEA",,,,,,,,,,"IEA",,,,"NAS"
"GO:CC","postsynaptic membrane","GO:0045211","false","1.8926514602073167e-10","9.722929355843622","278","129","17","22097",,"ISS,IEA",,,,,,,,,,,,,"IBA,IEA","ISS,IBA,IEA",,"IBA,IEA",,,,,"ISS,IBA,IEA",,,,,,,,,"IEA",,,"IEA",,,,,"IEA",,,,"ISS,IEA","IEA",,,,,,"IEA",,,,,,,,,,,,,,,,,,,,"IBA,IEA","IBA",,,,,,,,,,,"IEA",,,"IEA",,,,,,,,,,,,,,,,,,,,"IBA,IEA",,,,,,,,,,,,,,,,,,,,,,,,,"NAS"
"GO:CC","cell periphery","GO:0071944","false","3.058282859456487e-10","9.514522349329186","6228","129","75","22097","IPI,ISS,IBA,IEA","IDA,ISS,IBA,TAS,IEA",,,"IBA",,,"IDA,IEA","IDA","IEA",,"IBA,IEA",,"IEA","ISS,IBA,IEA","ISS,IBA,TAS,IEA","IDA,TAS","ISS,IBA,TAS,IEA","TAS,IEA",,,"IDA,IMP,IBA,TAS,IEA","IDA,IPI,IMP,ISS,IBA,TAS,IEA","IDA",,"IDA,NAS,IEA",,,,"IDA,TAS,IEA","IDA,IBA,TAS,IEA","IBA,IEA","TAS,IEA","IBA,TAS,IEA","IDA,IMP,TAS,IEA",,"ISS","IDA,TAS,IEA","IBA,IEA","IDA,IBA,TAS,IEA","IEA",,,"ISS,IEA","IDA,TAS,IEA","TAS,IEA","IDA,ISS,TAS,IEA",,,"TAS,IEA","IDA,IBA,NAS,IEA",,"ISS,IBA,IEA","IDA,NAS,IEA","IDA,RCA,TAS,IEA",,,,"IDA,IBA,TAS,IEA",,"IDA","IDA",,,"IBA,IEA","ISS,IEA",,"IDA,IEA",,,"IMP,IBA,TAS,IEA","IDA,IBA,TAS,IEA",,,"IEA","ISS,TAS,IEA","TAS,IEA","IDA,TAS,IEA","TAS,IEA","TAS",,,"IDA,ISS,IBA,TAS,IEA","IDA,IBA,IEA",,"IPI,IEA","IDA,IBA,IEA","IDA,IBA,TAS,IEA","TAS,IEA",,,,,"TAS,IEA",,,"IDA,IMP,ISS,TAS,IEA","HDA,ISS,IBA,IEA",,,"IDA,ISS,IEA",,,,"ISS,IBA","IDA,IBA,TAS,IEA",,,"IGI,IBA",,"IBA","IDA,TAS",,,"IEA","IDA,TAS,IEA","TAS,IEA","IEA","IDA,IBA,TAS,IEA",,,,"IEA",,,,"IEA","TAS,IEA",,,"IDA,TAS,NAS,IEA"
"GO:CC","plasma membrane","GO:0005886","false","6.684719440547217e-10","9.174916815474411","5742","129","71","22097","IPI,ISS,IBA,IEA","IDA,ISS,IBA,TAS,IEA",,,,,,"IDA,IEA","IDA","IEA",,"IBA,IEA",,,"ISS,IBA,IEA","ISS,IBA,TAS,IEA","IDA,TAS","ISS,IBA,TAS,IEA","TAS,IEA",,,"IDA,IMP,IBA,TAS,IEA","IDA,IPI,IMP,ISS,IBA,TAS,IEA",,,"IDA,NAS,IEA",,,,"IDA,TAS,IEA","IDA,IBA,TAS,IEA","IEA","TAS,IEA","IBA,TAS,IEA","IDA,IMP,TAS,IEA",,"ISS","IDA,TAS,IEA","IBA,IEA","IDA,IBA,TAS,IEA",,,,"ISS,IEA","IDA,TAS,IEA","TAS,IEA","IDA,ISS,TAS,IEA",,,"TAS,IEA","IDA,IBA,NAS,IEA",,"ISS","IDA,NAS,IEA","IDA,RCA,TAS,IEA",,,,"IDA,IBA,TAS,IEA",,"IDA","IDA",,,"IBA,IEA","ISS,IEA",,"IDA,IEA",,,"IMP,IBA,TAS,IEA","IDA,IBA,TAS,IEA",,,"IEA","ISS,TAS,IEA","TAS,IEA","IDA,TAS,IEA","TAS,IEA","TAS",,,"IDA,ISS,IBA,TAS,IEA","IDA,IBA,IEA",,"IPI,IEA","IDA,IBA,IEA","IDA,IBA,TAS,IEA","TAS,IEA",,,,,"TAS,IEA",,,"IDA,IMP,ISS,TAS,IEA","ISS,IBA,IEA",,,"IDA,ISS,IEA",,,,"ISS,IBA","IDA,IBA,TAS,IEA",,,"IGI,IBA",,"IBA","IDA,TAS",,,"IEA","IDA,TAS,IEA","TAS,IEA","IEA","IDA,IBA,TAS,IEA",,,,"IEA",,,,"IEA","TAS,IEA",,,"IDA,TAS,NAS,IEA"
"GO:CC","monoatomic ion channel complex","GO:0034702","false","6.20822104627532e-9","8.207032828240115","346","129","17","22097","IPI,IBA",,,,,,,,,,,,,,"ISS,IBA,IEA","ISS,IBA,IEA",,"ISS,IBA",,,,"IDA,IMP,IBA,IEA","IDA,IPI,IBA,IEA",,,,,,,,"IDA,IBA,IEA",,,,"IDA,TAS,IEA",,,,,"IEA",,,,,,,,,,,,,,"IDA,NAS",,,,,"IDA,IBA,IEA",,,,,,"IBA,IEA",,,,,,,"IDA,IEA",,,,,,,,,,,"IDA,IBA,IEA",,,,,"IBA,IEA",,,,,,,,,,,,,,,,,"IDA,IBA,IEA","IBA",,,,,,,,,,,,,,,,,,,,,,,,,
"GO:CC","neuron projection","GO:0043005","false","3.6101855094836586e-8","7.442470481286829","1334","129","30","22097",,,,,,,,,"IDA,IEA",,,,,,"ISS,IBA,IEA","ISS,IBA,IEA","ISS,IEA","ISS,IBA,IEA",,,,"IBA","ISS,IBA,NAS,IEA",,,,,,"IEA",,,,,,"IEA",,,,"IEA","IBA",,,,"ISS,IBA,IEA","IBA,IEA","IBA",,"IBA,IEA",,,"IBA,IEA",,"ISS","IDA,ISS,NAS,IEA",,,,,,,,,,,,"IBA",,"ISS,IBA,IEA",,,"IEA",,,,,"ISS,IEA",,,,,,,"IBA,IEA",,,,,,,,,,,,,,,,,,,,,,,"ISS",,"IEA",,,,,,,,,,"IEA",,,"IBA",,,,,,"IDA,IEA","IEA",,,"ISS,IEA"
"GO:CC","somatodendritic compartment","GO:0036477","false","3.8037717547798903e-8","7.419785550781303","848","129","24","22097",,,,,,,,,"IDA,IEA",,,,,,"ISS,IBA,IEA","ISS,IBA,IEA",,"ISS,IBA,IEA",,,,,"ISS,IBA,NAS,IEA",,,,,,,,,,,,"IEA",,,,,"IBA","IEA",,,"ISS,IEA","IEA","IBA",,"IEA",,,,,,"NAS,IEA",,,,,,,,,,,,,,"ISS,IBA",,,"IEA",,,,,"ISS,IEA",,,,,,,"IBA,IEA",,,,,"ISS,IBA",,,,,,,,,,,,,,,,,,"ISS",,"IEA",,,,,,,,,,,"IEA",,,,,,,,"IDA,IEA","IEA",,,"ISS,IEA"
"GO:CC","postsynaptic specialization","GO:0099572","false","6.169611277052452e-8","7.209742198292423","346","129","16","22097",,"IEA",,,,,,,,,,,,,"IBA,IEA",,,"IBA",,,,,"IEA",,,,,,,,,,,,"IEA",,,,,,,,,,"IEA",,,,,,,,,,,,,,,,,,,,,,,"ISS",,,"IBA,IEA",,,,,"ISS,IEA",,,"IBA,IEA",,,,,,,"IEA",,,,,,,,,,,,,,,,,,,,"IBA",,,,,"IEA",,,,"IEA",,,,,,,,,"IEA",,,"IEA",,,,
"GO:CC","cation channel complex","GO:0034703","true","8.264192457095477e-8","7.082799577490213","207","129","13","22097","IPI,IBA",,,,,,,,,,,,,,,"ISS,IBA,IEA",,,,,,"IDA,IMP,IBA","IDA,IPI,IBA,IEA",,,,,,,,"IDA,IBA,IEA",,,,"IDA,TAS",,,,,,,,,,,,,,,,,,,"IDA,NAS",,,,,"IDA,IBA,IEA",,,,,,,,,,,,,"IDA",,,,,,,,,,,"IDA,IBA",,,,,"IBA,IEA",,,,,,,,,,,,,,,,,"IDA,IBA,IEA","IBA",,,,,,,,,,,,,,,,,,,,,,,,,
"GO:CC","potassium channel complex","GO:0034705","false","1.0069350532264978e-7","6.996998540305336","99","129","10","22097","IPI,IBA",,,,,,,,,,,,,,,"ISS,IBA,IEA",,,,,,"IDA,IMP,IBA","IDA,IPI,IBA,IEA",,,,,,,,,,,,"IDA,TAS",,,,,,,,,,,,,,,,,,,"IDA,NAS",,,,,"IDA,IBA,IEA",,,,,,,,,,,,,"IDA",,,,,,,,,,,"IDA,IBA",,,,,,,,,,,,,,,,,,,,,,,"IBA",,,,,,,,,,,,,,,,,,,,,,,,,
"GO:CC","cell projection","GO:0042995","false","1.1346662027809289e-7","6.945131880859748","2389","129","40","22097",,,,,,,,,"IDA,IEA",,,,,,"ISS,IBA,IEA","ISS,IBA,IEA","ISS,IEA","ISS,IBA,IEA",,,,"IBA","ISS,IBA,NAS,IEA",,,"IDA",,,"IDA,IEA","IDA",,,,,"IEA",,,,"IEA","IBA",,,,"ISS,IBA,IEA","IBA,IEA","IBA","IDA","IBA,IEA",,,"IBA,IEA",,"ISS,IEA","IDA,ISS,NAS,IEA",,,,,,,,,,,,"IBA",,"ISS,IBA,IEA",,,"IEA",,,,,"ISS,IEA",,"IDA,IEA",,,,,"IBA,IEA",,,,"IEA","IDA",,,,,,,,,"ISS,IEA",,,,,,,,,"ISS",,"IEA",,,,"IDA,IEA",,,,,,"IEA",,,"IBA",,"IEA",,,"IEA","IDA,IEA","IEA",,,"ISS,IEA"
"GO:CC","neuron to neuron synapse","GO:0098984","false","1.4025929157852693e-7","6.85306835896578","366","129","16","22097",,"IEA",,,,,,,,,,,,,"IBA,IEA",,,"IBA","IEA",,,,,,,,,,,,,,,,"IEA",,,,,,,,,,"IEA",,,,,,,,,,,,,,,,,,,,,,,"ISS",,,"IBA,IEA",,,,,"ISS,IEA",,,"IEA",,,,,,,"IEA",,,,,,,,,,,,,,,,,,,,"IBA",,,,,"IEA",,,,"IEA",,"IEA",,,,,,,"IEA",,,,,,,
"GO:CC","dendrite","GO:0030425","false","1.811423225921914e-7","6.741980068068881","622","129","20","22097",,,,,,,,,"IDA,IEA",,,,,,"ISS,IBA,IEA","ISS,IBA,IEA",,"ISS,IBA,IEA",,,,,"ISS,IBA,NAS,IEA",,,,,,,,,,,,"IEA",,,,,"IBA",,,,"ISS,IEA","IEA","IBA",,,,,,,,"NAS,IEA",,,,,,,,,,,,,,"ISS,IBA",,,"IEA",,,,,"ISS,IEA",,,,,,,"IBA,IEA",,,,,,,,,,,,,,,,,,,,,,,"ISS",,"IEA",,,,,,,,,,,,,,,,,,,"IDA,IEA","IEA",,,"ISS,IEA"
"GO:CC","dendritic tree","GO:0097447","false","1.9149929441725861e-7","6.717832821858574","624","129","20","22097",,,,,,,,,"IDA,IEA",,,,,,"ISS,IBA,IEA","ISS,IBA,IEA",,"ISS,IBA,IEA",,,,,"ISS,IBA,NAS,IEA",,,,,,,,,,,,"IEA",,,,,"IBA",,,,"ISS,IEA","IEA","IBA",,,,,,,,"NAS,IEA",,,,,,,,,,,,,,"ISS,IBA",,,"IEA",,,,,"ISS,IEA",,,,,,,"IBA,IEA",,,,,,,,,,,,,,,,,,,,,,,"ISS",,"IEA",,,,,,,,,,,,,,,,,,,"IDA,IEA","IEA",,,"ISS,IEA"
"GO:CC","membrane","GO:0016020","false","2.2149543419625647e-7","6.654635221692868","9864","129","92","22097","IDA,IPI,ISS,IBA,IEA","IDA,ISS,IBA,TAS,IEA","NAS","IEA",,,"IEA","IDA,IEA","IDA","IBA,IEA",,"IDA,IBA,TAS,IEA",,,"ISS,IBA,IEA","ISS,IBA,TAS,IEA","IDA,TAS,IEA","ISS,IBA,TAS,IEA","TAS,IEA",,,"IDA,IMP,IBA,TAS,IEA","IDA,IPI,IMP,ISS,IBA,TAS,IEA","TAS",,"IDA,NAS,IEA","IEA",,,"IDA,TAS,IEA","IDA,IBA,TAS,IEA","IEA","TAS,IEA","IBA,TAS,IEA","IDA,IMP,TAS,IEA","IEA","ISS","IDA,TAS,IEA","IBA,IEA","IDA,IBA,TAS,IEA","IEA",,,"ISS,IEA","IDA,TAS,IEA","TAS,IEA","IDA,ISS,TAS,IEA","IBA,TAS,IEA",,"TAS,IEA","IDA,IBA,NAS,IEA",,"ISS","IDA,NAS,IEA","IDA,RCA,TAS,IEA","IEA",,,"IDA,IBA,TAS,IEA",,"IDA","IDA",,"TAS,IEA","IBA,IEA","ISS,IEA",,"IDA,IEA",,,"IMP,IBA,TAS,IEA","IDA,IBA,TAS,IEA",,,"IEA","ISS,TAS,IEA","TAS,IEA","IDA,TAS,IEA","TAS,IEA","TAS,IEA",,"IEA","IDA,ISS,IBA,TAS,IEA","IDA,IBA,IEA","IBA,IEA","IPI,TAS,IEA","IDA,HDA,IBA,IEA","IDA,IBA,TAS,NAS,IEA","TAS,IEA","TAS,IEA","IDA,TAS,IEA",,,"TAS,IEA",,"ISS,IEA","IDA,IMP,ISS,TAS,IEA","IDA,ISS,IBA,IEA",,,"IDA,ISS,IEA",,"HDA,TAS,IEA",,"IDA,ISS,IBA,TAS,IEA","IDA,IBA,TAS,IEA",,"IDA,IEA","IDA,IGI,IBA",,"IDA,HDA,IBA,TAS,IEA","IDA,TAS",,"IEA","ISS,IBA,IEA","IDA,TAS,IEA","TAS,IEA","IEA","IDA,IBA,TAS,IEA","IDA,IBA,NAS,IEA",,,"IEA",,"IBA,IEA","IBA","IEA","TAS,IEA",,,"IDA,TAS,NAS,IEA"
"GO:CC","transmembrane transporter complex","GO:1902495","false","3.029246070785553e-7","6.518665446758361","445","129","17","22097","IPI,IBA",,,,,,,,,,,,,,"ISS,IBA,IEA","ISS,IBA,IEA",,"ISS,IBA",,,,"IDA,IMP,IBA,IEA","IDA,IPI,IBA,IEA",,,,,,,,"IDA,IBA,IEA",,,,"IDA,TAS,IEA",,,,,"IEA",,,,,,,,,,,,,,"IDA,NAS",,,,,"IDA,IBA,IEA",,,,,,"IBA,IEA",,,,,,,"IDA,IEA",,,,,,,,,,,"IDA,IBA,IEA",,,,,"IBA,IEA",,,,,,,,,,,,,,,,,"IDA,IBA,IEA","IBA",,,,,,,,,,,,,,,,,,,,,,,,,
"GO:CC","asymmetric synapse","GO:0032279","false","3.52471550382143e-7","6.45287593118512","334","129","15","22097",,"IEA",,,,,,,,,,,,,"IBA,IEA",,,"IBA","IEA",,,,,,,,,,,,,,,,"IEA",,,,,,,,,,"IEA",,,,,,,,,,,,,,,,,,,,,,,"ISS",,,"IBA,IEA",,,,,"ISS,IEA",,,"IEA",,,,,,,"IEA",,,,,,,,,,,,,,,,,,,,"IBA",,,,,"IEA",,,,"IEA",,,,,,,,,"IEA",,,,,,,
"GO:CC","axon","GO:0030424","false","4.5327909718057006e-7","6.343634307829566","656","129","20","22097",,,,,,,,,"IDA,IEA",,,,,,,"ISS,IBA,IEA","ISS,IEA",,,,,"IBA",,,,,,,"IEA",,,,,,"IEA",,,,"IEA",,,,,"ISS,IEA","IEA",,,"IBA,IEA",,,"IEA",,"ISS","IDA,ISS,NAS,IEA",,,,,,,,,,,,,,,,,,,,,,"ISS,IEA",,,,,,,"IBA,IEA",,,,,,,,,,,,,,,,,,,,,,,"ISS",,,,,,,,,,,,"IEA",,,"IBA",,,,,,"IEA",,,,"IEA"
"GO:CC","voltage-gated potassium channel complex","GO:0008076","false","7.145063142193919e-7","6.1459939289184655","88","129","9","22097","IPI,IBA",,,,,,,,,,,,,,,"ISS,IBA,IEA",,,,,,"IMP,IBA","IDA,IPI,IBA,IEA",,,,,,,,,,,,"IDA,TAS",,,,,,,,,,,,,,,,,,,"IDA,NAS",,,,,"IDA,IBA,IEA",,,,,,,,,,,,,"IDA",,,,,,,,,,,"IDA,IBA",,,,,,,,,,,,,,,,,,,,,,,,,,,,,,,,,,,,,,,,,,,,,,,,
"GO:CC","transporter complex","GO:1990351","false","7.362833242748135e-7","6.132955035537751","472","129","17","22097","IPI,IBA",,,,,,,,,,,,,,"ISS,IBA,IEA","ISS,IBA,IEA",,"ISS,IBA",,,,"IDA,IMP,IBA,IEA","IDA,IPI,IBA,IEA",,,,,,,,"IDA,IBA,IEA",,,,"IDA,TAS,IEA",,,,,"IEA",,,,,,,,,,,,,,"IDA,NAS",,,,,"IDA,IBA,IEA",,,,,,"IBA,IEA",,,,,,,"IDA,IEA",,,,,,,,,,,"IDA,IBA,IEA",,,,,"IBA,IEA",,,,,,,,,,,,,,,,,"IDA,IBA,IEA","IBA",,,,,,,,,,,,,,,,,,,,,,,,,
"GO:CC","plasma membrane bounded cell projection","GO:0120025","false","0.0000014886376299703013","5.8272110070545455","2277","129","37","22097",,,,,,,,,"IDA,IEA",,,,,,"ISS,IBA,IEA","ISS,IBA,IEA","ISS,IEA","ISS,IBA,IEA",,,,"IBA","ISS,IBA,NAS,IEA",,,"IDA",,,"IDA,IEA",,,,,,"IEA",,,,"IEA","IBA",,,,"ISS,IBA,IEA","IBA,IEA","IBA","IDA","IBA,IEA",,,"IBA,IEA",,"ISS","IDA,ISS,NAS,IEA",,,,,,,,,,,,"IBA",,"ISS,IBA,IEA",,,"IEA",,,,,"ISS,IEA",,"IDA,IEA",,,,,"IBA,IEA",,,,"IEA",,,,,,,,,,"ISS,IEA",,,,,,,,,"ISS",,"IEA",,,,"IDA,IEA",,,,,,"IEA",,,"IBA",,"IEA",,,,"IDA,IEA","IEA",,,"ISS,IEA"
"GO:CC","postsynaptic density","GO:0014069","false","0.0000016835619368343193","5.773770901651555","318","129","14","22097",,"IEA",,,,,,,,,,,,,"IBA,IEA",,,"IBA",,,,,,,,,,,,,,,,,"IEA",,,,,,,,,,"IEA",,,,,,,,,,,,,,,,,,,,,,,"ISS",,,"IBA,IEA",,,,,"ISS,IEA",,,"IEA",,,,,,,"IEA",,,,,,,,,,,,,,,,,,,,"IBA",,,,,"IEA",,,,"IEA",,,,,,,,,"IEA",,,,,,,
"GO:CC","presynapse","GO:0098793","false","0.000010192163914520644","4.99173360045227","564","129","17","22097",,"IEA",,,,,,,"IEA",,,,,,,"ISS,IBA,IEA","ISS,IEA",,,,,,,,,,,,,,"IEA",,,,"IEA",,,,,,,,,,"IEA",,,"IBA,IEA",,,,,"ISS,IBA,TAS,IEA",,,,,,,,,,,,,,,,,,,,,,,"ISS,IEA",,,,,,"IEA","IEA",,,,,,,,,,,,,,,,,,,,,,,"ISS,IBA",,,,,,,,,"ISS,IBA,IEA",,"IEA",,,,,,,,,"IDA,IMP,IEP","IBA,TAS,IEA",,,,
"GO:CC","postsynaptic specialization membrane","GO:0099634","false","0.000012913394683435478","4.88895957504688","122","129","9","22097",,"IEA",,,,,,,,,,,,,"IEA",,,"IBA",,,,,"IEA",,,,,,,,,,,,"IEA",,,,,,,,,,"IEA",,,,,,,,,,,,,,,,,,,,,,,,,,"IBA,IEA",,,,,,,,,,,,,,,"IEA",,,,,,,,,,,,,,,,,,,,"IBA",,,,,,,,,,,,,,,,,,,,,,,,,
"GO:CC","presynaptic membrane","GO:0042734","false","0.00001544860255328063","4.811110799789161","166","129","10","22097",,"IEA",,,,,,,,,,,,,,"ISS,IBA,IEA",,,,,,,,,,,,,,,,,,,"IEA",,,,,,,,,,"IEA",,,,,,,,"ISS",,,,,,,,,,,,,,,,,,,,,,,"IEA",,,,,,,"IEA",,,,,,,,,,,,,,,,,,,,,,,"IBA",,,,,,,,,,,"IEA",,,,,,,,,,"IEA",,,,
"GO:CC","dendritic spine","GO:0043197","false","0.00002160582392987349","4.66542916738216","172","129","10","22097",,,,,,,,,"IDA,IEA",,,,,,"ISS,IBA,IEA",,,"ISS,IBA",,,,,"ISS,IBA,NAS,IEA",,,,,,,,,,,,,,,,,,,,,"ISS,IEA","IEA",,,,,,,,,,,,,,,,,,,,,,,,,,"IEA",,,,,,,,,,,,,,,,,,,,,,,,,,,,,,,,,,,,,"IEA",,,,,,,,,,,,,,,,,,,"IDA,IEA","IEA",,,
"GO:CC","neuron spine","GO:0044309","false","0.00002682670117487987","4.571432728357825","176","129","10","22097",,,,,,,,,"IDA,IEA",,,,,,"ISS,IBA,IEA",,,"ISS,IBA",,,,,"ISS,IBA,NAS,IEA",,,,,,,,,,,,,,,,,,,,,"ISS,IEA","IEA",,,,,,,,,,,,,,,,,,,,,,,,,,"IEA",,,,,,,,,,,,,,,,,,,,,,,,,,,,,,,,,,,,,"IEA",,,,,,,,,,,,,,,,,,,"IDA,IEA","IEA",,,
"GO:CC","postsynaptic density membrane","GO:0098839","false","0.000043173107387795984","4.364786691839313","101","129","8","22097",,"IEA",,,,,,,,,,,,,"IEA",,,"IBA",,,,,,,,,,,,,,,,,"IEA",,,,,,,,,,"IEA",,,,,,,,,,,,,,,,,,,,,,,,,,"IBA,IEA",,,,,,,,,,,,,,,"IEA",,,,,,,,,,,,,,,,,,,,"IBA",,,,,,,,,,,,,,,,,,,,,,,,,
"GO:CC","plasma membrane region","GO:0098590","false","0.00008772798651530046","4.056861838216146","1266","129","24","22097",,"IDA,ISS,IBA,IEA",,,,,,,,,,,,,"ISS,IBA,IEA","ISS,IBA,IEA",,"IBA,IEA",,,,,"ISS,IBA,IEA",,,,,,,,,"IEA",,,"IEA",,,,,"IBA,IEA",,,,"ISS,IEA","IEA",,,,,,"NAS,IEA",,"ISS","IDA,IEA",,,,,,,,,,,,,,,,,"IBA,IEA","IDA,IBA",,,,"ISS,IEA",,,,,,,"IEA",,,"IEA",,,,,,,,,,,"IDA,ISS,IEA",,,,"ISS",,,,,"IBA,IEA",,,,,,,,,,,"IEA",,,,,,,,,,"IEA",,,,"NAS"
"GO:CC","plasma membrane protein complex","GO:0098797","false","0.00030707295132149275","3.5127584369244906","718","129","17","22097","IPI,IBA",,,,,,,,,,,,,,"ISS,IBA,IEA","ISS,IBA,IEA",,"ISS,IBA",,,,"IMP,IBA","IDA,IPI,IBA,IEA",,,,,,,,"IDA,IBA,IEA",,,,"IDA,TAS",,,,,,,,,,,,"ISS",,,,,,,"IDA,NAS",,,,,"IDA,IBA,IEA",,,,,,"IBA,IEA",,,,,,,"IDA",,,,,,,,,,,"IDA,IBA",,,,,"IBA,IEA",,,,,,,,,,,,,"ISS",,,,,"IBA",,,,,,,,,,,,,,,,,,,,,,,,,
"GO:CC","neuron projection membrane","GO:0032589","false","0.00046683099074375223","3.33084032087378","61","129","6","22097",,,,,,,,,,,,,,,"ISS,IBA,IEA","IBA,IEA",,,,,,,,,,,,,,,,,,,,,,,,"IBA",,,,,"IEA",,,,,,"IEA",,,"IDA,IEA",,,,,,,,,,,,,,,,,,,,,,,,,,,,,,,,,,,,,,,,,,,,,,,,,,,,,,,,,,,,,,,,,,,,,,,,,,,,,
"GO:CC","cell body","GO:0044297","false","0.00177821721312028","2.750015190104995","565","129","14","22097",,,,,,,,,"IDA,IEA",,,,,,,"ISS,IBA,IEA",,"ISS",,,,,"ISS,IBA,IEA",,,,,,,,,,,,"IEA",,,,,,"IEA",,,,,,,"IEA",,,,,,"NAS,IEA",,,,,,,,,,,,,,,,,,,,,,"ISS,IEA",,,,,,,,,,,,"ISS,IBA",,,,,,,,,,,,,,,,,,"ISS",,,,,,"IEA",,,,,,,"IEA",,,,,,,,,"IEA",,,
"GO:CC","neuronal cell body","GO:0043025","false","0.002244991865712702","2.6487852282386033","498","129","13","22097",,,,,,,,,"IDA,IEA",,,,,,,"ISS,IBA,IEA",,"ISS",,,,,"ISS,IBA,IEA",,,,,,,,,,,,"IEA",,,,,,"IEA",,,,,,,"IEA",,,,,,"NAS,IEA",,,,,,,,,,,,,,,,,,,,,,"ISS,IEA",,,,,,,,,,,,"ISS,IBA",,,,,,,,,,,,,,,,,,"ISS",,,,,,,,,,,,,"IEA",,,,,,,,,"IEA",,,
"GO:CC","membrane protein complex","GO:0098796","false","0.006044003131072871","2.2186753193483466","1401","129","22","22097","IPI,IBA",,,,,,,,,,,,,,"ISS,IBA,IEA","ISS,IBA,IEA",,"ISS,IBA",,,,"IDA,IMP,IBA,IEA","IDA,IPI,IBA,IEA",,,,,,,,"IDA,IBA,IEA",,,,"IDA,TAS,IEA",,,,,"IEA",,,,,,,"ISS","IBA,TAS,IEA",,,"IDA",,,"IDA,NAS",,,,,"IDA,IBA,IEA",,,,,,"IBA,IEA",,,,,,,"IDA,IEA",,,,,,,,,,,"IDA,IBA,IEA",,,,,"IBA,IEA",,,,,,,,,,,,,"ISS",,,,"IDA,IBA,IEA","IBA",,,,,,,,,"IEA",,,,,,,,,,,,,,,,
"GO:CC","Schaffer collateral - CA1 synapse","GO:0098685","false","0.007420433372801808","2.1295707300416864","98","129","6","22097",,,,,,,,,,,,,,,,,,,,,,,,,,,,,,,,,,,,,,,,,,,,,,,,"IEA",,,,,,,,,,,,,,,,,,,,,,,"IEA",,,,,"IEA",,,,,,,,,,,,,,,,,,,,,,,,,,,,,,,,,,,"IEA",,,,"IEA",,"IEA",,,,,,,,,,,,,,
"GO:CC","perikaryon","GO:0043204","false","0.010622760170271146","1.9737626234646721","154","129","7","22097",,,,,,,,,,,,,,,,"ISS,IEA",,,,,,,"IEA",,,,,,,,,,,,"IEA",,,,,,"IEA",,,,,,,"IEA",,,,,,"NAS",,,,,,,,,,,,,,,,,,,,,,,,,,,,,,,,,,,,,,,,,,,,,,,,,,,,"ISS",,,,,,,,,,,,,,,,,,,,,,,,,
"GO:CC","distal axon","GO:0150034","false","0.012175933220033276","1.9144977424928997","279","129","9","22097",,,,,,,,,"IDA",,,,,,,"IBA,IEA","ISS,IEA",,,,,,,,,,,,,,,,,,,,,,,,,,,"ISS,IEA","IEA",,,"IBA,IEA",,,,,"ISS",,,,,,,,,,,,,,,,,,,,,,,,,,,,,,,,,,,,,,,,,,,,,,,,,,,,,"ISS",,,,,,,,,,,,"IEA",,,,,,,,,,,,,
"GO:CC","cell leading edge","GO:0031252","true","0.01321892526118627","1.8788038528768536","427","129","11","22097",,,,,,,,,,,,,,,"ISS,IBA,IEA","IBA,IEA",,,,,,,,,,"IDA",,,,,,,,,,,,,,"IBA",,,,,"IEA",,,,,,"IEA",,,"IDA,IEA",,,,,,,"ISS,IEA",,,,,,,,,,,,,,,,,"IDA,IEA",,,,,,,,,,,,,,,,,,,,,,,,,,,,,,,,,,"IDA,IEA",,,,,,,,,,,"IEA",,,,,,,,
"GO:CC","main axon","GO:0044304","false","0.016231548709121267","1.7896400406335924","69","129","5","22097",,,,,,,,,,,,,,,,"IEA",,,,,,"IBA",,,,,,,,,,,,,,,,,,,,,,,,,,,,,"IEA",,,"IDA,ISS,IEA",,,,,,,,,,,,,,,,,,,,,,,,,,,,,,,,,,,,,,,,,,,,,,,,,,,,,,,,,,,,,,,,,,,"IBA",,,,,,,,,,
"GO:CC","dendrite membrane","GO:0032590","false","0.0267340941184408","1.5729345273305315","40","129","4","22097",,,,,,,,,,,,,,,"ISS,IBA,IEA","IBA",,,,,,,,,,,,,,,,,,,,,,,,"IBA",,,,,"IEA",,,,,,,,,,,,,,,,,,,,,,,,,,,,,,,,,,,,,,,,,,,,,,,,,,,,,,,,,,,,,,,,,,,,,,,,,,,,,,,,,,,,,,
"GO:CC","ionotropic glutamate receptor complex","GO:0008328","false","0.02949092878387045","1.5303115496130721","41","129","4","22097",,,,,,,,,,,,,,,"ISS,IBA,IEA",,,"ISS,IBA",,,,,,,,,,,,,,,,,,,,,,,,,,,,,,,,,,,,,,,,,,,,,,,"IBA,IEA",,,,,,,,,,,,,,,,,,,,,,,,,,,,,,,,,,,,,,,,,"IBA",,,,,,,,,,,,,,,,,,,,,,,,,
"GO:CC","axolemma","GO:0030673","false","0.031976515968868635","1.4951688569726016","16","129","3","22097",,,,,,,,,,,,,,,,"IEA",,,,,,,,,,,,,,,,,,,,,,,,,,,,,,,,,,,"IEA",,,"IDA,IEA",,,,,,,,,,,,,,,,,,,,,,,,,,,,,,,,,,,,,,,,,,,,,,,,,,,,,,,,,,,,,,,,,,,,,,,,,,,,,
"GO:CC","presynaptic active zone","GO:0048786","false","0.032987118973628056","1.4816556131752736","80","129","5","22097",,,,,,,,,,,,,,,,,,,,,,,,,,,,,,,,,,,,,,,,,,,,,,,,,,,,,"IBA,TAS,IEA",,,,,,,,,,,,,,,,,,,,,,,"ISS,IEA",,,,,,,"IEA",,,,,,,,,,,,,,,,,,,,,,,,,,,,,,,,,,,,,,,,,,,"IDA,IMP,IEP","IBA,TAS",,,,
"GO:CC","GABA-ergic synapse","GO:0098982","false","0.041580848507965104","1.381106652605146","84","129","5","22097",,"IEA",,,,,,,,,,,,,,"IEA",,,,,,,"IEA",,,,,,,,,,,,,,,,,"IEA",,,,,,,,,,,,,"IEA",,,,,,,,,,,,,,,,,,,,,,,,,,,,,,,,,,,,,,,,,,,,,,,,,,,,,,,,,,,,,,,,,,,,,,,,,,,,,,
"GO:CC","neurotransmitter receptor complex","GO:0098878","false","0.046461886750774686","1.3329031580998707","46","129","4","22097",,,,,,,,,,,,,,,"ISS,IBA,IEA",,,"ISS,IBA",,,,,,,,,,,,,,,,,,,,,,,,,,,,,,,,,,,,,,,,,,,,,,,"IBA,IEA",,,,,,,,,,,,,,,,,,,,,,,,,,,,,,,,,,,,,,,,,"IBA",,,,,,,,,,,,,,,,,,,,,,,,,
"KEGG","Glutamatergic synapse","KEGG:04724","false","0.00015124730244519437","3.820312362418396","115","63","8","8484",,,,,,,,,,,,,,,,,,"KEGG",,,,,,,,,,,,,,,,,,,,,,,,,,,,,"KEGG",,,,,,,,,,,,,,,,,,,,,,,,"KEGG",,,,,"KEGG",,,"KEGG",,,,,,,,,"KEGG",,,,,,,,,,,,,,,,,,"KEGG",,,,,"KEGG",,,,,,,,,,,,,,,,,,,,
"KEGG","Circadian entrainment","KEGG:04713","false","0.006253441248765937","2.2038809260061747","97","63","6","8484",,,,,,,,"KEGG",,,,,,,,,,"KEGG",,,,,,,,,,,,,,,,,,,,,,,,,,,,,"KEGG",,,,,,,,,,,,,,,,,,,,,,,,,,,,,"KEGG",,,,,,,,,,,,,,,,,,,,,,,,,,,,,"KEGG",,,,,,"KEGG",,,,,,,,,,,,,,,,,,,,
"KEGG","Calcium signaling pathway","KEGG:04020","false","0.00717548381252863","2.1441488109664237","251","63","9","8484",,"KEGG",,,,,,,,,,,,,,,,,,,,,,,,,,,,,,,,,,,,,,,,,,,,,"KEGG",,,,,,,,,,,,,,,,,,,,,,,,"KEGG",,,"KEGG",,"KEGG",,"KEGG",,,,,,,,,,"KEGG",,,,,,,,,,,,,,,,,"KEGG",,,,,,"KEGG",,,,,,,,,,,,,,,,,,,,
"KEGG","Retrograde endocannabinoid signaling","KEGG:04723","false","0.008486830402791419","2.0712544764928147","148","63","7","8484",,,,,,,,,,,,,,,,,,"KEGG",,,,,,,,,,,,,,,,,,,,,,"KEGG",,,,,,,"KEGG",,,,,,,,,,,,,,,,,,,,,,,,"KEGG",,,,,"KEGG",,,,,,,,,,,,"KEGG",,,,,,,,,,,,,,,,,,,,,,,"KEGG",,,,,,,,,,,,,,,,,,,,
"KEGG","Parathyroid hormone synthesis, secretion and action","KEGG:04928","false","0.009725349536358606","2.0120947808522494","105","63","6","8484",,,,,,,,,,,,,,,,,,,,,,,,,,,,,,,,,,,,,,"KEGG",,,,,,,,,"KEGG",,,,,,,,,,,,,,,,,,,,,,,,,,,,,"KEGG",,,,,"KEGG",,,,,,,,,,,,"KEGG",,,,,,,,,,,,,,,,,,"KEGG",,,,,,,,,,,,,,,,,,,,
"KEGG","Long-term potentiation","KEGG:04720","false","0.01060812914599823","1.9743612016982595","67","63","5","8484",,,,,,,,,,,,,,,,,,,,,,,,,,,,"KEGG",,,,,,,,,,,,,,,,,,,"KEGG",,,,,,,,,,,,,,,,,,,,,,,,"KEGG",,,,,"KEGG",,,,,,,,,,,,,,,,,,,,,,,,,,,,,,,,,,,"KEGG",,,,,,,,,,,,,,,,,,,,
"KEGG","Oxytocin signaling pathway","KEGG:04921","false","0.010887248042482211","1.9630818825032983","154","63","7","8484",,,,,,,,,,,,,,,,,,,,,,,,,,,,,,,"KEGG",,,,,,,,,,,,,,,,"KEGG",,,,,,,,,,,,,,,,,,,,,,,,,,,"KEGG",,"KEGG",,,,,"KEGG",,,,,,,,,,,,,,,,,,,,,,,,"KEGG",,,,,,"KEGG",,,,,,,,,,,,,,,,,,,,
"KEGG","Gap junction","KEGG:04540","false","0.0381873601694514","1.4180803626653335","88","63","5","8484",,,,,,,,"KEGG",,,,,,,,,,,,,,,,,,,,,,,,,,,,,,,,,,,,,,,"KEGG",,,,,,,,,,,,,,,,,,,,,,,,"KEGG",,,,,"KEGG",,,,,,,,,,,,,,,,,,,,,,,,,,,,,,,,,,,"KEGG",,,,,,,,,,,,,,,,,,,,
"KEGG","GABAergic synapse","KEGG:04727","false","0.04023118871653991","1.395437135079575","89","63","5","8484",,,,,,,,,,,,,,,,,,,,,,,,,,,,,,,,,,,,,,,,"KEGG",,,,,,,"KEGG",,,,,,,,,,,,,,,,,,,,,,,,,,,,,"KEGG",,,,,,,,,,,,"KEGG",,,,,,,,,,,,,,,,,,,,,,,,,"KEGG",,,,,,,,,,,,,,,,,,
"KEGG","Salivary secretion","KEGG:04970","false","0.044565115994728136","1.351004958751228","91","63","5","8484",,,,,,,,"KEGG",,,,,,,,,,,,,,,,,,,,,,,,,,,,,,,,,,,,,,,"KEGG",,,,,,,,,,,,,,,,,,,,,,,,,"KEGG",,,,"KEGG",,,,,,,,,,,,,,,,,,,,,,,,,,,,,,,,,,,"KEGG",,,,,,,,,,,,,,,,,,,,
"REAC","Neuronal System","REAC:R-HSA-112316","false","1.0451541528475032e-13","12.98081964946332","400","78","24","10842",,,,,,,,,,,,,,,,"REAC",,"REAC",,,,"REAC","REAC",,,,,"REAC",,,"REAC","REAC",,"REAC","REAC",,,,,"REAC",,,,,,,"REAC","REAC",,,,,,,,,,,"REAC",,,,,,,,,,,,"REAC","REAC",,,,"REAC",,,"REAC",,,,"REAC",,,,,"REAC",,,,,,,,,,,,,,,,,,"REAC",,,,,,,,,"REAC",,"REAC",,,,,,,,,,"REAC",,,,"REAC"
"REAC","Transmission across Chemical Synapses","REAC:R-HSA-112315","false","0.0001156304509036238","3.9369277808123377","259","78","12","10842",,,,,,,,,,,,,,,,,,"REAC",,,,,,,,,,"REAC",,,"REAC",,,"REAC",,,,,,"REAC",,,,,,,"REAC","REAC",,,,,,,,,,,,,,,,,,,,,,,,,,,,"REAC",,,,,,,,,,,,"REAC",,,,,,,,,,,,,,,,,,"REAC",,,,,,,,,"REAC",,,,,,,,,,,,"REAC",,,,
"REAC","Protein-protein interactions at synapses","REAC:R-HSA-6794362","false","0.0010423548883170901","2.981984392555356","86","78","7","10842",,,,,,,,,,,,,,,,,,"REAC",,,,,,,,,,,,,,"REAC",,,,,,,,,,,,,,,,,,,,,,,,,,,,,,,,,,,,,,,"REAC",,,,,,,,"REAC",,,,,,,,,,,,,,,,,,,,,,,,,,,,,,,,,,,,,,"REAC",,,,,,,,,,"REAC",,,,"REAC"
"REAC","Potassium Channels","REAC:R-HSA-1296071","false","0.003486139658594723","2.457655218562196","103","78","7","10842",,,,,,,,,,,,,,,,"REAC",,,,,,"REAC","REAC",,,,,,,,,,,,"REAC",,,,,,,,,,,,,,,,,,,,,,,,"REAC",,,,,,,,,,,,,"REAC",,,,,,,,,,,"REAC",,,,,,,,,,,,,,,,,,,,,,,,,,,,,,,,,,,,,,,,,,,,,,,,
"REAC","Heparan sulfate/heparin (HS-GAG) metabolism","REAC:R-HSA-1638091","false","0.01792826993737961","1.746461617459616","55","78","5","10842",,,,,,,"REAC",,,,,,,,,,,,,,,,,,,,,,,,,,"REAC",,,,,,,,,,,,,,,,,"REAC",,,,,,,,,,,,,,,,,,,,,,,,,,,,,,,,,,,,,,,,,"REAC",,,,,,,,,,,,,,,,,,,,,,,"REAC",,,,,,,,,,,,,,,,,
"REAC","HS-GAG biosynthesis","REAC:R-HSA-2022928","false","0.027135819682378447","1.5664570553022208","31","78","4","10842",,,,,,,"REAC",,,,,,,,,,,,,,,,,,,,,,,,,,"REAC",,,,,,,,,,,,,,,,,"REAC",,,,,,,,,,,,,,,,,,,,,,,,,,,,,,,,,,,,,,,,,,,,,,,,,,,,,,,,,,,,,,,,"REAC",,,,,,,,,,,,,,,,,
"TF","Factor: Miz-1; motif: NNRGGWGGGGGAGGGGMRR","TF:M10112","false","0.0003486582589554034","3.4576000428460536","8762","131","87","20045","TF","TF",,"TF","TF",,,"TF",,,,,"TF",,"TF","TF","TF",,"TF",,,"TF","TF","TF","TF",,"TF","TF","TF","TF","TF",,,,,"TF",,"TF","TF","TF",,"TF","TF","TF","TF","TF",,"TF","TF","TF","TF","TF","TF","TF",,"TF",,,,,"TF",,"TF",,"TF",,"TF","TF","TF","TF","TF","TF","TF","TF","TF","TF","TF",,"TF","TF","TF","TF",,"TF","TF",,,"TF","TF","TF","TF","TF","TF","TF","TF",,,"TF","TF",,,"TF","TF","TF",,"TF",,"TF","TF",,,"TF",,,"TF","TF",,"TF",,"TF","TF","TF","TF","TF","TF","TF","TF",,"TF","TF","TF"
"TF","Factor: WT1; motif: RGGNGGGGGAGGRGGNGGRG","TF:M10108","false","0.001000373302733348","2.9998379069358374","6724","131","72","20045","TF","TF",,"TF","TF",,"TF",,"TF",,,,"TF",,"TF",,"TF",,"TF",,,,"TF",,,,"TF","TF",,,,,"TF",,,"TF",,"TF",,"TF","TF","TF","TF","TF",,"TF","TF","TF",,,"TF","TF","TF","TF",,"TF",,,"TF",,"TF",,"TF",,,,"TF","TF","TF","TF","TF","TF","TF","TF","TF",,"TF",,,"TF","TF","TF",,"TF","TF",,,"TF",,"TF","TF","TF","TF",,,,"TF",,"TF",,,"TF","TF","TF","TF",,,"TF","TF",,"TF","TF",,,"TF",,,"TF",,"TF","TF","TF",,"TF",,"TF","TF","TF",,"TF",
"TF","Factor: FPM315; motif: GGAGGAGGRRGRGGRGGRRGR","TF:M07141","false","0.001506528032279114","2.822022782908069","2227","131","35","20045",,,,,,,,,,,,,,,"TF",,,,,,,,"TF",,,,"TF",,,,"TF",,,,,,,"TF",,,,,,,,"TF","TF",,,,,,"TF","TF",,"TF",,,,,"TF",,,,"TF",,"TF","TF","TF",,,"TF",,"TF",,,"TF",,,,,"TF",,"TF",,,,"TF",,,"TF",,"TF",,,,,,,,,"TF","TF","TF",,,,,"TF",,"TF","TF",,,,"TF",,"TF",,,,,"TF",,,,"TF","TF",,"TF",
"TF","Factor: WT1; motif: RGGNGGGGGAGGRGGNGGRG; match class: 1","TF:M10108_1","false","0.003193720021152986","2.495703159142406","2954","131","41","20045","TF",,,"TF",,,,,"TF",,,,"TF",,"TF",,"TF",,"TF",,,,,,,,"TF","TF",,,,,,,,,,"TF",,,,"TF",,,,"TF","TF","TF",,,"TF",,"TF","TF",,,,,"TF",,"TF",,,,,,"TF",,"TF",,,"TF",,"TF",,,"TF",,,,,,,"TF",,,,"TF",,"TF","TF",,"TF",,,,"TF",,"TF",,,"TF","TF",,,,,,"TF",,"TF","TF",,,,,,"TF",,"TF",,"TF",,,,,"TF",,,"TF",
"TF","Factor: ZF5; motif: NGAGCGCGC","TF:M10111","false","0.0032812562396413725","2.4839598533941993","2734","131","39","20045","TF",,,,"TF",,"TF",,,,,,"TF",,"TF",,,"TF",,,,,,"TF",,,,,,,,,,,,"TF",,,,,"TF","TF",,"TF",,"TF",,"TF",,"TF",,"TF","TF","TF",,,,"TF",,,,,,"TF","TF",,"TF",,,,,,,"TF",,,"TF",,,"TF",,,,,,,,,,"TF",,,"TF","TF",,,"TF",,"TF",,,"TF","TF",,,"TF",,"TF",,,,,,,,"TF",,,,"TF",,,,,,"TF","TF",,"TF","TF",
"TF","Factor: DB1; motif: GGRRRRGRRGGAGGGGGNGRRR; match class: 1","TF:M10107_1","false","0.004321892659437287","2.3643260236612393","2764","131","39","20045","TF",,,,"TF",,,,,,,,"TF",,"TF",,,,"TF",,,,,,,,,"TF",,,,,,,,,,"TF",,,,,"TF",,,"TF","TF","TF",,,"TF",,,"TF",,,,,"TF",,"TF",,,,,,"TF",,,,,"TF",,"TF",,,"TF",,,,"TF",,,"TF",,,,"TF","TF","TF","TF",,"TF",,,,,,"TF",,,"TF","TF","TF",,,,,"TF",,"TF","TF",,,,"TF",,"TF",,,,"TF","TF",,,"TF","TF",,,,
"TF","Factor: ETF; motif: GVGGMGG; match class: 1","TF:M00695_1","false","0.004461630768380787","2.350506373516514","7249","131","74","20045","TF",,"TF","TF","TF",,"TF","TF","TF",,"TF",,"TF",,"TF",,"TF",,"TF",,,,"TF","TF",,"TF","TF","TF",,"TF",,,"TF","TF",,,,"TF",,"TF","TF",,,,"TF",,"TF","TF",,,"TF",,,"TF",,"TF","TF",,,,,,,"TF","TF",,"TF","TF",,,"TF","TF",,"TF","TF","TF","TF","TF","TF","TF",,"TF","TF","TF","TF",,,"TF",,"TF","TF",,"TF",,"TF",,,,"TF",,"TF","TF","TF",,"TF","TF","TF",,"TF","TF",,"TF","TF","TF","TF",,,,,"TF",,"TF","TF","TF",,"TF","TF","TF","TF","TF",
"TF","Factor: ZXDL; motif: GSGSCNNGGGMRGCNCCGGGS; match class: 1","TF:M12722_1","false","0.00589302941941187","2.2296613907975464","6868","131","71","20045","TF",,"TF","TF","TF",,"TF","TF","TF",,,,"TF",,"TF",,"TF",,"TF",,,,,"TF",,"TF","TF","TF",,"TF",,,"TF","TF",,,,"TF",,"TF","TF",,,,"TF",,"TF","TF",,"TF","TF",,"TF","TF",,"TF","TF",,,,,"TF",,,"TF",,"TF","TF",,,,"TF","TF","TF","TF","TF","TF","TF","TF","TF",,"TF","TF","TF",,,,"TF",,,"TF",,"TF",,"TF",,,,"TF",,"TF","TF","TF",,"TF","TF","TF","TF","TF","TF",,"TF","TF",,"TF","TF",,,,"TF",,,"TF","TF",,"TF","TF",,"TF","TF",
"TF","Factor: ZNF93; motif: GGYAGCRGCAGCGGYG","TF:M12742","false","0.00856875724612342","2.067082160607467","2618","131","37","20045",,,"TF",,,,"TF","TF","TF",,,,,,,,"TF",,,,,,,,,,"TF",,,,,,"TF",,,,,"TF",,,"TF",,,,,,"TF",,,,"TF",,,"TF",,,,,,,,,,,,,"TF","TF",,,,"TF",,"TF",,"TF","TF",,,,,"TF","TF","TF",,,,"TF",,,"TF",,"TF",,"TF",,,,"TF",,,"TF","TF",,,,"TF",,,"TF",,,"TF",,"TF","TF",,,,"TF",,,,,,"TF",,,"TF","TF",
"TF","Factor: HIC1; motif: NSNNNNTGCCCSSNN","TF:M01072","false","0.009894021983118959","2.0046271290297866","4286","131","51","20045","TF","TF",,"TF","TF",,"TF",,,,"TF",,,,"TF",,,,"TF",,"TF",,,"TF",,"TF","TF",,,,,,"TF",,"TF",,,"TF",,"TF",,,,,,,"TF",,,,"TF",,"TF","TF",,,"TF",,,,,,,,"TF",,"TF",,,"TF",,"TF",,,"TF","TF","TF",,"TF",,,,"TF",,,,,"TF",,,,,"TF",,"TF",,"TF",,"TF",,"TF","TF","TF","TF","TF","TF","TF",,"TF","TF","TF","TF","TF","TF",,,,,,"TF",,,,,,"TF",,,"TF",,
"TF","Factor: Egr-1; motif: NGCGTGCGY; match class: 1","TF:M04950_1","false","0.010464185999923875","1.9802945494075515","5721","131","62","20045","TF","TF",,"TF","TF","TF",,"TF",,,"TF",,,,"TF",,"TF","TF","TF",,,"TF","TF","TF",,,"TF","TF","TF","TF",,,,"TF",,,,"TF",,,,"TF","TF","TF",,,"TF","TF",,"TF","TF","TF",,"TF",,,,,,,"TF",,,,,,,"TF","TF","TF",,"TF","TF","TF",,,"TF",,"TF",,,,"TF","TF",,,,,"TF","TF","TF",,,,"TF",,,,"TF",,,"TF",,,"TF","TF","TF",,"TF","TF","TF",,,,"TF","TF","TF",,,,,,"TF","TF",,,"TF","TF","TF","TF","TF"
"TF","Factor: DB1; motif: GGRRRRGRRGGAGGGGGNGRRR","TF:M10107","false","0.011997230444324616","1.920918999083185","6014","131","64","20045","TF",,,,"TF",,,,,,,,"TF",,"TF","TF","TF",,"TF",,,,,,"TF","TF","TF","TF",,,"TF",,,,,"TF",,"TF",,,,"TF","TF","TF",,"TF","TF","TF",,,"TF","TF","TF","TF",,"TF",,,"TF",,"TF",,"TF",,"TF",,"TF","TF",,,,"TF",,"TF",,"TF","TF",,"TF",,"TF","TF",,"TF",,,,"TF","TF","TF","TF",,"TF",,,,"TF",,"TF",,,"TF","TF","TF",,"TF",,,"TF",,"TF","TF",,"TF","TF","TF",,"TF",,,,"TF","TF",,"TF","TF","TF","TF",,"TF",
"TF","Factor: ZNF93; motif: GGYAGCRGCAGCGGYG; match class: 1","TF:M12742_1","false","0.014653088578389841","1.8340708250589135","1335","131","24","20045",,,"TF",,,,"TF","TF",,,,,,,,,,,,,,,,,,,,,,,,,"TF",,,,,"TF",,,"TF",,,,,,"TF",,,,,,,"TF",,,,,,,,,,,,,"TF","TF",,,,"TF",,,,"TF",,,,,,,"TF","TF",,,,"TF",,,,,"TF",,"TF",,,,"TF",,,"TF",,,,,,,,,,,"TF",,"TF",,,,,,,,,,,"TF",,,"TF","TF",
"TF","Factor: FPM315; motif: GGAGGAGGRRGRGGRGGRRGR; match class: 1","TF:M07141_1","false","0.01989191510703039","1.7013234028797344","909","131","19","20045",,,,,,,,,,,,,,,,,,,,,,,,,,,"TF",,,,,,,,,,,"TF",,,,,,,,"TF",,,,,,,,"TF",,"TF",,,,,"TF",,,,,,"TF",,,,,"TF",,"TF",,,"TF",,,,,,,"TF",,,,"TF",,,"TF",,"TF",,,,,,,,,"TF",,,,,,,"TF",,"TF",,,,,,,,,,,,"TF",,,,,"TF",,,
"TF","Factor: ZBTB14; motif: SSCCGCGCACNS; match class: 1","TF:M12461_1","false","0.023201799683197463","1.634478327084603","522","131","14","20045",,,,,,,,,,,,,"TF",,,,,,"TF",,,,,,,,,,,,,,,"TF",,,,,,,,,,"TF",,,,,,,,,,,,,"TF","TF",,,,,,,,,,,,,,,,,,,"TF",,,,,,,,,,,,,,,,,,,,,,"TF",,"TF",,,,,"TF","TF",,"TF",,,,,,"TF",,,,,,,,,"TF",,,,,,,
"TF","Factor: WT1; motif: NNGGGNGGGSGN","TF:M07436","false","0.027320564785185596","1.5635103269321509","6709","131","68","20045","TF","TF",,"TF","TF",,,"TF","TF",,,,"TF",,"TF","TF","TF",,,,,,"TF",,"TF","TF","TF","TF",,"TF",,,,,,"TF",,,"TF","TF",,"TF",,,"TF",,"TF","TF",,,"TF","TF","TF",,,"TF",,,,,"TF",,"TF","TF","TF",,"TF","TF","TF","TF",,"TF","TF","TF","TF","TF",,,,"TF",,"TF","TF","TF","TF",,,,"TF","TF","TF","TF","TF","TF","TF",,,"TF","TF",,"TF","TF",,,"TF","TF",,"TF","TF","TF","TF",,,,,,,,,,,"TF","TF",,,"TF",,,"TF","TF","TF"
"TF","Factor: WT1; motif: SMCNCCNSC","TF:M01118","false","0.03366775759256454","1.4727858083997445","7030","131","70","20045","TF","TF",,"TF","TF",,,"TF","TF",,,,"TF",,"TF",,"TF",,"TF",,,"TF","TF","TF","TF",,,"TF","TF","TF","TF","TF",,,,"TF",,,,"TF","TF","TF",,"TF","TF","TF","TF","TF",,,"TF",,"TF","TF",,"TF",,,,,,,"TF",,"TF",,"TF",,"TF",,"TF","TF","TF","TF","TF",,,"TF","TF","TF","TF","TF",,"TF",,,,"TF",,"TF",,"TF","TF","TF","TF",,,,,,"TF","TF","TF","TF",,,"TF","TF","TF",,"TF",,,,,,,,"TF","TF",,"TF","TF",,,"TF","TF",,"TF","TF","TF"
"TF","Factor: RNF96; motif: BCCCGCRGCC; match class: 1","TF:M01199_1","false","0.03717016718466507","1.4298054855221323","4481","131","51","20045",,"TF",,"TF","TF",,"TF","TF","TF",,,,,,,"TF",,,"TF",,,,"TF","TF",,"TF","TF",,,"TF",,,,,,,,"TF",,"TF",,,,,"TF",,"TF","TF",,,"TF",,,,,,"TF",,,,,"TF",,,,,"TF",,,,,"TF","TF","TF","TF",,,"TF","TF","TF",,"TF","TF","TF",,,,,,"TF","TF",,,,,,,,"TF",,,,"TF",,"TF","TF","TF","TF","TF","TF",,"TF",,,,,,"TF",,"TF",,,"TF","TF",,"TF","TF",,"TF","TF",
"TF","Factor: ZNF138; motif: GCAGCRSCNSGSNCMGSGCS; match class: 1","TF:M13144_1","false","0.04655301717694389","1.3320521664370102","5699","131","60","20045","TF","TF","TF","TF","TF",,"TF","TF","TF",,,,,,,,"TF",,"TF",,,,,"TF",,"TF","TF","TF",,,,,,"TF",,,,,,"TF","TF",,,"TF","TF",,"TF",,,"TF","TF",,"TF","TF","TF","TF","TF",,,,,"TF",,,"TF",,"TF",,,,"TF","TF",,"TF",,,"TF","TF",,"TF",,"TF","TF",,,,,"TF","TF",,"TF",,"TF",,"TF",,,,,,,,"TF",,"TF","TF","TF","TF","TF","TF",,"TF",,,"TF","TF",,"TF",,"TF",,,,"TF",,"TF",,"TF","TF","TF",
"CORUM","Kv4.2-DPP10 channel complex","CORUM:595","false","0.016715749058717595","1.7768741572240483","2","18","2","3383","CORUM",,,,,,,,,,,,,,,,,,,,,,"CORUM",,,,,,,,,,,,,,,,,,,,,,,,,,,,,,,,,,,,,,,,,,,,,,,,,,,,,,,,,,,,,,,,,,,,,,,,,,,,,,,,,,,,,,,,,,,,,,,,,,,,,,,,,,,,
"HP","Autosomal dominant inheritance","HP:0000006","false","0.014585462474848643","1.8360797957441355","1929","45","32","4958",,"HP",,,,,,"HP",,,,,,,,"HP",,"HP",,"HP",,,,,"HP",,,,,,"HP",,,,"HP",,,,"HP",,,,,,,,,"HP","HP",,"HP",,,,,"HP",,,,,,,,,,,"HP",,,,,"HP",,,,,,,,"HP","HP",,"HP",,,,,"HP","HP",,,,"HP","HP",,"HP",,,"HP",,,,,,"HP",,,,,"HP","HP",,,,"HP",,,,"HP",,,,"HP",,,"HP",,,,"HP",
"HP","Generalized hypertrichosis","HP:0004554","false","0.04988961557196216","1.3019898425354377","8","45","3","4958",,,,,,,,,,,,,,,,,,,,,,,,,,,,,,,,,,,"HP",,,,,,,,,,,,,,"HP",,,,,,,,,,,,,,,,,,,,,,,"HP",,,,,,,,,,,,,,,,,,,,,,,,,,,,,,,,,,,,,,,,,,,,,,,,,,,,,,,,,,,
