"source","term_name","term_id","highlighted","adjusted_p_value","negative_log10_of_adjusted_p_value","term_size","query_size","intersection_size","effective_domain_size","SEMA3E","MCC","ADAMTSL1","RYR3","DLC1","ZFHX3","TENM1","SDK2","ITGA8","EEPD1","SEMA5A","TLE4","BCL11B","HS3ST4","SRGAP1","KIAA1217","WLS","COL24A1","TRPM3","DSCAML1","GRIK3","VAT1L","ASAP2","TMEFF2","GRM4","MCTP1","SLC8A1","LRP8","MDGA2","CNTNAP4","MEIS2","NFIA","CEMIP2","LRP1B","B3GLCT","GRIK4","SEMA3A","NRP1","SFMBT2","SYNPR","AFF3","ASIC2","GARNL3","RPH3A","GNAL","DPP10","FOXP2","SORCS3","ZNF385D","CSMD1","UST","MARK4","RXFP1","ST6GAL2","SEMA5B","CLSTN2","TEAD1","NOS1AP","CAMK2G","GAS7","SLC35F1","DIP2A","AFDN","JAM3","PDS5B","DGKG","SEC24D","ERC1","KCNMB4","SLC24A2","RALYL","PTPRG","ARHGAP22","PDE4B","TRMT9B","FRMPD4","PACRG","LUZP2","SSBP3","GRK3","EPHA5","PLCB4","SEZ6L","HS3ST2","PDZRN4","STARD13","DDAH1","GRIP1","CPNE8","RIMS2","TMEM163","CPE","ZFPM2","XKR4","AK5","MAP3K5","PCLO","TNIK","NFIB","PEX5L","SLIT1","SLC39A11","SYNJ2","ZNF385B","PDE1A","TENM3","DOCK4","GRM8","NRG1","LARGE1","KHDRBS3","PCDH7","ITPR2","ASTN2","EPB41L2","ROBO2","SGCZ","POU6F2","ROBO1","SLIT3","KCNH7"
"GO:MF","chemorepellent activity","GO:0045499","true","0.0002783006813976358","3.5554857303282965","28","119","5","20212","IBA",,,,,,,,,,"IBA",,,,,,,,,,,,,,,,,,,,,,,,,,"IBA,TAS",,,,,,,,,,,,,,,,,,"IBA",,,,,,,,,,,,,,,,,,,,,,,,,,,,,,,,,,,,,,,,,,,,,,,,,,,,,,"IBA",,,,,,,,,,,,
"GO:MF","calcium ion binding","GO:0005509","true","0.0005912369247536819","3.22823845060105","726","119","17","20212",,"IEA",,"IEA",,,,,,,,,,,,,,,,,,,,,,"IDA,IBA","ISS","IEA",,,,,"IDA","IEA",,,,,,,,,,"ISS",,,,,,,,,,,,"IEA",,,,,,,,,,"IEA",,,,,,,,,,,,,,,,"IEA",,,,,,,,,,,,,,,"ISS",,,,"NAS,IEA",,,,,,,,,,,"IEA","IBA","IDA",,,,,,"NAS,IEA",
"GO:MF","semaphorin receptor binding","GO:0030215","true","0.004502820976493303","2.34651531940763","23","119","4","20212","IPI,IBA,IEA",,,,,,,,,,"ISS,IBA,IEA",,,,,,,,,,,,,,,,,,,,,,,,,,"IBA,IEA",,,,,,,,,,,,,,,,,,"IBA,IEA",,,,,,,,,,,,,,,,,,,,,,,,,,,,,,,,,,,,,,,,,,,,,,,,,,,,,,,,,,,,,,,,,,
"GO:MF","ligand-gated monoatomic cation channel activity","GO:0099094","true","0.00705732832663157","2.15135967750317","134","119","7","20212",,,,"IMP,ISS,IBA,TAS,IEA",,,,,,,,,,,,,,,,,"IDA,IBA",,,,,,,,,,,,,,,"IBA,TAS",,,,,,"IBA,TAS,IEA",,,,,,,,,,,,,,,,,,,,,,,,,,,"IDA,IBA,IEA",,,,,,,,,,,,,,,,,,,,,,,,,,,,,,,,,,,,,,,,,,,,"ISS,IBA,TAS,IEA",,,,,,,,"IBA,IEA"
"GO:MF","adenylate cyclase inhibiting G protein-coupled glutamate receptor activity","GO:0001640","true","0.007907303952095884","2.101971566858135","9","119","3","20212",,,,,,,,,,,,,,,,,,,,,"IDA",,,,"IBA",,,,,,,,,,,,,,,,,,,,,,,,,,,,,,,,,,,,,,,,,,,,,,,,,,,,,,,,,,,,,,,,,,,,,,,,,,,,,,,,,,,"IBA",,,,,,,,,,,,,
"GO:MF","G protein-coupled glutamate receptor activity","GO:0098988","false","0.007907303952095884","2.101971566858135","9","119","3","20212",,,,,,,,,,,,,,,,,,,,,"IDA",,,,"IBA",,,,,,,,,,,,,,,,,,,,,,,,,,,,,,,,,,,,,,,,,,,,,,,,,,,,,,,,,,,,,,,,,,,,,,,,,,,,,,,,,,,"IBA",,,,,,,,,,,,,
"GO:MF","glutamate receptor activity","GO:0008066","false","0.008763368946586633","2.0573289036903675","27","119","4","20212",,,,,,,,,,,,,,,,,,,,,"IDA,ISS,IBA,TAS,IEA",,,,"IMP,IBA,IEA",,,,,,,,,,,"IBA,TAS,IEA",,,,,,,,,,,,,,,,,,,,,,,,,,,,,,,,,,,,,,,,,,,,,,,,,,,,,,,,,,,,,,,,,,,,,,,,"IMP,IBA,IEA",,,,,,,,,,,,,
"GO:MF","metal ion transmembrane transporter activity","GO:0046873","true","0.03155421292232261","1.5009426482496318","445","119","11","20212",,,,"IMP,ISS,IBA,TAS,IEA",,,,,,,,,,,,,,,"IDA,TAS,IEA",,"IDA,IBA",,,,,,"IDA,IMP,IBA,TAS,IEA",,,,,,,,,"IBA,TAS",,,,,,"IBA,TAS,IEA",,,,,,,,,,,,,,,,,,,,,,,,,,,"IDA,IBA,IEA","IDA,IBA,TAS,IEA",,,,,,,,,,,,,,,,,,,,,,,,,,,,,,,,"ISS,IBA,IEA",,,,,,,,,,,"ISS,IBA,TAS,IEA",,,,,,,,"IBA,IEA"
"GO:MF","ligand-gated monoatomic ion channel activity","GO:0015276","false","0.0336794305846342","1.4726352596914425","171","119","7","20212",,,,"IMP,ISS,IBA,TAS,IEA",,,,,,,,,,,,,,,,,"IDA,ISS,IBA,IEA",,,,,,,,,,,,,,,"IDA,IMP,IBA,TAS,NAS,IEA",,,,,,"IBA,TAS,IEA",,,,,,,,,,,,,,,,,,,,,,,,,,,"IDA,IBA,IEA",,,,,,,,,,,,,,,,,,,,,,,,,,,,,,,,,,,,,,,,,,,,"ISS,IBA,TAS,IEA",,,,,,,,"IBA,IEA"
"GO:MF","ligand-gated channel activity","GO:0022834","false","0.03493909394377398","1.4566883615259945","172","119","7","20212",,,,"IMP,ISS,IBA,TAS,IEA",,,,,,,,,,,,,,,,,"IDA,ISS,IBA,IEA",,,,,,,,,,,,,,,"IDA,IMP,IBA,TAS,NAS,IEA",,,,,,"IBA,TAS,IEA",,,,,,,,,,,,,,,,,,,,,,,,,,,"IDA,IBA,IEA",,,,,,,,,,,,,,,,,,,,,,,,,,,,,,,,,,,,,,,,,,,,"ISS,IBA,TAS,IEA",,,,,,,,"IBA,IEA"
"GO:BP","nervous system development","GO:0007399","true","7.2608177445910576e-12","11.13901446442884","2531","115","47","21031","IDA,IBA,IEA",,"IEA",,"ISS","IBA,IEA","IBA,TAS","ISS,IEA","IEA",,"ISS,IBA,TAS,IEA",,"IEA",,,,"IEA",,,"IDA,IBA,NAS,IEA",,,,,,,,"ISS,IBA,IEA","ISS,IBA",,"IBA","IEA",,,,,"IDA,IMP,ISS,IBA,TAS,IEA","ISS,IBA,TAS,NAS,IEA",,,,"TAS,IEA",,,,,"IMP,IEP",,,,"IEA","IDA",,,"IBA,IEA","IBA,IEA",,,"IMP,IEA","IBA,IEA",,"ISS,IEA",,"IEA",,"IEA",,,,,,"IEA",,,,,,,"IEA",,"IEP,ISS,IBA,IEA",,"IBA",,,,,"ISS",,"IDA","IMP",,,,,,"IBA","IDA,IBA,IEA","IMP,ISS,IEA",,"IDA,IMP,ISS,IBA,NAS,IEA",,,,,"ISS,IBA",,,"IBA,TAS,IEA","IEA",,,,"IBA,IEA",,"IDA,IEP,ISS,NAS,IEA",,"TAS","IDA,ISS,TAS,IEA","IDA,IBA,IEA",
"GO:BP","system development","GO:0048731","false","3.718973827543636e-11","10.429576877998482","3973","115","58","21031","IDA,ISS,IBA,IEA",,"IEA",,"ISS","IBA,IEA","IBA,TAS","ISS,IEA","IMP,IEA",,"ISS,IBA,TAS,IEA",,"IEA",,,"ISS","IEA",,,"IDA,IBA,NAS,IEA",,,,,,,"ISS","ISS,IBA,IEA","ISS,IBA",,"IBA,IEA","IEA","ISS,IEA",,,,"IDA,IMP,ISS,IBA,TAS,IEA","IMP,ISS,IBA,TAS,NAS,IEA",,,,"TAS,IEA",,,,,"IMP,IEP",,,"IEA","IEA","IDA","IEA",,"IBA,IEA","IBA,IEA",,,"IMP,IEA","IBA,IEA",,"ISS,IEA",,"IDA,IEA",,"IEA",,,,,,"IEA","IEA",,,,,,"IEA",,"IEP,ISS,IBA,IEA",,"IBA",,,"IMP,IGI","IEA","ISS",,"IDA","IMP","IMP","IMP,ISS,IBA,IEA",,,,"IBA","IDA,IBA,IEA","IMP,ISS,IEA",,"IDA,IMP,ISS,IBA,NAS,IEA",,,,,"IMP,ISS,IBA",,,"IDA,ISS,IBA,TAS,IEA","IEA",,,,"IBA,IEA",,"IDA,IMP,IEP,ISS,NAS,IEA","IBA","TAS","IDA,IMP,ISS,TAS,IEA","IDA,IEP,ISS,IBA,IEA",
"GO:BP","multicellular organism development","GO:0007275","false","6.241277830037452e-10","9.204726484400924","4643","115","61","21031","IDA,ISS,IBA,IEA",,"IEA",,"ISS","IBA,IEA","IBA,TAS","ISS,IEA","IMP,IEP,IEA",,"ISS,IBA,TAS,IEA",,"IEA",,,"ISS","ISS,IEA",,,"IDA,IBA,NAS,IEA",,,,,,,"IMP,ISS","ISS,IBA,IEA","ISS,IBA",,"ISS,IBA,IEA","IEA","ISS,IEA",,,,"IDA,IMP,ISS,IBA,TAS,IEA","IMP,ISS,IBA,TAS,NAS,IEA",,,"IMP,IEA","TAS,IEA",,,,,"IMP,IEP",,,"IEA","IEA","IDA","IEA",,"IBA,IEA","IBA,IEA","IBA",,"IMP,IEA","IBA,IEA",,"ISS,IEA",,"IDA,IEA",,"IEA","IEA",,,,,"IEA","IEA",,,,,,"IEA",,"IEP,ISS,IBA,IEA",,"IBA",,,"IMP,IGI","IEA","ISS",,"IDA","IMP","IMP","IMP,ISS,IBA,IEA",,,,"IBA","IDA,IBA,IEA","IMP,ISS,IEA",,"IDA,IMP,ISS,IBA,NAS,IEA",,,,,"IMP,ISS,IBA",,,"IDA,ISS,IBA,TAS,IEA","IEA",,,,"IBA,IEA",,"IDA,IMP,IEP,ISS,NAS,IEA","IBA","TAS","IDA,IMP,ISS,TAS,IEA","IDA,IEP,ISS,IBA,IEA",
"GO:BP","negative chemotaxis","GO:0050919","false","6.067737640890657e-9","8.216973205666577","47","115","9","21031","IBA",,,,,,,,,,"IEA",,,,,,,,,,,,,,,,,,,,,,,,,,"IBA",,,,,,,,,,,,,,,,,,"IEA",,,,,,,,,,,,,,,,,,,,,,,,,,,,,,,,,,,,,,,,,,,,,,"IDA,IBA,IEA",,,,,,,,"IEA",,,,,,,"IDA",,,"IDA","IDA,IBA",
"GO:BP","generation of neurons","GO:0048699","false","2.6249784766175732e-8","7.580874253219754","1514","115","32","21031","IDA,IBA",,"IEA",,,"IBA,IEA","IBA","ISS,IEA",,,"ISS,IBA",,"IEA",,,,,,,"IBA,NAS,IEA",,,,,,,,"ISS,IEA","ISS",,,"IEA",,,,,"IDA,IMP,ISS,IBA,TAS,IEA","ISS,IBA,TAS,NAS,IEA",,,,,,,,,,,,,"IEA",,,,"IBA,IEA",,,,"IMP","IBA",,"ISS",,,,"IEA",,,,,,"IEA",,,,,,,,,"IEP,ISS,IBA",,,,,,,"ISS",,"IDA",,,,,,,,"IDA,IBA","ISS,IEA",,"IDA,IMP,IBA,IEA",,,,,"ISS,IBA",,,,"IEA",,,,"IBA,IEA",,"IDA,ISS,IEA",,,"IDA,ISS,IEA","IDA,IBA,IEA",
"GO:BP","anatomical structure morphogenesis","GO:0009653","false","2.8128529557158376e-8","7.5508529703553675","2684","115","43","21031","ISS,IBA,IEA",,"IEA",,"IMP,ISS",,,"ISS,IEA","IEP,IEA",,"ISS,IBA",,"IEA",,,,"IEA",,,"IDA,IBA,NAS,IEA",,,,"IDA",,,,"ISS,IEA",,,"IBA","IEA","ISS,IEA",,,,"IDA,ISS,IBA,TAS,IEA","IMP,ISS,IBA,TAS,NAS,IEA",,,"IMP,IEA",,,,,,,,,"IEA","IEA",,"IEA",,"IBA,IEA",,,,,"IBA",,"ISS",,"IDA,IEA",,,,,,,,,"IEA",,,,,,"IEA",,"ISS,IBA",,,,,"IMP,IGI","IEA","ISS",,"IDA",,"IMP","IMP,IEA",,,,,"IDA,IBA","ISS,IEA",,"IDA,IMP,IBA,NAS,IEA",,,,,"IMP",,,"IDA","IEA",,,,"IEA",,"IDA,ISS,IEA",,,"IDA,IMP,ISS,IEA","IDA,ISS,IBA,IEA",
"GO:BP","anatomical structure development","GO:0048856","false","6.469052198279887e-8","7.189159344556921","5899","115","66","21031","IDA,ISS,IBA,IEA",,"IEA",,"IMP,ISS","IDA,IBA,IEA","IBA,TAS","ISS,IEA","IMP,IEP,IEA",,"ISS,IBA,TAS,IEA",,"IEA",,,"ISS","ISS,IEA",,,"IDA,IBA,NAS,IEA",,,,"IDA",,,"IMP,ISS","ISS,IBA,IEA","ISS,IBA",,"ISS,IBA,IEA","IEA","ISS,IEA",,,,"IDA,IMP,ISS,IBA,TAS,IEA","IMP,ISS,IBA,TAS,NAS,IEA",,,"IMP,IEA","TAS,IEA",,,,,"IMP,IEP",,,"IEA","IEA","IDA","IEA",,"IBA,IEA","IBA,IEA","IBA",,"IMP,IEA","IBA,IEA",,"ISS,IEA","IMP","IDA,IEA",,"IEA","IEA",,,,,"IEA","IEA",,,,"IEA",,"IEA",,"IEP,ISS,IBA,IEA",,"IBA",,,"IMP,IGI","IEA","ISS",,"IDA","IMP","IMP","IMP,ISS,IBA,IEA","IBA",,"IEA","IBA","IDA,IBA,IEA","IMP,ISS,IEA",,"IDA,IMP,ISS,IBA,NAS,IEA",,,,,"IMP,ISS,IBA",,,"IDA,ISS,IBA,TAS,IEA","ISS,IEA",,,,"IBA,IEA",,"IDA,IMP,IEP,ISS,NAS,IEA","IBA,TAS","TAS","IDA,IMP,ISS,TAS,IEA","IDA,IEP,ISS,IBA,IEA",
"GO:BP","negative regulation of locomotion","GO:0040013","true","7.543617296335417e-8","7.122420352389717","336","115","16","21031","IBA","IMP",,,"IDA,IMP",,,,,,"ISS,IBA",,,,"IBA",,,,,,,,,"IDA",,"ISS,IEA",,,,,,,,,,,"IBA","IEA",,,,,,,,,,,,,,,,,"IBA",,,,,,,,"IMP",,,,,,,,,"IMP",,,,,,,,,,,,,,"IMP,IGI",,,,,,,,,,,,,,,"IEA",,,,,,,,,,,,,,,"IDA",,,"IDA,IMP",,
"GO:BP","neuron projection morphogenesis","GO:0048812","false","9.46059847068762e-8","7.024081389571135","655","115","21","21031","IBA",,"IEA",,,,,,,,"ISS,IBA",,"IEA",,,,,,,"IBA,NAS,IEA",,,,,,,,"ISS,IEA",,,,,,,,,"IDA,ISS,IBA,TAS,IEA","ISS,IBA,TAS,NAS,IEA",,,,,,,,,,,,,"IEA",,,,"IBA,IEA",,,,,"IBA",,"ISS",,,,,,,,,,,,,,,,,,,"ISS,IBA",,,,,,,"ISS",,"IDA",,,,,,,,"IDA,IBA","ISS,IEA",,"IDA,IMP,IBA,IEA",,,,,,,,,,,,,,,"IDA,ISS,IEA",,,"IDA,ISS,IEA","IDA,IBA,IEA",
"GO:BP","plasma membrane bounded cell projection morphogenesis","GO:0120039","false","1.4756603531977504e-7","6.831013590823429","671","115","21","21031","IBA",,"IEA",,,,,,,,"ISS,IBA",,"IEA",,,,,,,"IBA,NAS,IEA",,,,,,,,"ISS,IEA",,,,,,,,,"IDA,ISS,IBA,TAS,IEA","ISS,IBA,TAS,NAS,IEA",,,,,,,,,,,,,"IEA",,,,"IBA,IEA",,,,,"IBA",,"ISS",,,,,,,,,,,,,,,,,,,"ISS,IBA",,,,,,,"ISS",,"IDA",,,,,,,,"IDA,IBA","ISS,IEA",,"IDA,IMP,IBA,IEA",,,,,,,,,,,,,,,"IDA,ISS,IEA",,,"IDA,ISS,IEA","IDA,IBA,IEA",
"GO:BP","axon guidance","GO:0007411","false","1.5141197101182842e-7","6.819839787062804","249","115","14","21031","IBA",,"IEA",,,,,,,,"ISS,IBA",,"IEA",,,,,,,"IBA,IEA",,,,,,,,,,,,,,,,,"IDA,ISS,IBA,TAS,IEA","ISS,IBA,TAS,NAS,IEA",,,,,,,,,,,,,,,,,"IBA",,,,,,,,,,,,,,,,,,,,,,,,,,"ISS,IBA",,,,,,,,,,,,,,,,,,"ISS,IEA",,"IDA,IMP,IBA,IEA",,,,,,,,,,,,,,,"ISS,IEA",,,"ISS,IEA","IDA,IBA,IEA",
"GO:BP","neuron projection guidance","GO:0097485","false","1.5141197101182842e-7","6.819839787062804","249","115","14","21031","IBA",,"IEA",,,,,,,,"ISS,IBA",,"IEA",,,,,,,"IBA,IEA",,,,,,,,,,,,,,,,,"IDA,ISS,IBA,TAS,IEA","ISS,IBA,TAS,NAS,IEA",,,,,,,,,,,,,,,,,"IBA,IEA",,,,,,,,,,,,,,,,,,,,,,,,,,"ISS,IBA",,,,,,,,,,,,,,,,,,"ISS,IEA",,"IDA,IMP,IBA,IEA",,,,,,,,,,,,,,,"ISS,IEA",,,"ISS,IEA","IDA,IBA,IEA",
"GO:BP","neuron differentiation","GO:0030182","false","1.6373969644144572e-7","6.785846019088314","1431","115","30","21031","IDA,IBA",,"IEA",,,"IBA,IEA","IBA","ISS,IEA",,,"ISS,IBA",,"IEA",,,,,,,"IBA,NAS,IEA",,,,,,,,"ISS,IEA","ISS",,,"IEA",,,,,"IDA,IMP,ISS,IBA,TAS,IEA","ISS,IBA,TAS,NAS,IEA",,,,,,,,,,,,,"IEA",,,,"IBA,IEA",,,,"IMP","IBA",,"ISS",,,,"IEA",,,,,,"IEA",,,,,,,,,"IEP,ISS,IBA",,,,,,,"ISS",,"IDA",,,,,,,,"IDA,IBA","ISS,IEA",,"IDA,IMP,IBA,IEA",,,,,"ISS,IBA",,,,,,,,,,"IDA,ISS,IEA",,,"IDA,ISS,IEA","IDA,IBA,IEA",
"GO:BP","cell projection morphogenesis","GO:0048858","false","1.691251102451119e-7","6.771791907297037","676","115","21","21031","IBA",,"IEA",,,,,,,,"ISS,IBA",,"IEA",,,,,,,"IBA,NAS,IEA",,,,,,,,"ISS,IEA",,,,,,,,,"IDA,ISS,IBA,TAS,IEA","ISS,IBA,TAS,NAS,IEA",,,,,,,,,,,,,"IEA",,,,"IBA,IEA",,,,,"IBA",,"ISS",,,,,,,,,,,,,,,,,,,"ISS,IBA",,,,,,,"ISS",,"IDA",,,,,,,,"IDA,IBA","ISS,IEA",,"IDA,IMP,IBA,IEA",,,,,,,,,,,,,,,"IDA,ISS,IEA",,,"IDA,ISS,IEA","IDA,IBA,IEA",
"GO:BP","neuron projection development","GO:0031175","false","2.9744384590182943e-7","6.52659501217699","1014","115","25","21031","IBA",,"IEA",,,,,,,,"ISS,IBA",,"IEA",,,,,,,"IBA,NAS,IEA",,,,,,,,"ISS,IEA",,,,,,,,,"IDA,IMP,ISS,IBA,TAS,IEA","ISS,IBA,TAS,NAS,IEA",,,,,,,,,,,,,"IEA",,,,"IBA,IEA",,,,"IMP","IBA",,"ISS",,,,"IEA",,,,,,"IEA",,,,,,,,,"ISS,IBA",,,,,,,"ISS",,"IDA",,,,,,,,"IDA,IBA","ISS,IEA",,"IDA,IMP,IBA,IEA",,,,,"ISS",,,,,,,,,,"IDA,ISS,IEA",,,"IDA,ISS,IEA","IDA,IBA,IEA",
"GO:BP","neurogenesis","GO:0022008","false","9.554193610691389e-7","6.0198059622150115","1742","115","32","21031","IDA,IBA",,"IEA",,,"IBA,IEA","IBA","ISS,IEA",,,"ISS,IBA",,"IEA",,,,,,,"IBA,NAS,IEA",,,,,,,,"ISS,IEA","ISS",,,"IEA",,,,,"IDA,IMP,ISS,IBA,TAS,IEA","ISS,IBA,TAS,NAS,IEA",,,,,,,,,,,,,"IEA",,,,"IBA,IEA",,,,"IMP","IBA",,"ISS",,,,"IEA",,,,,,"IEA",,,,,,,,,"IEP,ISS,IBA",,,,,,,"ISS",,"IDA",,,,,,,,"IDA,IBA","ISS,IEA",,"IDA,IMP,IBA,IEA",,,,,"ISS,IBA",,,,"IEA",,,,"IBA,IEA",,"IDA,ISS,IEA",,,"IDA,ISS,IEA","IDA,IBA,IEA",
"GO:BP","neuron development","GO:0048666","false","0.0000010619743913619996","5.973885955782108","1167","115","26","21031","IDA,IBA",,"IEA",,,,"IBA",,,,"ISS,IBA",,"IEA",,,,,,,"IBA,NAS,IEA",,,,,,,,"ISS,IEA",,,,,,,,,"IDA,IMP,ISS,IBA,TAS,IEA","ISS,IBA,TAS,NAS,IEA",,,,,,,,,,,,,"IEA",,,,"IBA,IEA",,,,"IMP","IBA",,"ISS",,,,"IEA",,,,,,"IEA",,,,,,,,,"IEP,ISS,IBA",,,,,,,"ISS",,"IDA",,,,,,,,"IDA,IBA","ISS,IEA",,"IDA,IMP,IBA,IEA",,,,,"ISS,IBA",,,,,,,,,,"IDA,ISS,IEA",,,"IDA,ISS,IEA","IDA,IBA,IEA",
"GO:BP","synapse organization","GO:0050808","true","0.0000020304217118360484","5.692413751198852","485","115","17","21031","ISS,IEA",,,,,,,"ISS,IEA",,,,,,,,,,,,,,,,,,,,"ISS,IEA",,,,"IEA",,,,,,"IEA",,,,"IEA",,,,,,,,,,,,,,"IBA,IEA",,"IDA,IMP,IEP",,,,"ISS",,,,,,"IBA",,,,,"IDA,IMP",,,"IMP,IEA",,,,,,,"IBA",,,,,,,,,,,,,,"IBA,IEA",,,,"ISS",,,,,,,,,"IEA",,,,,,"ISS",,,,,
"GO:BP","neuron projection extension involved in neuron projection guidance","GO:1902284","false","0.0000022220230697835853","5.653251436381785","38","115","7","21031","IBA",,,,,,,,,,"ISS,IBA",,,,,,,,,,,,,,,,,,,,,,,,,,"IDA,ISS,IBA","ISS,IEA",,,,,,,,,,,,,,,,,"IBA",,,,,,,,,,,,,,,,,,,,,,,,,,,,,,,,,,,,,,,,,,,,,,"IDA,IEA",,,,,,,,,,,,,,,,,,,"IDA",
"GO:BP","axon extension involved in axon guidance","GO:0048846","false","0.0000022220230697835853","5.653251436381785","38","115","7","21031","IBA",,,,,,,,,,"ISS,IBA",,,,,,,,,,,,,,,,,,,,,,,,,,"IDA,ISS,IBA","ISS,IEA",,,,,,,,,,,,,,,,,"IBA",,,,,,,,,,,,,,,,,,,,,,,,,,,,,,,,,,,,,,,,,,,,,,"IDA,IEA",,,,,,,,,,,,,,,,,,,"IDA",
"GO:BP","cellular anatomical entity morphogenesis","GO:0032989","false","0.0000025287920869806945","5.597086876147437","785","115","21","21031","IBA",,"IEA",,,,,,,,"ISS,IBA",,"IEA",,,,,,,"IBA,NAS,IEA",,,,,,,,"ISS,IEA",,,,,,,,,"IDA,ISS,IBA,TAS,IEA","ISS,IBA,TAS,NAS,IEA",,,,,,,,,,,,,"IEA",,,,"IBA,IEA",,,,,"IBA",,"ISS",,,,,,,,,,,,,,,,,,,"ISS,IBA",,,,,,,"ISS",,"IDA",,,,,,,,"IDA,IBA","ISS,IEA",,"IDA,IMP,IBA,IEA",,,,,,,,,,,,,,,"IDA,ISS,IEA",,,"IDA,ISS,IEA","IDA,IBA,IEA",
"GO:BP","negative regulation of chemotaxis","GO:0050922","false","0.0000027527838145835672","5.560227893880918","62","115","8","21031","IBA",,,,,,,,,,"ISS,IBA",,,,,,,,,,,,,,,,,,,,,,,,,,"IBA","IEA",,,,,,,,,,,,,,,,,"IBA",,,,,,,,,,,,,,,,,,,,,,,,,,,,,,,,,,,,,,,,,,,,,,"IEA",,,,,,,,,,,,,,,"IDA",,,"IDA",,
"GO:BP","developmental process","GO:0032502","false","0.000004221775465964407","5.374504868253785","6453","115","66","21031","IDA,ISS,IBA,IEA",,"IEA",,"IMP,ISS","IDA,IBA,IEA","IBA,TAS","ISS,IEA","IMP,IEP,IEA",,"ISS,IBA,TAS,IEA",,"IEA",,,"ISS","ISS,IEA",,,"IDA,IBA,NAS,IEA",,,,"IDA,IBA",,,"IMP,ISS","ISS,IBA,IEA","ISS,IBA",,"ISS,IBA,IEA","IEA","ISS,IEA",,,,"IDA,IMP,ISS,IBA,TAS,IEA","IMP,ISS,IBA,TAS,NAS,IEA",,,"IMP,IEA","TAS,IEA",,,,,"IMP,IEP",,,"IEA","IEA","IDA","IEA",,"IBA,IEA","IBA,IEA","IBA",,"IMP,IEA","IBA,IEA",,"ISS,IEA","IMP","IDA,IEA",,"IEA","IEA",,,,,"IEA","IEA",,,,"IEA",,"IEA",,"IEP,ISS,IBA,IEA",,"IBA",,,"IMP,IGI","IEA","ISS",,"IDA,IEA","IMP","IMP","IMP,ISS,IBA,IEA","IBA",,"IEA","IBA","IDA,IBA,IEA","IMP,ISS,IEA",,"IDA,IMP,ISS,IBA,NAS,IEA",,,,,"IMP,ISS,IBA,IEA",,,"IDA,ISS,IBA,TAS,IEA","ISS,IEA",,,,"IBA,IEA",,"IDA,IMP,IEP,ISS,NAS,IEA","IBA,TAS","TAS","IDA,IMP,ISS,TAS,IEA","IDA,IEP,ISS,IBA,IEA",
"GO:BP","cell morphogenesis","GO:0000902","false","0.000005197414814869167","5.2842126199831085","986","115","23","21031","IBA,IEA",,"IEA",,"IMP",,,,,,"ISS,IBA",,"IEA",,,,,,,"IBA,NAS,IEA",,,,,,,,"ISS,IEA",,,,"IEA",,,,,"IDA,ISS,IBA,TAS,IEA","ISS,IBA,TAS,NAS,IEA",,,,,,,,,,,,,"IEA",,,,"IBA,IEA",,,,,"IBA",,"ISS",,,,,,,,,,,,,,,,,,,"ISS,IBA",,,,,,,"ISS",,"IDA",,,,,,,,"IDA,IBA","ISS,IEA",,"IDA,IMP,IBA,IEA",,,,,,,,,,,,,,,"IDA,ISS,IEA",,,"IDA,ISS,IEA","IDA,IBA,IEA",
"GO:BP","cell morphogenesis involved in neuron differentiation","GO:0048667","false","0.000006807468970795887","5.167014329546255","597","115","18","21031","IBA",,"IEA",,,,,,,,"ISS,IBA",,"IEA",,,,,,,"IBA,NAS,IEA",,,,,,,,"ISS,IEA",,,,,,,,,"IDA,ISS,IBA,TAS,IEA","ISS,IBA,TAS,NAS,IEA",,,,,,,,,,,,,"IEA",,,,"IBA,IEA",,,,,,,"ISS",,,,,,,,,,,,,,,,,,,"ISS,IBA",,,,,,,,,,,,,,,,,"IDA","ISS,IEA",,"IDA,IMP,IBA,IEA",,,,,,,,,,,,,,,"IDA,ISS,IEA",,,"IDA,ISS,IEA","IDA,IBA,IEA",
"GO:BP","cell junction organization","GO:0034330","false","0.000008448202081045504","5.07323570635935","759","115","20","21031","ISS,IEA",,,,"IDA,ISS",,,"ISS,IEA",,,,,,,,,,,,,,,,,,,,"ISS,IEA",,,,"IEA",,,,,,"IDA,IEA",,,,"IEA",,,,,,,,,,,,,,"IBA,IEA",,"IDA,IMP,IEP",,,,"ISS","IMP","IMP",,,,"IBA",,,,,"IDA,IMP",,,"IMP,IEA",,,,,,,"IBA",,,,,,,,,,,,,,"IBA,IEA",,,,"ISS",,,,,,,,,"IEA",,,,,,"ISS",,,,,
"GO:BP","negative regulation of axon extension involved in axon guidance","GO:0048843","false","0.00001333911737641521","4.874872905894276","28","115","6","21031","IBA",,,,,,,,,,"ISS,IBA",,,,,,,,,,,,,,,,,,,,,,,,,,"IBA","IEA",,,,,,,,,,,,,,,,,"IBA",,,,,,,,,,,,,,,,,,,,,,,,,,,,,,,,,,,,,,,,,,,,,,"IEA",,,,,,,,,,,,,,,,,,,,
"GO:BP","multicellular organismal process","GO:0032501","false","0.000017363705228416415","4.760357595487035","7669","115","72","21031","IDA,ISS,IBA,IEA","IMP","IEA","IBA","ISS","ISS,IBA,IEA","IBA,TAS","ISS,IEA","IMP,IEP,IEA",,"ISS,IBA,TAS,IEA",,"IEA",,,"ISS","ISS,IEA",,,"IDA,IBA,NAS,IEA",,,,,,,"IMP,ISS,TAS,IC","ISS,IBA,IEA","ISS,IBA","ISS","ISS,IBA,IEA","IEA","ISS,IEA",,,,"IDA,IMP,ISS,IBA,TAS,IEA","IMP,ISS,IBA,TAS,NAS,IEA",,,"IMP,IEA","IMP,TAS,IEA",,,,,"IMP,IEP","IEA",,"IEA","IEA","IDA","IEA",,"IBA,IEA","IBA,IEA","IBA","IMP,ISS","IMP,TAS,IEA","IBA,IEA",,"ISS,IEA",,"IDA,NAS,IEA",,"TAS,IEA","IEA",,"IDA,TAS","IEA",,"IMP,IEA","IEA","IMP,ISS,IEA",,,"IEA",,"IEA",,"IEP,ISS,IBA,IEA",,"IBA",,,"IMP,IGI","IDA,ISS,IEA","ISS",,"IDA,ISS","IMP","IMP","IMP,ISS,IBA,IEA",,,,"IBA","IDA,IBA,IEA","IMP,ISS,IEA",,"IDA,IMP,ISS,IBA,NAS,IEA",,,,,"IMP,ISS,IBA","IMP","TAS","IDA,ISS,IBA,TAS,IEA","IEA",,,,"IBA,IEA",,"IDA,IMP,IEP,ISS,NAS,IEA","IBA","TAS","IDA,IMP,ISS,TAS,IEA","IDA,IEP,ISS,IBA,IEA",
"GO:BP","regulation of cell projection organization","GO:0031344","false","0.00003765292283958766","4.424201305682801","667","115","18","21031","IBA",,,,,,"ISS",,,,"ISS,IBA",,,,,,,,,,,,,,,,,"ISS,IEA",,,,,,,,,"IMP,IBA,IEA","IMP,ISS,IBA,IEA",,,,,,,,,,,,,"IEA","IMP",,,"IBA",,,,"IMP",,,,,,,"IEA",,,,,,"IEA",,,,,,,,,,,,,,,,"ISS",,,,,,,,,,"IDA",,,"IEA",,,,,"ISS",,,,,,,,,,"IDA",,,"IDA",,
"GO:BP","regulation of axon extension involved in axon guidance","GO:0048841","false","0.00004636460767996159","4.333813410703589","34","115","6","21031","IBA",,,,,,,,,,"ISS,IBA",,,,,,,,,,,,,,,,,,,,,,,,,,"IDA,IBA","ISS,IEA",,,,,,,,,,,,,,,,,"IBA",,,,,,,,,,,,,,,,,,,,,,,,,,,,,,,,,,,,,,,,,,,,,,"IEA",,,,,,,,,,,,,,,,,,,,
"GO:BP","regulation of neuron projection development","GO:0010975","false","0.000049606137842539424","4.304464584271344","457","115","15","21031","IBA",,,,,,,,,,"ISS,IBA",,,,,,,,,,,,,,,,,"ISS,IEA",,,,,,,,,"IMP,IBA,IEA","ISS,IEA",,,,,,,,,,,,,"IEA",,,,"IBA",,,,"IMP",,,,,,,"IEA",,,,,,"IEA",,,,,,,,,,,,,,,,,,,,,,,,,,"IDA",,,"IEA",,,,,"ISS",,,,,,,,,,"IDA",,,"IDA",,
"GO:BP","cell projection organization","GO:0030030","false","0.0000511429589658498","4.291214148711615","1613","115","28","21031","IBA",,"IEA",,,,"ISS",,"IEA",,"ISS,IBA",,"IEA",,,,,,,"IBA,NAS,IEA",,,,,,,,"ISS,IEA",,,,,,,,,"IDA,IMP,ISS,IBA,TAS,IEA","IMP,ISS,IBA,TAS,NAS,IEA",,,,,,,,,,,,,"IEA","IMP,IGI,IEA",,,"IBA,IEA",,,,"IMP","IBA",,"ISS",,,,"IEA",,,,,,"IEA",,,,,,,,,"ISS,IBA",,,,,,,"ISS",,"IDA",,,,,,,,"IDA,IMP,IBA","ISS,IEA",,"IDA,IMP,IBA,IEA",,,,,"ISS",,,,,,,,,,"IDA,ISS,IEA",,,"IDA,ISS,IEA","IDA,IBA,IEA",
"GO:BP","axonogenesis","GO:0007409","false","0.00006410321406177744","4.193120194907069","466","115","15","21031","IBA",,"IEA",,,,,,,,"ISS,IBA",,"IEA",,,,,,,"IBA,NAS,IEA",,,,,,,,,,,,,,,,,"IDA,ISS,IBA,TAS,IEA","ISS,IBA,TAS,NAS,IEA",,,,,,,,,,,,,"IEA",,,,"IBA,IEA",,,,,,,,,,,,,,,,,,,,,,,,,,"ISS,IBA",,,,,,,,,,,,,,,,,,"ISS,IEA",,"IDA,IMP,IBA,IEA",,,,,,,,,,,,,,,"IDA,ISS,IEA",,,"IDA,ISS,IEA","IDA,IBA,IEA",
"GO:BP","cell communication","GO:0007154","true","0.00006559905992731275","4.183102384272297","6537","115","64","21031","IDA,IGI,ISS,IBA,IEA","IDA,IMP,IBA,TAS,IEA",,,"IMP,IBA,TAS,IEA",,"ISS,IEA",,"IBA,IEA",,"ISS,IBA,TAS","IBA,IEA",,,"IEA",,"IMP,ISS,IBA,IEA",,,,"IDA,ISS,IBA,IEA",,,,"IDA,IMP,IBA,TAS,IEA","ISS,IBA,NAS","ISS,TAS,IEA","ISS,TAS,NAS,IEA",,"ISS",,"IEA",,,,"IBA,TAS,IEA","ISS,IBA,TAS","IMP,ISS,IBA,TAS,NAS,IEA",,,,"TAS,IEA","IEA","IBA,IEA","IBA,TAS,IEA",,,"NAS,IEA",,,,"IDA,IBA,IEA","IBA,IEA",,"IBA","IBA,IEA","IDA,IBA,NAS,IEA","ISS","NAS",,,,"TAS,IEA","IEA",,"ISS,IBA,IEA",,"IDA,IBA","IDA,TAS","ISS,IBA,IEA",,"TAS","TAS,IEA","IMP,ISS,IBA,IEA",,,,,,"IBA,TAS,IEA","ISS,IBA,IEA","IBA,TAS,IEA","IBA",,,"IBA,TAS,IEA","TAS","NAS",,"ISS,IBA",,"IDA,NAS,IEA",,,,"IDA,IMP,IGI,ISS,IBA,TAS,IEA","NAS,IEA","IDA,IMP,IBA,IEA",,"ISS",,,,"IDA","IBA,IEA","IEA","IEA","IDA,IMP,IBA,IEA","IDA,IMP,IBA,TAS,IEA","IEA",,,"TAS",,,"ISS",,,"IMP,ISS,IEA","IMP",
"GO:BP","regulation of cell communication","GO:0010646","false","0.00007172235434634045","4.144345462795827","3443","115","43","21031","IDA","IDA,IMP,IBA",,,"IMP,IBA,TAS",,"ISS",,"IEA",,"ISS","IBA",,,,,"IMP,ISS,IEA",,,,"ISS,IBA",,,,"IDA,IBA","ISS,IBA","TAS","ISS,IEA",,"ISS",,,,,,"IBA","TAS","IMP,ISS,IBA,TAS,IEA",,,,,"IEA",,,,,"IEA",,,,"IDA,IEA",,,,"IBA,IEA",,"ISS",,,,,,,,"ISS,IEA",,"IBA","TAS","IBA,IEA",,,"TAS","ISS,IEA",,,,,,"IBA","ISS","IEA","IBA",,,"IBA,TAS",,,,"ISS,IBA",,,,,,"IMP,ISS,IEA",,"IDA,IMP,IBA",,"ISS",,,,,,,,"IBA","IDA,IMP","IEA",,,,,,"ISS",,,"IMP,ISS","IMP",
"GO:BP","signaling","GO:0023052","false","0.0001041973337169577","3.9821433939619033","6447","115","63","21031","IDA,IGI,ISS,IBA,IEA","IDA,IMP,IBA,TAS,IEA",,,"IMP,IBA,TAS,IEA",,"ISS,IEA",,"IBA,IEA",,"ISS,IBA,TAS","IBA,IEA",,,"IEA",,"IMP,ISS,IBA,IEA",,,,"IDA,ISS,IBA,IEA",,,,"IDA,IMP,IBA,TAS,IEA","ISS,IBA,NAS","ISS,TAS","ISS,TAS,NAS,IEA",,"ISS",,"IEA",,,,"IBA,TAS,IEA","ISS,IBA,TAS","IMP,ISS,IBA,TAS,NAS,IEA",,,,"TAS,IEA","IEA","IBA,IEA","IBA,TAS,IEA",,,"NAS,IEA",,,,"IDA,IBA,IEA","IBA,IEA",,"IBA","IBA,IEA","IDA,IBA,NAS,IEA","ISS","NAS",,,,"TAS,IEA",,,"ISS,IBA,IEA",,"IDA,IBA","TAS","ISS,IBA,IEA",,"TAS","TAS,IEA","IMP,ISS,IBA,IEA",,,,,,"IBA,TAS,IEA","ISS,IBA,IEA","IBA,TAS,IEA","IBA",,,"IBA,TAS,IEA","TAS","NAS",,"ISS,IBA",,"IDA,NAS,IEA",,,,"IDA,IMP,IGI,ISS,IBA,TAS,IEA","NAS,IEA","IDA,IMP,IBA,IEA",,"ISS",,,,"IDA","IBA,IEA","IEA","IEA","IDA,IMP,IBA,IEA","IDA,IMP,IBA,IEA","IEA",,,"TAS",,,"ISS",,,"IMP,ISS,IEA","IMP",
"GO:BP","forebrain development","GO:0030900","false","0.00011240551477830869","3.949212381124294","417","115","14","21031","IDA",,,,"ISS",,,,,,"ISS",,"IEA",,,,,,,,,,,,,,,"ISS,IEA",,,,,,,,,"IMP","IEA",,,,,,,,,"IMP,IEP",,,,,,,,,,,,,,,,,,,,,,,,,,,,,,,,,,"ISS",,,,,,,,,,,,,,,,,,"ISS,IEA",,"NAS,IEA",,,,,,,,,"IEA",,,,,,"ISS",,,"IDA",,
"GO:BP","plasma membrane bounded cell projection organization","GO:0120036","false","0.00011616033812871314","3.9349421324633638","1570","115","27","21031","IBA",,"IEA",,,,"ISS",,,,"ISS,IBA",,"IEA",,,,,,,"IBA,NAS,IEA",,,,,,,,"ISS,IEA",,,,,,,,,"IDA,IMP,ISS,IBA,TAS,IEA","IMP,ISS,IBA,TAS,NAS,IEA",,,,,,,,,,,,,"IEA","IMP,IGI",,,"IBA,IEA",,,,"IMP","IBA",,"ISS",,,,"IEA",,,,,,"IEA",,,,,,,,,"ISS,IBA",,,,,,,"ISS",,"IDA",,,,,,,,"IDA,IMP,IBA","ISS,IEA",,"IDA,IMP,IBA,IEA",,,,,"ISS",,,,,,,,,,"IDA,ISS,IEA",,,"IDA,ISS,IEA","IDA,IBA,IEA",
"GO:BP","modulation of chemical synaptic transmission","GO:0050804","false","0.00012029562713675092","3.9197501594007704","489","115","15","21031",,,,,,,,,,,,,,,,,,,,,"ISS,IBA",,,,"IBA","ISS,IBA",,"ISS,IEA",,"ISS",,,,,,"IBA",,,,,,,,,,,,"IEA",,,,,,,,"IBA,IEA",,,,,,,,,,,,"IBA","TAS","IBA,IEA",,,,,,,,,,,,"IEA",,,,,,,,"ISS,IBA",,,,,,,,,,,,,,,,,,"IBA",,"IEA",,,,,,,,,,,
"GO:BP","regulation of trans-synaptic signaling","GO:0099177","false","0.00012353436608346808","3.908212209009774","490","115","15","21031",,,,,,,,,,,,,,,,,,,,,"ISS,IBA",,,,"IBA","ISS,IBA",,"ISS,IEA",,"ISS",,,,,,"IBA",,,,,,,,,,,,"IEA",,,,,,,,"IBA,IEA",,,,,,,,,,,,"IBA","TAS","IBA,IEA",,,,,,,,,,,,"IEA",,,,,,,,"ISS,IBA",,,,,,,,,,,,,,,,,,"IBA",,"IEA",,,,,,,,,,,
"GO:BP","regulation of plasma membrane bounded cell projection organization","GO:0120035","false","0.0001579904229669936","3.801369238226891","652","115","17","21031","IBA",,,,,,"ISS",,,,"ISS,IBA",,,,,,,,,,,,,,,,,"ISS,IEA",,,,,,,,,"IMP,IBA,IEA","IMP,ISS,IBA,IEA",,,,,,,,,,,,,"IEA","IMP",,,"IBA",,,,"IMP",,,,,,,"IEA",,,,,,"IEA",,,,,,,,,,,,,,,,,,,,,,,,,,"IDA",,,"IEA",,,,,"ISS",,,,,,,,,,"IDA",,,"IDA",,
"GO:BP","cell-cell signaling","GO:0007267","false","0.0001630757603741102","3.787610587813843","1704","115","28","21031",,"IDA,IMP,IBA,IEA",,,,,,,,,"ISS,TAS","IBA,IEA",,,,,"IMP,ISS,IBA,IEA",,,,"ISS,IBA",,,,"IBA,TAS","ISS,IBA",,"ISS,IEA",,"ISS",,,,,,"IBA,TAS",,"TAS",,,,"TAS",,"IBA,IEA",,,,"IEA",,,,,,,,"IBA,IEA",,,"NAS",,,,"TAS",,,,,"IBA","TAS","IBA,IEA",,,,,,,,,,,"ISS","IEA",,,,,,,,"ISS,IBA",,"IDA,IEA",,,,,"NAS,IEA","IEA",,,,,,,,,,"IBA",,"IEA",,,,,,,,,,,
"GO:BP","brain development","GO:0007420","false","0.00016622267740029135","3.77930972665321","736","115","18","21031","IDA",,,,"ISS",,,,,,"ISS",,"IEA",,,,"IEA",,,"IDA",,,,,,,,"ISS,IEA",,,"IBA",,,,,,"IMP","IEA",,,,,,,,,"IMP,IEP",,,,,,,,,,,,,,,,,,,,,,,,,,,,,,,,"IEA",,"ISS",,,,,,,,,,,,,,,,,,"IMP,ISS,IEA",,"NAS,IEA",,,,,,,,,"IEA",,,,,,"IEP,ISS",,,"IDA",,
"GO:BP","regulation of signaling","GO:0023051","false","0.00021055459969362582","3.676635266712297","3437","115","42","21031","IDA","IDA,IMP,IBA",,,"IMP,IBA,TAS",,"ISS",,"IEA",,"ISS","IBA",,,,,"IMP,ISS,IEA",,,,"ISS,IBA",,,,"IDA,IBA","ISS,IBA",,"ISS,IEA",,"ISS",,,,,,"IBA","TAS","IMP,ISS,IBA,TAS,IEA",,,,,"IEA",,,,,"IEA",,,,"IDA,IEA",,,,"IBA,IEA",,"ISS",,,,,,,,"ISS,IEA",,"IBA","TAS","IBA,IEA",,,"TAS","ISS,IEA",,,,,,"IBA","ISS","IEA","IBA",,,"IBA,TAS",,,,"ISS,IBA",,,,,,"IMP,ISS,IEA",,"IDA,IMP,IBA",,"ISS",,,,,,,,"IBA","IDA,IMP","IEA",,,,,,"ISS",,,"IMP,ISS","IMP",
"GO:BP","chemical synaptic transmission","GO:0007268","false","0.0002200166110693462","3.657544529071341","750","115","18","21031",,,,,,,,,,,,,,,,,,,,,"ISS,IBA",,,,"IBA,TAS","ISS,IBA",,"ISS,IEA",,"ISS",,,,,,"IBA,TAS",,,,,,"TAS",,"IBA,IEA",,,,"IEA",,,,,,,,"IBA,IEA",,,,,,,,,,,,"IBA","TAS","IBA,IEA",,,,,,,,,,,,"IEA",,,,,,,,"ISS,IBA",,,,,,,"NAS",,,,,,,,,,,"IBA",,"IEA",,,,,,,,,,,
"GO:BP","anterograde trans-synaptic signaling","GO:0098916","false","0.0002200166110693462","3.657544529071341","750","115","18","21031",,,,,,,,,,,,,,,,,,,,,"ISS,IBA",,,,"IBA,TAS","ISS,IBA",,"ISS,IEA",,"ISS",,,,,,"IBA,TAS",,,,,,"TAS",,"IBA,IEA",,,,"IEA",,,,,,,,"IBA,IEA",,,,,,,,,,,,"IBA","TAS","IBA,IEA",,,,,,,,,,,,"IEA",,,,,,,,"ISS,IBA",,,,,,,"NAS",,,,,,,,,,,"IBA",,"IEA",,,,,,,,,,,
"GO:BP","trans-synaptic signaling","GO:0099537","false","0.0002476155124972687","3.606222151328285","756","115","18","21031",,,,,,,,,,,,,,,,,,,,,"ISS,IBA",,,,"IBA,TAS","ISS,IBA",,"ISS,IEA",,"ISS",,,,,,"IBA,TAS",,,,,,"TAS",,"IBA,IEA",,,,"IEA",,,,,,,,"IBA,IEA",,,,,,,,,,,,"IBA","TAS","IBA,IEA",,,,,,,,,,,,"IEA",,,,,,,,"ISS,IBA",,,,,,,"NAS",,,,,,,,,,,"IBA",,"IEA",,,,,,,,,,,
"GO:BP","central nervous system development","GO:0007417","false","0.0002974981071998492","3.526515793079216","1035","115","21","21031","IDA",,,,"ISS",,,,,,"ISS",,"IEA",,,,"IEA",,,"IDA,NAS",,,,,,,,"ISS,IBA,IEA","ISS",,"IBA",,,,,,"IMP,ISS","ISS,IEA",,,,"TAS",,,,,"IMP,IEP",,,,,,,,,,,,,,,,,,,,,,,,,,,,,,,,"IEA",,"ISS",,,,,,,,,,,,,,,,,,"IMP,ISS,IEA",,"NAS,IEA",,,,,,,,,"IEA",,,,,,"IEP,ISS,NAS",,"TAS","IDA",,
"GO:BP","axon development","GO:0061564","false","0.00031619122913753106","3.5000501811780107","527","115","15","21031","IBA",,"IEA",,,,,,,,"ISS,IBA",,"IEA",,,,,,,"IBA,NAS,IEA",,,,,,,,,,,,,,,,,"IDA,ISS,IBA,TAS,IEA","ISS,IBA,TAS,NAS,IEA",,,,,,,,,,,,,"IEA",,,,"IBA,IEA",,,,,,,,,,,,,,,,,,,,,,,,,,"ISS,IBA",,,,,,,,,,,,,,,,,,"ISS,IEA",,"IDA,IMP,IBA,IEA",,,,,,,,,,,,,,,"IDA,ISS,IEA",,,"IDA,ISS,IEA","IDA,IBA,IEA",
"GO:BP","negative regulation of axon extension","GO:0030517","false","0.0003493836837370689","3.4566973804876433","47","115","6","21031","IBA",,,,,,,,,,"ISS,IBA",,,,,,,,,,,,,,,,,,,,,,,,,,"IBA,IEA","IEA",,,,,,,,,,,,,,,,,"IBA",,,,,,,,,,,,,,,,,,,,,,,,,,,,,,,,,,,,,,,,,,,,,,"IEA",,,,,,,,,,,,,,,,,,,,
"GO:BP","regulation of biological quality","GO:0065008","true","0.00035932116992421626","3.4445171949567035","2846","115","37","21031","IBA,IEA",,,,"IMP",,"ISS",,,,"ISS,IBA",,,,,,,,,,"IDA,ISS,IEA",,,,,"ISS","IMP,ISS,TAS,IC","ISS,IEA",,,,,,,,"IEA","IDA,IBA,IEA","ISS,IEA",,,,"IEA",,,,,,"IEA",,,,,,,"IBA","IBA,IEA",,"IMP,ISS,TAS","NAS",,,,,"IMP",,"TAS,IEA",,"IBA","IDA,TAS,IEA","IBA,IEA",,,"IDA,IMP",,,"IMP",,,,,"ISS",,,,,,"IDA,ISS,IEA","IBA",,"ISS,IBA",,"IEA",,"IBA",,,"IEA",,,,"ISS,IEA",,,,,,"IMP",,"IDA,IMP","IEA",,,,,,"ISS",,,,,"IBA"
"GO:BP","regulation of axonogenesis","GO:0050770","false","0.0003604553933650194","3.443148471898934","158","115","9","21031","IBA",,,,,,,,,,"ISS,IBA",,,,,,,,,,,,,,,,,,,,,,,,,,"IBA,IEA","ISS,IEA",,,,,,,,,,,,,"IEA",,,,"IBA",,,,,,,,,,,,,,,,,,,,,,,,,,,,,,,,,,,,,,,,,,,,,,"IEA",,,,,,,,,,,,,,,"IDA",,,"IDA",,
"GO:BP","synaptic signaling","GO:0099536","false","0.0003927257873297068","3.4059105809620744","780","115","18","21031",,,,,,,,,,,,,,,,,,,,,"ISS,IBA",,,,"IBA,TAS","ISS,IBA",,"ISS,IEA",,"ISS",,,,,,"IBA,TAS",,,,,,"TAS",,"IBA,IEA",,,,"IEA",,,,,,,,"IBA,IEA",,,,,,,,,,,,"IBA","TAS","IBA,IEA",,,,,,,,,,,,"IEA",,,,,,,,"ISS,IBA",,,,,,,"NAS",,,,,,,,,,,"IBA",,"IEA",,,,,,,,,,,
"GO:BP","head development","GO:0060322","false","0.0004477762964242082","3.3489389000482666","787","115","18","21031","IDA",,,,"ISS",,,,,,"ISS",,"IEA",,,,"IEA",,,"IDA",,,,,,,,"ISS,IEA",,,"IBA",,,,,,"IMP","IEA",,,,,,,,,"IMP,IEP",,,,,,,,,,,,,,,,,,,,,,,,,,,,,,,,"IEA",,"ISS",,,,,,,,,,,,,,,,,,"IMP,ISS,IEA",,"NAS,IEA",,,,,,,,,"IEA",,,,,,"IEP,ISS",,,"IDA",,
"GO:BP","signal transduction","GO:0007165","false","0.0007361101502007664","3.1330571937534972","5959","115","58","21031","IDA,IGI,ISS,IBA,IEA","IDA,IMP,IBA,TAS,IEA",,,"IMP,IBA,TAS,IEA",,"ISS,IEA",,"IBA,IEA",,"ISS,IBA","IBA,IEA",,,"IEA",,"IMP,ISS,IEA",,,,"IDA,IEA",,,,"IDA,IMP,IBA,IEA","NAS","ISS,TAS","ISS,TAS,NAS,IEA",,,,"IEA",,,,"TAS,IEA","ISS,IBA,TAS","IMP,ISS,IBA,TAS,NAS,IEA",,,,"IEA","IEA",,"IBA,TAS,IEA",,,"NAS",,,,"IDA,IBA,IEA","IBA,IEA",,"IBA",,"IDA,IBA,NAS,IEA","ISS",,,,,"TAS,IEA",,,"ISS,IBA,IEA",,"IDA",,"ISS",,"TAS","TAS,IEA","IMP,ISS,IBA,IEA",,,,,,"IBA,TAS,IEA","ISS,IBA,IEA","IBA,TAS,IEA","IBA",,,"IBA,TAS,IEA","TAS","NAS",,"ISS",,"IDA,NAS",,,,"IDA,IMP,IGI,ISS,IBA,TAS,IEA","IEA","IDA,IMP,IBA,IEA",,"ISS",,,,"IDA","IBA,IEA","IEA","IEA","IDA,IMP,IBA,IEA","IDA,IMP,IBA,IEA","IEA",,,"TAS",,,"ISS",,,"IMP,ISS,IEA","IMP",
"GO:BP","cell differentiation","GO:0030154","false","0.0012074251854595343","2.9181397695194655","4366","115","47","21031","IDA,IBA,IEA",,"IEA",,,"IDA,IBA,IEA","IBA","ISS,IEA","IEP,IEA",,"ISS,IBA,IEA",,"IEA",,,,,,,"IBA,NAS,IEA",,,,"IBA",,,"ISS","ISS,IEA","ISS",,"ISS,IEA","IEA",,,,,"IDA,IMP,ISS,IBA,TAS,IEA","ISS,IBA,TAS,NAS,IEA",,,,,,,,,,,,,"IEA",,"IEA",,"IBA,IEA",,,,"IMP,IEA","IBA,IEA",,"ISS","IMP","IEA",,"IEA",,,,,,"IEA","IEA",,,,"IEA",,"IEA",,"IEP,ISS,IBA",,,,,,,"ISS",,"IDA,IEA",,,"IMP,IBA,IEA",,,"IEA",,"IDA,IBA","ISS,IEA",,"IDA,IMP,IBA,IEA",,,,,"ISS,IBA,IEA",,,"IDA,ISS,IBA,TAS","IEA",,,,"IBA,IEA",,"IDA,ISS,IEA","TAS","TAS","IDA,ISS,IEA","IDA,IBA,IEA",
"GO:BP","cellular developmental process","GO:0048869","false","0.0012157765437967579","2.9151462397950576","4367","115","47","21031","IDA,IBA,IEA",,"IEA",,,"IDA,IBA,IEA","IBA","ISS,IEA","IEP,IEA",,"ISS,IBA,IEA",,"IEA",,,,,,,"IBA,NAS,IEA",,,,"IBA",,,"ISS","ISS,IEA","ISS",,"ISS,IEA","IEA",,,,,"IDA,IMP,ISS,IBA,TAS,IEA","ISS,IBA,TAS,NAS,IEA",,,,,,,,,,,,,"IEA",,"IEA",,"IBA,IEA",,,,"IMP,IEA","IBA,IEA",,"ISS","IMP","IEA",,"IEA",,,,,,"IEA","IEA",,,,"IEA",,"IEA",,"IEP,ISS,IBA",,,,,,,"ISS",,"IDA,IEA",,,"IMP,IBA,IEA",,,"IEA",,"IDA,IBA","ISS,IEA",,"IDA,IMP,IBA,IEA",,,,,"ISS,IBA,IEA",,,"IDA,ISS,IBA,TAS","IEA",,,,"IBA,IEA",,"IDA,ISS,IEA","TAS","TAS","IDA,ISS,IEA","IDA,IBA,IEA",
"GO:BP","animal organ morphogenesis","GO:0009887","false","0.0013103037478189926","2.8826280167790026","1035","115","20","21031",,,,,"ISS",,,"ISS,IEA","IEA",,,,"IEA",,,,"IEA",,,"IDA",,,,,,,,,,,"IBA",,,,,,,"ISS,TAS,IEA",,,,,,,,,,,,"IEA",,,"IEA",,,,,,,,,,,,,,,,,,,,,,,,,,,,,,,,,,,,,,,"IMP","IMP",,,,,,"ISS,IEA",,"NAS",,,,,"IMP",,,"IDA","IEA",,,,,,"ISS",,,"ISS","ISS,IEA",
"GO:BP","chemotaxis","GO:0006935","false","0.0025557701248709623","2.5924782107599693","463","115","13","21031","IBA",,,,,,,,,,"ISS,IBA,IEA",,,,,,,,,,,,,,,,,,,,,,,,,,"IBA","IMP,ISS,IEA",,,,,,,,,,,,,,,,,"IBA,IEA",,,,,,,,,"IDA",,,,,,,,,,"ISS,IEA",,,,,,,,,,,,,,,,,,,,,,,,,,,"IDA,IBA,IEA",,,,,,"IMP,IBA",,"IEA",,,,,,,"IDA,IEA",,,"IDA,IEA","IDA,IBA",
"GO:BP","cell development","GO:0048468","false","0.002613209200996254","2.582825821347499","2819","115","35","21031","IDA,IBA",,"IEA",,,,"IBA",,,,"ISS,IBA",,"IEA",,,,,,,"IBA,NAS,IEA",,,,,,,"ISS","ISS,IEA",,,"ISS,IEA",,,,,,"IDA,IMP,ISS,IBA,TAS,IEA","ISS,IBA,TAS,NAS,IEA",,,,,,,,,,,,,"IEA",,,,"IBA,IEA",,,,"IMP","IBA",,"ISS","IMP","IEA",,"IEA",,,,,,"IEA",,,,,"IEA",,"IEA",,"IEP,ISS,IBA",,,,,,,"ISS",,"IDA",,,,,,,,"IDA,IBA","ISS,IEA",,"IDA,IMP,IBA,IEA",,,,,"ISS,IBA",,,"TAS","IEA",,,,,,"IDA,ISS,IEA","TAS",,"IDA,ISS,IEA","IDA,IBA,IEA",
"GO:BP","taxis","GO:0042330","false","0.0026805491082033546","2.571776232002797","465","115","13","21031","IBA",,,,,,,,,,"ISS,IBA,IEA",,,,,,,,,,,,,,,,,,,,,,,,,,"IBA","IMP,ISS,IEA",,,,,,,,,,,,,,,,,"IBA,IEA",,,,,,,,,"IDA",,,,,,,,,,"ISS,IEA",,,,,,,,,,,,,,,,,,,,,,,,,,,"IDA,IBA,IEA",,,,,,"IMP,IBA",,"IEA",,,,,,,"IDA,IEA",,,"IDA,IEA","IDA,IBA",
"GO:BP","negative regulation of axonogenesis","GO:0050771","false","0.0029711886245792018","2.5270697763304457","67","115","6","21031","IBA",,,,,,,,,,"ISS,IBA",,,,,,,,,,,,,,,,,,,,,,,,,,"IBA,IEA","IEA",,,,,,,,,,,,,,,,,"IBA",,,,,,,,,,,,,,,,,,,,,,,,,,,,,,,,,,,,,,,,,,,,,,"IEA",,,,,,,,,,,,,,,,,,,,
"GO:BP","locomotion","GO:0040011","false","0.005097382454873967","2.2926527802213674","1234","115","21","21031","IBA","IMP",,,"IDA,IMP",,,,,,"ISS,IBA,IEA",,,,"IBA",,,,,,,,,"IDA",,"ISS,IEA",,,,,,,,,,,"IBA","IMP,ISS,IBA,TAS,IEA",,,,,,,,,,,,,,,,,"IBA,IEA",,,,,,,,"IMP","IDA,IMP",,,,,,,,"IMP",,"ISS,IEA",,,,,,,,,,,,"IMP,IGI",,,,,,,,,,,,,,,"IDA,IBA,IEA",,,,,,"IMP,IBA",,"IEA",,,,,,,"IDA,IEA",,,"IDA,IMP,IEA","IDA,IBA",
"GO:BP","telencephalon development","GO:0021537","false","0.005246349237293822","2.28014280280757","279","115","10","21031",,,,,,,,,,,,,"IEA",,,,,,,,,,,,,,,"ISS,IEA",,,,,,,,,"IMP",,,,,,,,,,"IMP,IEP",,,,,,,,,,,,,,,,,,,,,,,,,,,,,,,,,,"ISS",,,,,,,,,,,,,,,,,,"ISS,IEA",,"IEA",,,,,,,,,"IEA",,,,,,"ISS",,,"IDA",,
"GO:BP","regulation of chemotaxis","GO:0050920","false","0.006622640684405883","2.178968807238024","224","115","9","21031","IBA",,,,,,,,,,"ISS,IBA",,,,,,,,,,,,,,,,,,,,,,,,,,"IBA","ISS,IEA",,,,,,,,,,,,,,,,,"IBA",,,,,,,,,"IDA",,,,,,,,,,,,,,,,,,,,,,,,,,,,,,,,,,,,,"IEA",,,,,,,,,,,,,,,"IDA",,,"IDA",,
"GO:BP","regulation of cellular component organization","GO:0051128","false","0.0070249598642218745","2.1533561526750904","2425","115","31","21031","IBA",,,,"IDA,IMP",,"ISS",,,,"ISS,IBA",,,,,,,,,,,,,"IDA,IMP",,"ISS,IEA",,"ISS,IEA",,,,,,,,,"IDA,IMP,IBA,IEA","IDA,IMP,ISS,IBA,IEA",,,,"IEA",,,,,,,,,"IEA","IDA,IMP,IEA",,,"IBA","IBA,IEA","IDA",,"IMP",,,,,"IMP,IEA",,"IEA",,,,,,"IEA","IDA,IMP",,,"IMP",,,,,"ISS",,,,,,,"ISS",,"IDA",,,,,,,,"IDA",,,"ISS,IEA",,,,,"ISS",,,"IDA,IMP,TAS",,,,,,,"IDA,ISS",,,"IDA","IMP",
"GO:BP","neuron recognition","GO:0008038","false","0.00765931632860242","2.1158099938094757","45","115","5","21031",,,,,,,,,,,"ISS",,,,,,,,,"IBA",,,,,,,,,,,,,,,,,,"IEA",,,,,,,,,,,,,,,,,,,,,,,,,,,,,,,,,,,,,,,,,,,,,,,,,,,,,,,,,,,,,,,,,,,,,,,,,,,,,,"ISS",,,"ISS,IEA",,
"GO:BP","axon extension","GO:0048675","false","0.00900478577397752","2.0455266146918794","124","115","7","21031","IBA",,,,,,,,,,"ISS,IBA",,,,,,,,,,,,,,,,,,,,,,,,,,"IDA,ISS,IBA,IEA","ISS,IEA",,,,,,,,,,,,,,,,,"IBA,IEA",,,,,,,,,,,,,,,,,,,,,,,,,,,,,,,,,,,,,,,,,,,,,,"IDA,IEA",,,,,,,,,,,,,,,,,,,"IDA",
"GO:BP","neural crest cell development","GO:0014032","false","0.009080475335694527","2.0418914168681277","81","115","6","21031","IBA",,,,,,,,,,"IBA",,,,,,,,,,,,,,,,,,,,,,,,,,"ISS,IBA","ISS,IBA,IEA",,,,,,,,,,,,,,,,,"IBA",,,,,,,,,,,,,,,,,,,,,,,,,,,,,,,,,,,,,,,,,,,,,,,,,,,,,,"TAS",,,,,,,,,,,,
"GO:BP","cardiac chamber morphogenesis","GO:0003206","false","0.009496259854482247","2.022447409910282","125","115","7","21031",,,,,,,,,,,,,,,,,,,,,,,,,,,,,,,,,,,,,,"ISS,IEA",,,,,,,,,,,,,,,,,,,,,,,,,,,,,,,,,,,,,,,,,,,,,,,,,,,,,,"IMP","IMP",,,,,,,,,,,,,,,,"IDA",,,,,,,"ISS",,,"ISS","ISS,IEA",
"GO:BP","semaphorin-plexin signaling pathway","GO:0071526","true","0.009533028793432262","2.0207690952386375","47","115","5","21031","IGI,ISS,IBA,IEA",,,,,,,,,,"IBA",,,,,,,,,,,,,,,,,,,,,,,,,,"ISS,IBA,TAS","ISS,NAS,IEA",,,,,,,,,,,,,,,,,"IBA",,,,,,,,,,,,,,,,,,,,,,,,,,,,,,,,,,,,,,,,,,,,,,,,,,,,,,,,,,,,,,,,,,
"GO:BP","neuron projection extension","GO:1990138","false","0.011141324495047657","1.9530631766041526","180","115","8","21031","IBA",,,,,,,,,,"ISS,IBA",,,,,,,,,,,,,,,,,,,,,,,,,,"IDA,ISS,IBA,IEA","ISS,IEA",,,,,,,,,,,,,,,,,"IBA,IEA",,,,,,,,,,,,,,,,,,,,,,,,,,,,,,,,,,,"IDA",,,,,,,,,,,"IDA,IEA",,,,,,,,,,,,,,,,,,,"IDA",
"GO:BP","stem cell development","GO:0048864","false","0.013758150722291654","1.8614399371090506","87","115","6","21031","IBA",,,,,,,,,,"IBA",,,,,,,,,,,,,,,,,,,,,,,,,,"ISS,IBA","ISS,IBA,IEA",,,,,,,,,,,,,,,,,"IBA",,,,,,,,,,,,,,,,,,,,,,,,,,,,,,,,,,,,,,,,,,,,,,,,,,,,,,"TAS",,,,,,,,,,,,
"GO:BP","outflow tract septum morphogenesis","GO:0003148","true","0.013806732432162898","1.8599090914859306","24","115","4","21031",,,,,,,,,,,,,,,,,,,,,,,,,,,,,,,,,,,,,,"ISS,IEA",,,,,,,,,,,,,,,,,,,,,,,,,,,,,,,,,,,,,,,,,,,,,,,,,,,,,,,"IMP",,,,,,,,,,,,,,,,,,,,,,,"ISS",,,"ISS",,
"GO:BP","cellular response to stimulus","GO:0051716","false","0.020927236171526524","1.6792881244904292","7394","115","63","21031","IDA,IGI,ISS,IBA,IEA","IDA,IMP,IBA,TAS,IEA",,"ISS","IMP,IBA,TAS,IEA",,"ISS,IEA",,"IBA,IEA","IEA","ISS,IBA","IBA,IEA",,,"IEA",,"IMP,ISS,IEA",,,,"IDA,IEA",,,,"IDA,IMP,IBA,IEA","NAS","IDA,ISS,TAS","ISS,TAS,NAS,IEA",,,,"IEA",,,,"TAS,IEA","ISS,IBA,TAS","IMP,ISS,IBA,TAS,NAS,IEA",,,,"IEA","IEA",,"IBA,TAS,IEA",,,"NAS",,,,"IDA,IBA,IEA","IBA,IEA",,"IBA",,"IDA,IBA,NAS,IEA","ISS",,,,,"TAS,IEA","IDA",,"ISS,IBA,IEA",,"IDA",,"ISS",,"TAS","TAS,IEA","IMP,ISS,IBA,IEA",,,"TAS",,,"IBA,TAS,IEA","ISS,IBA,IEA","IBA,TAS,IEA","IBA",,,"IBA,TAS,IEA","IDA,TAS","NAS","IBA","ISS",,"IDA,NAS",,,,"IDA,IMP,IGI,ISS,IBA,TAS,IEA","IEA","IDA,IMP,IBA,IEA",,"ISS",,,,"IDA","IBA,IEA","IEA","IMP,IBA,IEA","IDA,IMP,IBA,IEA","IDA,IMP,IBA,IEA","IEA",,,"TAS,IEA",,,"IEP,ISS",,,"IMP,ISS,IEA","IMP,IEP",
"GO:BP","response to stimulus","GO:0050896","false","0.021028283677625423","1.677196172855992","8976","115","72","21031","IDA,IGI,ISS,IBA,IEA","IDA,IMP,IBA,TAS,IEA",,"ISS","IMP,IBA,TAS,IEA","IDA","ISS,TAS,IEA",,"IBA,IEA","IEA","ISS,IBA,IEA","IBA,IEA",,,"IEA",,"IMP,ISS,IEA",,,,"IDA,IEA",,,"IDA","IDA,IMP,IBA,IEA","ISS,NAS,IEA","IDA,IMP,ISS,TAS","ISS,TAS,NAS,IEA",,,"IEA","IEA",,,,"TAS,IEA","ISS,IBA,TAS","IMP,ISS,IBA,TAS,NAS,IEA",,,"IMP","IEA","IEA",,"IBA,TAS,IEA",,,"NAS",,"IEA",,"IDA,IBA,IEA","IBA,IEA",,"IBA,IEA",,"IDA,IBA,NAS,IEA","ISS","TAS",,,,"TAS,IEA","IDA,IEA",,"ISS,IBA,TAS,IEA",,"IDA","IDA,IBA,IEA","ISS",,"TAS","TAS,IEA","IMP,ISS,IBA,IEA",,,"TAS",,,"IBA,TAS,IEA","ISS,IBA,IEA","IBA,TAS,IEA","IBA",,,"IBA,TAS,IEA","IDA,TAS","NAS","IBA","ISS",,"IDA,NAS",,,,"IDA,IMP,IGI,ISS,IBA,TAS,IEA","IEA","IDA,IMP,IBA,IEA","IEA","ISS","IDA,IBA,IEA",,,"IDA","IBA,IEA","IEA","IMP,IBA,IEA","IDA,IMP,IBA,IEA","IDA,IMP,IBA,TAS,IEA","IEA",,,"IDA,TAS,IEA",,,"IDA,IEP,ISS,IEA",,,"IDA,IMP,ISS,IEA","IDA,IMP,IEP,IBA",
"GO:BP","neural crest cell differentiation","GO:0014033","false","0.021505458695275394","1.667451289836117","94","115","6","21031","IBA",,,,,,,,,,"IBA",,,,,,,,,,,,,,,,,,,,,,,,,,"ISS,IBA","ISS,IBA,IEA",,,,,,,,,,,,,,,,,"IBA",,,,,,,,,,,,,,,,,,,,,,,,,,,,,,,,,,,,,,,,,,,,,,,,,,,,,,"TAS",,,,,,,,,,,,
"GO:BP","adenylate cyclase-inhibiting G protein-coupled glutamate receptor signaling pathway","GO:0007196","true","0.021770445788465445","1.6621326779185548","9","115","3","21031",,,,,,,,,,,,,,,,,,,,,"IEA",,,,"IMP",,,,,,,,,,,,,,,,,,,,,,,,,,,,,,,,,,,,,,,,,,,,,,,,,,,,,,,,,,,,,,,,,,,,,,,,,,,,,,,,,,,"IMP",,,,,,,,,,,,,
"GO:BP","regulation of anatomical structure morphogenesis","GO:0022603","false","0.02184547748810908","1.660638458247403","838","115","16","21031","ISS,IBA,IEA",,,,"IMP",,,,,,"ISS,IBA",,,,,,,,,,,,,,,,,"ISS,IEA",,,,,"ISS",,,,"IBA,IEA","ISS,IEA",,,,,,,,,,,,,"IEA",,,,"IBA",,,,,,,,,,,,,,,,,,,,,,,,,,,,,,,,"IEA","ISS",,"IDA",,,,,,,,"IDA",,,"IEA",,,,,,,,,,,,,,,"IDA,ISS",,,"IDA,ISS",,
"GO:BP","regulation of locomotion","GO:0040012","false","0.022130285160449535","1.6550129899221866","1038","115","18","21031","IBA","IMP",,,"IDA,IMP",,,,,,"ISS,IBA",,,,"IBA",,,,,,,,,"IDA",,"ISS,IEA",,,,,,,,,,,"IBA","IMP,ISS,IBA,TAS,IEA",,,,,,,,,,,,,,,,,"IBA",,,,,,,,"IMP","IDA,IMP",,,,,,,,"IMP",,,,,,,,,,,,,,"IMP,IGI",,,,,,,,,,,,,,,"IEA",,,,,,"IMP",,,,,,,,,"IDA",,,"IDA,IMP",,
"GO:BP","negative regulation of neuron projection development","GO:0010977","false","0.022959519455636037","1.639037205993123","143","115","7","21031","IBA",,,,,,,,,,"ISS,IBA",,,,,,,,,,,,,,,,,,,,,,,,,,"IMP,IBA,IEA","IEA",,,,,,,,,,,,,,,,,"IBA",,,,,,,,,,,,,,,,,"IEA",,,,,,,,,,,,,,,,,,,,,,,,,,,,,"IEA",,,,,,,,,,,,,,,,,,,,
"GO:BP","regulation of axon extension","GO:0030516","false","0.02426955318765773","1.614938219132463","96","115","6","21031","IBA",,,,,,,,,,"ISS,IBA",,,,,,,,,,,,,,,,,,,,,,,,,,"IDA,IBA,IEA","ISS,IEA",,,,,,,,,,,,,,,,,"IBA",,,,,,,,,,,,,,,,,,,,,,,,,,,,,,,,,,,,,,,,,,,,,,"IEA",,,,,,,,,,,,,,,,,,,,
"GO:BP","neural crest cell migration","GO:0001755","false","0.0271457682493393","1.5662978629150064","58","115","5","21031","IBA",,,,,,,,,,"IBA",,,,,,,,,,,,,,,,,,,,,,,,,,"ISS,IBA","ISS,IBA,IEA",,,,,,,,,,,,,,,,,"IBA",,,,,,,,,,,,,,,,,,,,,,,,,,,,,,,,,,,,,,,,,,,,,,,,,,,,,,,,,,,,,,,,,,
"GO:BP","cell migration","GO:0016477","true","0.02931597122470306","1.5328957132635206","1496","115","22","21031","IDA,IBA","IMP",,,"IDA,IMP",,,,,,"ISS,IBA",,"IMP",,"IBA",,,,,,,,,"IDA",,"ISS,IEA",,"IEA",,,,,,,,,"ISS,IBA","IMP,ISS,IBA,TAS,IEA",,,,,,,,,,,,,,,,,"IBA",,,,,,,,"IMP","IDA,IMP,IBA,IEA",,,,,,,,"IMP",,"ISS,IEA",,,,,,,,,,,,"IMP,IGI",,,,,,,,,,,,,,,"IEA",,,,,,"IMP,IBA",,,"IEA",,,,"IBA,IEA",,,,,"IDA,IMP",,
"GO:BP","mesenchymal cell migration","GO:0090497","false","0.03207537849741492","1.493828210140287","60","115","5","21031","IBA",,,,,,,,,,"IBA",,,,,,,,,,,,,,,,,,,,,,,,,,"ISS,IBA","ISS,IBA,IEA",,,,,,,,,,,,,,,,,"IBA",,,,,,,,,,,,,,,,,,,,,,,,,,,,,,,,,,,,,,,,,,,,,,,,,,,,,,,,,,,,,,,,,,
"GO:BP","negative regulation of nervous system development","GO:0051961","false","0.037113509073996576","1.4304679812635734","154","115","7","21031","IBA",,,,,,,,,,"ISS,IBA",,,,,,,,,,,,,,,,,,,,,,,,,,"IBA,IEA","IEA",,,,,,,,,,,,,,,,,"IBA",,,,,,,,,,,,,,,,,,,,,,,,,,,,,,,,,,,,,,,,,,,,,,"ISS,IEA",,,,,,,,,,,,,,,"ISS",,,,,
"GO:BP","metal ion transport","GO:0030001","true","0.03813865666090606","1.4186346079609673","877","115","16","21031",,,,"IMP,ISS,IBA,IEA",,,,,,,,,,,,,,,"IDA,TAS,IEA",,,,,,,,"IDA,IMP,IGI,ISS,IBA,TAS,IEA",,,,,,,,,,,,,,,"IBA,IEA",,,,"ISS,IBA",,,,,,,,,,,,"ISS,TAS","TAS",,,,,,,,,,"IDA,TAS,IEA","IDA,IBA,IEA",,,,"ISS,IEA",,,,,,,,"IBA",,,,,,,,,"IDA,IEA",,,,,,,,,,,"IBA,IEA",,,,,,,,"IEA",,,"ISS,IBA,IEA",,,,,,,,"IBA,IEA"
"GO:BP","negative regulation of cell migration","GO:0030336","false","0.04543875890571806","1.3425735392635674","285","115","9","21031",,"IMP",,,"IDA,IMP",,,,,,,,,,"IBA",,,,,,,,,"IDA",,"ISS,IEA",,,,,,,,,,,,,,,,,,,,,,,,,,,,,,,,,,,,,"IMP",,,,,,,,,"IMP",,,,,,,,,,,,,,"IMP,IGI",,,,,,,,,,,,,,,,,,,,,,,,,,,,,,,,,"IMP",,
"GO:BP","negative regulation of developmental growth","GO:0048640","false","0.0475022874082073","1.323285477010001","108","115","6","21031","IBA",,,,,,,,,,"ISS,IBA",,,,,,,,,,,,,,,,,,,,,,,,,,"IBA,IEA","IEA",,,,,,,,,,,,,,,,,"IBA",,,,,,,,,,,,,,,,,,,,,,,,,,,,,,,,,,,,,,,,,,,,,,"IEA",,,,,,,,,,,,,,,,,,,,
"GO:BP","negative regulation of negative chemotaxis","GO:0050925","false","0.04940287748133871","1.3062477547631406","2","115","2","21031",,,,,,,,,,,,,,,,,,,,,,,,,,,,,,,,,,,,,,,,,,,,,,,,,,,,,,,,,,,,,,,,,,,,,,,,,,,,,,,,,,,,,,,,,,,,,,,,,,,,,,,,,,,,,,,,,,,,"IDA",,,"IDA",,
"GO:BP","tissue morphogenesis","GO:0048729","false","0.049964583911572547","1.3013377248980023","611","115","13","21031","ISS,IEA",,,,"ISS",,,,"IEP",,,,,,,,"IEA",,,,,,,"IDA",,,,,,,,,,,,,,"ISS,IEA",,,,,,,,,,,,"IEA",,,,,,,,,,,,,,,,,,,,,,,,,,,,,,,,,,,,"IMP,IGI",,,,,,,"IMP",,,,,,,,,,,,,,,,"IDA",,,,,"IEA",,"ISS",,,"ISS",,
"GO:CC","synapse","GO:0045202","true","8.218503960740894e-12","11.085207231210163","1468","119","35","22097",,,,,,,,"ISS,IEA","IEA",,,,,,,,,,,"IEA","ISS,IBA,IEA",,,,"IEA","ISS,IBA,IEA","IDA,ISS,IBA","IEA",,"ISS,IEA",,,,,,"IBA,IEA","IBA","IEA",,"IBA,IEA",,"IEA",,"ISS,IBA,TAS,IEA",,,,"IEA",,,,,,,,"IBA,IEA",,"IDA,IMP,IEP",,,"IDA,IEA","ISS,IEA",,,,,,"ISS,IBA,TAS,IEA","IEA",,,,"IDA,IMP","IEA",,"IDA,IBA,IEA",,,,"IEA",,"IEA",,,,,,"IEA",,"IBA,TAS,IEA","ISS,IEA",,,,,,"ISS,IBA,TAS,IEA","IEA",,,,,"IBA,IEA",,,,,,"IDA,IMP","IEA",,,,,,,,,,,
"GO:CC","cell junction","GO:0030054","false","7.522625034004652e-10","9.1236305850931","2230","119","40","22097",,,,,"IDA,IBA,IEA",,,"ISS,IEA","HDA,IEA",,,,,,,,,,,"IEA","ISS,IBA,IEA",,,,"IEA","ISS,IBA,IEA","IDA,ISS,IBA,TAS,IEA","IEA",,"ISS,IEA",,"IDA",,,,"IBA,IEA","IBA","IDA,HDA,IBA,IEA",,"IBA,IEA",,"IEA",,"ISS,IBA,TAS,IEA",,,,"IEA",,,,,,,,"IBA,IEA",,"IDA,IMP,IEP,IEA",,,"IDA,IEA","ISS,IEA","IDA,IBA,TAS,IEA","IDA,IMP,IBA,IEA",,,,"ISS,IBA,TAS,IEA","IEA",,,,"IDA,IMP,HDA","IEA",,"IDA,IBA,IEA",,,,"IEA",,"IEA",,,,,,"IEA",,"IBA,TAS,IEA","ISS,IEA",,,,,,"ISS,IBA,TAS,IEA","IEA",,,,,"IBA,IEA",,,,,,"IDA,IMP","IEA",,,,,"IDA,HDA",,,,,,
"GO:CC","plasma membrane","GO:0005886","true","8.247380924598232e-9","8.083683946066127","5742","119","65","22097",,"IDA,IEA","IEA","IBA","IDA",,"ISS,IEA","TAS,IEA","IDA,IBA,TAS,IEA","IMP,TAS","TAS",,,,,,"IDA,TAS,IEA",,"TAS,IEA","IBA,TAS,IEA","IDA,IBA,TAS,IEA",,"IDA,IEA",,"IDA,TAS,IEA",,"IDA,ISS,IBA,TAS,IEA","IDA,IBA,TAS,NAS,IEA","TAS,IEA","ISS,IEA",,,"IDA,IEA","IBA",,"IBA,TAS,IEA",,"IDA,TAS,IEA",,,,"TAS,IEA",,"IBA,IEA","IBA,TAS","IPI,ISS,IBA,IEA",,"IEA",,,,,"TAS,IEA",,,"IBA,IEA",,"ISS,IEA",,"IBA",,"IEA","IDA","IDA,TAS,IEA",,"IBA,TAS",,"TAS,IEA","IDA,IBA,TAS,IEA","IDA,RCA,TAS,IEA",,"TAS",,"ISS,IEA",,,,,,"TAS","IDA,TAS,IEA",,,,,,,"ISS,TAS,IEA","IBA","IBA,IEA","IEA","TAS",,"ISS,IBA,IEA",,"IEA",,"IDA",,,,"ISS,IEA","IEA",,,"ISS,IEA","IDA,IBA,IEA","TAS,IEA","IDA,IEA","IEA",,"IDA,TAS,IEA","IDA,IBA",,"IDA,IBA,TAS,IEA","ISS,TAS,IEA","IBA,TAS,IEA",,"IDA,TAS,IEA",,"TAS"
"GO:CC","cell periphery","GO:0071944","false","9.585726636765125e-9","8.01837496026362","6228","119","68","22097",,"IDA,IEA","IEA","IBA","IDA",,"ISS,IEA","TAS,IEA","IDA,IBA,TAS,IEA","IMP,TAS","TAS",,,,,,"IDA,TAS,IEA","HDA,IBA","TAS,IEA","IBA,TAS,IEA","IDA,IBA,TAS,IEA",,"IDA,IEA",,"IDA,TAS,IEA",,"IDA,ISS,IBA,TAS,IEA","IDA,IBA,TAS,NAS,IEA","TAS,IEA","ISS,IEA",,,"IDA,IEA","IBA",,"IBA,TAS,IEA",,"IDA,TAS,IEA",,,,"TAS,IEA",,"IBA,IEA","IBA,TAS","IPI,ISS,IBA,IEA",,"IEA",,,,,"TAS,IEA",,,"IBA,IEA",,"ISS,IEA",,"IBA",,"IEA","IDA","IDA,TAS,IEA",,"IBA,TAS",,"IBA,TAS,IEA","IDA,IBA,TAS,IEA","IDA,RCA,TAS,IEA",,"TAS",,"ISS,IEA",,,,,,"TAS","IDA,TAS,IEA",,,,,,,"ISS,TAS,IEA","IBA","IBA,IEA","IEA","TAS",,"ISS,IBA,IEA",,"IEA","IBA,TAS,IEA","IDA",,,,"ISS,IEA","IEA",,,"ISS,IEA","IDA,IBA,IEA","TAS,IEA","IDA,IEA","IEA",,"IDA,TAS,IEA","IDA,IBA,IEA","IEA","IDA,IBA,TAS,IEA","ISS,TAS,IEA","IBA,TAS,IEA",,"IDA,TAS,IEA",,"TAS"
"GO:CC","neuron projection","GO:0043005","true","1.0471112945939133e-7","6.980007155895911","1334","119","28","22097",,,,,,,"IBA",,"IEA",,,,"IEA",,,,,,,"IBA","ISS",,,,,,"ISS,IBA","IEA",,,,,,,,,"IBA,IEA","ISS,IBA,IEA",,"IEA",,"IEA",,"ISS,IBA,IEA",,,,,,,,"IDA,IEA",,,,"IEA",,,"IBA",,,"ISS,IEA",,,,,,,,,,,,"IEA",,"IDA,IBA,IEA","IDA,IBA,IEA",,,,"IDA,ISS,IBA,IEA","IEA",,,,,,"ISS,IEA",,,,,,,,,"IBA",,"ISS,IEA",,,,,,,"IBA,IEA","ISS,IEA",,,,,,,,,"ISS",,,"IBA,IEA",,
"GO:CC","cell projection","GO:0042995","false","4.407680668103489e-7","6.355789877201686","2389","119","37","22097",,"IEA",,,"IDA",,"IBA",,"IEA",,,,"IEA",,,,,,,"IBA","ISS",,,,,,"ISS,IBA","IEA",,"IEA",,,,,,,"IBA,IEA","ISS,IBA,IEA",,"IEA",,"IEA",,"ISS,IBA,IEA",,,,,,,,"IDA,IMP,IEA",,,,"IEA",,"IEA","IBA",,,"ISS,IEA",,"IDA",,,,"IDA,IEA",,,,,,"IEA",,"IDA,IBA,IEA","IDA,ISS,IBA,IEA",,,"IEA","IDA,ISS,IBA,IEA","IEA",,,,,,"ISS,IEA",,"IEA",,,,,,,"IBA,IEA",,"ISS,IEA",,,,"IEA",,,"IBA,IEA","ISS,IEA",,,,,,,,,"ISS",,,"IBA,IEA",,
"GO:CC","membrane","GO:0016020","false","0.000002492972480183913","5.60328251562789","9864","119","84","22097",,"IDA,IEA","IEA","ISS,IBA,TAS,IEA","IDA,IBA,IEA",,"ISS,IEA","TAS,IEA","IDA,IBA,TAS,IEA","IMP,TAS","ISS,TAS,IEA",,,"IEA",,,"IDA,TAS,IEA",,"TAS,IEA","IBA,TAS,IEA","IDA,IBA,TAS,IEA",,"IDA,IEA","NAS,IEA","IDA,TAS,IEA","IDA,ISS,IBA,IEA","IDA,ISS,IBA,TAS,IEA","IDA,HDA,IBA,TAS,NAS,IC,IEA","TAS,IEA","ISS,IEA",,,"IDA,TAS,IEA","IBA,IEA","TAS,IEA","IBA,TAS,IEA",,"IDA,TAS,IEA",,"IBA,IEA",,"TAS,IEA",,"ISS,IBA,IEA","IBA,TAS,IEA","IDA,IPI,ISS,IBA,IEA",,"NAS,IEA",,"IEA","TAS,IEA",,"TAS,IEA","TAS,IEA","IEA","IBA,IEA",,"ISS,IEA","HDA,TAS,IEA","IBA","IDA,IEA","IDA,IEA","IDA,IMP","IDA,TAS,IEA",,"IDA,IBA,TAS,IEA","IDA,IBA,TAS,NAS,IEA","TAS,IEA","IDA,IBA,TAS,IEA","IDA,RCA,TAS,IEA",,"TAS,IEA",,"ISS,IEA",,,"IEA",,,"TAS","IDA,TAS,IEA",,"IEA","TAS,IEA",,"IEA",,"ISS,TAS,IEA","IBA","IBA,IEA","ISS,IBA,IEA","TAS,IEA",,"ISS,IBA,IEA",,"IDA,IEA","IEA","IDA",,"IBA,IEA",,"ISS,IBA,IEA","IEA",,,"ISS,IEA","IDA,IBA,IEA","TAS,IEA","IDA,NAS,IEA","TAS,IEA",,"IDA,TAS,IEA","IDA,IMP,HDA,IBA,TAS,IEA","IEA","IDA,IBA,TAS,IEA","ISS,TAS,IEA","IBA,TAS,IEA",,"IDA,TAS,IEA",,"TAS,IEA"
"GO:CC","presynapse","GO:0098793","false","0.0000027791638264670238","5.55608585162726","564","119","17","22097",,,,,,,,,,,,,,,,,,,,,"ISS,IBA",,,,"IEA","ISS,IBA,IEA","ISS",,,"ISS,IEA",,,,,,"IBA,IEA",,,,"IBA,IEA",,,,"ISS,IBA,TAS,IEA",,,,,,,,,,,,,,,,,"IDA,IEA",,,,,,,"IBA,TAS,IEA",,,,,,"IEA",,,,,,"IEA",,,,,,,,,,"IBA,TAS,IEA","ISS,IEA",,,,,,"IBA,TAS,IEA","IEA",,,,,"IBA,IEA",,,,,,,,,,,,,,,,,,
"GO:CC","postsynapse","GO:0098794","false","0.000021870486896601317","4.660141548276794","650","119","17","22097",,,,,,,,,"IEA",,,,,,,,,,,,"IBA,IEA",,,,,,"ISS,IBA",,,,,,,,,"IBA,IEA",,"IEA",,,,"IEA",,"IBA,IEA",,,,"IEA",,,,,,,,"IBA,IEA",,,,,,"ISS,IEA",,,,,,,,,,,,"IEA",,"IDA,IBA,IEA",,,,"IEA",,"IEA",,,,,,"IEA",,,,,,,,,"IEA","IEA",,,,,,,,,,,,,,,,,,,,,,,
"GO:CC","plasma membrane bounded cell projection","GO:0120025","false","0.00002271689881175211","4.643650956450021","2277","119","33","22097",,"IEA",,,"IDA",,"IBA",,"IEA",,,,"IEA",,,,,,,"IBA","ISS",,,,,,"ISS,IBA","IEA",,,,,,,,,"IBA,IEA","ISS,IBA,IEA",,"IEA",,"IEA",,"ISS,IBA,IEA",,,,,,,,"IDA,IMP,IEA",,,,"IEA",,"IEA","IBA",,,"ISS,IEA",,"IDA",,,,"IDA",,,,,,"IEA",,"IDA,IBA,IEA","IDA,ISS,IBA,IEA",,,,"IDA,ISS,IBA,IEA","IEA",,,,,,"ISS,IEA",,,,,,,,,"IBA",,"ISS,IEA",,,,,,,"IBA,IEA","ISS,IEA",,,,,,,,,"ISS",,,"IBA,IEA",,
"GO:CC","postsynaptic density","GO:0014069","false","0.00004476492966934885","4.3490620934951565","318","119","12","22097",,,,,,,,,"IEA",,,,,,,,,,,,"IBA",,,,,,"ISS",,,,,,,,,"IBA",,,,,,,,,,,,"IEA",,,,,,,,"IEA",,,,,,,,,,,,,,,,,,"IEA",,"IEA",,,,,,"IEA",,,,,,"IEA",,,,,,,,,"IEA","IEA",,,,,,,,,,,,,,,,,,,,,,,
"GO:CC","asymmetric synapse","GO:0032279","false","0.00007584491341020044","4.120073540150245","334","119","12","22097",,,,,,,,,"IEA",,,,,,,,,,,,"IBA",,,,,,"ISS",,,,,,,,,"IBA",,,,,,,,,,,,"IEA",,,,,,,,"IEA",,,,,,,,,,,,,,,,,,"IEA",,"IEA",,,,,,"IEA",,,,,,"IEA",,,,,,,,,"IEA","IEA",,,,,,,,,,,,,,,,,,,,,,,
"GO:CC","postsynaptic specialization","GO:0099572","false","0.00011052868756163142","3.9565249868409733","346","119","12","22097",,,,,,,,,"IEA",,,,,,,,,,,,"IBA",,,,,,"ISS",,,,,,,,,"IBA",,,,,,,,,,,,"IEA",,,,,,,,"IEA",,,,,,,,,,,,,,,,,,"IEA",,"IEA",,,,,,"IEA",,,,,,"IEA",,,,,,,,,"IEA","IEA",,,,,,,,,,,,,,,,,,,,,,,
"GO:CC","glutamatergic synapse","GO:0098978","false","0.0001432839532715889","3.8438024446049246","424","119","13","22097",,,,,,,,,"IEA",,,,,,,,,,,,"IEA",,,,,,,,,,,,,,,,"IBA","IEA",,,,,,,,,,"IEA",,,,,,,,"IEA",,"IDA,IMP,IEP",,,,,,,,,,,,,,,"IDA,IMP",,,"IEA",,,,,,"IEA",,,,,,,,,,,,,,,"IBA","IEA",,,,,,,,,,,"IDA,IMP",,,,,,,,,,,,
"GO:CC","somatodendritic compartment","GO:0036477","false","0.0001912015332157644","3.718508629505126","848","119","18","22097",,,,,,,,,"IEA",,,,,,,,,,,,"ISS",,,,,,"ISS","IEA",,,,,,,,,"IEA",,,,,"IEA",,"IEA",,,,,,,,"IDA,IEA",,,,"IEA",,,,,,"ISS,IEA",,,,,,,,,,,,"IEA",,"IDA,IBA,IEA",,,,,"IDA,IBA,IEA","IEA","IBA",,,,,"IEA",,,,,,,,,,,,,,,,,"IBA,IEA",,,,,,,,,"IEA",,,,,,,
"GO:CC","neuron to neuron synapse","GO:0098984","false","0.00020038693493476995","3.6981305975288636","366","119","12","22097",,,,,,,,,"IEA",,,,,,,,,,,,"IBA",,,,,,"ISS",,,,,,,,,"IBA,IEA",,,,,,,,,,,,"IEA",,,,,,,,"IEA",,,,,,,,,,,,,,,,,,"IEA",,"IEA",,,,,,"IEA",,,,,,"IEA",,,,,,,,,"IEA","IEA",,,,,,,,,,,,,,,,,,,,,,,
"GO:CC","dendrite","GO:0030425","false","0.0003763880019417863","3.4243642289576526","622","119","15","22097",,,,,,,,,"IEA",,,,,,,,,,,,"ISS",,,,,,"ISS","IEA",,,,,,,,,"IEA",,,,,"IEA",,"IEA",,,,,,,,"IDA,IEA",,,,"IEA",,,,,,"ISS,IEA",,,,,,,,,,,,"IEA",,"IDA,IBA,IEA",,,,,"IDA,IBA,IEA","IEA",,,,,,"IEA",,,,,,,,,,,,,,,,,,,,,,,,,,,,,,,,,
"GO:CC","dendritic tree","GO:0097447","false","0.0003916448865029738","3.407107539434254","624","119","15","22097",,,,,,,,,"IEA",,,,,,,,,,,,"ISS",,,,,,"ISS","IEA",,,,,,,,,"IEA",,,,,"IEA",,"IEA",,,,,,,,"IDA,IEA",,,,"IEA",,,,,,"ISS,IEA",,,,,,,,,,,,"IEA",,"IDA,IBA,IEA",,,,,"IDA,IBA,IEA","IEA",,,,,,"IEA",,,,,,,,,,,,,,,,,,,,,,,,,,,,,,,,,
"GO:CC","cytoskeleton of presynaptic active zone","GO:0048788","false","0.002430747287137849","2.614260190274936","8","119","3","22097",,,,,,,,,,,,,,,,,,,,,,,,,,,,,,,,,,,,,,,,,,,,,,,,,,,,,,,,,,,,,,,,,,,,"IBA",,,,,,,,,,,,,,,,,,,,,,"IBA",,,,,,,"IBA,TAS",,,,,,,,,,,,,,,,,,,,,,,,
"GO:CC","synaptic membrane","GO:0097060","false","0.003104910054631046","2.507950976274262","399","119","11","22097",,,,,,,,,"IEA",,,,,,,,,,,,"IBA,IEA",,,,,,,,,"ISS,IEA",,,,,,"IBA,IEA",,"IEA",,,,,,"IBA,IEA",,,,"IEA",,,,,,,,"IBA,IEA",,,,,,,,,,,,"TAS,IEA",,,,,,,,,,,,,,,,,,,,"IEA",,"IBA,IEA",,,,,,,,,,,,,,,,,,,,,,,,,,,,,,,
"GO:CC","presynaptic cytoskeleton","GO:0099569","false","0.0070778647144227715","2.150097742679173","11","119","3","22097",,,,,,,,,,,,,,,,,,,,,,,,,,,,,,,,,,,,,,,,,,,,,,,,,,,,,,,,,,,,,,,,,,,,"IBA",,,,,,,,,,,,,,,,,,,,,,"IBA",,,,,,,"IBA,TAS",,,,,,,,,,,,,,,,,,,,,,,,
"GO:CC","sarcoplasmic reticulum membrane","GO:0033017","true","0.02671456003195679","1.5732519739147943","44","119","4","22097",,,,"ISS,IBA,TAS,IEA",,,,,,,,,,,,,,,,,,,,,,,,,,,,,,,,,,,,,,,,,,,,,,,,,,,,,,"ISS,IEA","IEA",,,,,,,,,,,,,,,,,,,,,,,,,,,,,,,,,,,,,,,,,,,,,,,,,,,,,,"IMP",,,,,,,,
"GO:CC","presynaptic active zone cytoplasmic component","GO:0098831","false","0.034052121831092255","1.4678558214656043","18","119","3","22097",,,,,,,,,,,,,,,,,,,,,,,,,,,,,,,,,,,,,,,,,,,,,,,,,,,,,,,,,,,,,,,,,,,,"IBA",,,,,,,,,,,,,,,,,,,,,,"IBA",,,,,,,"IBA,TAS,IEA",,,,,,,,,,,,,,,,,,,,,,,,
"GO:CC","postsynaptic membrane","GO:0045211","false","0.038767632446650095","1.4115307207042054","278","119","8","22097",,,,,,,,,"IEA",,,,,,,,,,,,"IBA,IEA",,,,,,,,,,,,,,,"IBA,IEA",,"IEA",,,,,,"IBA,IEA",,,,"IEA",,,,,,,,"IBA,IEA",,,,,,,,,,,,,,,,,,,,,,,,,,,,,,,,"IEA",,,,,,,,,,,,,,,,,,,,,,,,,,,,,,,,,
"KEGG","Axon guidance","KEGG:04360","false","2.8830613929756865e-7","6.540146109485991","181","60","12","8484","KEGG",,,,,,,,,,"KEGG",,,,"KEGG",,,,,,,,,,,,,,,,,,,,,,"KEGG","KEGG",,,,,,,,,,,,,,,,,"KEGG",,,,"KEGG",,,,,,,,,,,,,,,,,,,,,,"KEGG",,,,,,,,,,,,,,,,,,,,"KEGG",,,,,,,,,,,,,,,"KEGG",,,"KEGG","KEGG",
"KEGG","Glutamatergic synapse","KEGG:04724","false","0.0012163203504052193","2.9149520269626854","115","60","7","8484",,,,,,,,,,,,,,,,,,,,,"KEGG",,,,"KEGG",,,,,,,,,,,"KEGG",,,,,,,,,,,,,,,,,,,,,,,,,,,,,,,,,,,,,,,,,,,,"KEGG",,"KEGG",,,,,,,,,,,,,,,,,,,,,,,,,,"KEGG",,,,,"KEGG",,,,,,,,
"KEGG","Insulin secretion","KEGG:04911","false","0.0258721888066524","1.5871668280890312","85","60","5","8484",,,,,,,,,,,,,,,,,,,,,,,,,,,,,,,,,,,,,,,,,,,,,,,,,,,,,,,,,,,"KEGG",,,,,,,,,,"KEGG",,,,,,,,,,,,,"KEGG",,,,,,,,"KEGG",,,,,,,"KEGG",,,,,,,,,,,,,,,,,,,,,,,,
"REAC","Regulation of commissural axon pathfinding by SLIT and ROBO","REAC:R-HSA-428542","false","0.00009219334273594272","4.035300438137575","9","73","4","10842",,,,,,,,,,,,,,,,,,,,,,,,,,,,,,,,,,,,,,,,,,,,,,,,,,,,,,,,,,,,,,,,,,,,,,,,,,,,,,,,,,,,,,,,,,,,,,,,,,,,,"REAC",,,,,,,,,,,,,,,"REAC",,,"REAC","REAC",
"REAC","Regulation of cortical dendrite branching","REAC:R-HSA-8985801","false","0.0004626541453502588","3.3347435422295177","4","73","3","10842",,,,,,,,,,,,,,,,,,,,,,,,,,,,,,,,,,,,,,,,,,,,,,,,,,,,,,,,,,,,,,,,,,,,,,,,,,,,,,,,,,,,,,,,,,,,,,,,,,,,,"REAC",,,,,,,,,,,,,,,"REAC",,,"REAC",,
"REAC","G-protein mediated events","REAC:R-HSA-112040","false","0.011694412977518776","1.9320215735147552","54","73","5","10842",,,,,,,,,,,,,,,,,,,,,,,,,,,,,,,,,,,,,,,,,,,,,"REAC",,,,,,,,,,,,,,"REAC",,,,,,,,,,,,,,,,,,,,,,,"REAC",,,,,,,,,,,,,,,,,,,,,,,"REAC",,,,,,,,"REAC",,,,,,,,
"REAC","Diseases associated with O-glycosylation of proteins","REAC:R-HSA-3906995","false","0.028838928257852357","1.5400208833544615","65","73","5","10842",,,"REAC",,,,,,,,"REAC",,,,,,,,,,,,,,,,,,,,,,,,"REAC",,,,,,,,,,,,,,,,,,,,"REAC",,,,,,,,,,,,,,,,,,,,,,,,,,,,,,,,,,,,,,,,,,,,,,,,,,,,,,,"REAC",,,,,,,,,,,
"REAC","Defective B3GALTL causes PpS","REAC:R-HSA-5083635","false","0.03355925413383564","1.4741877000828807","35","73","4","10842",,,"REAC",,,,,,,,"REAC",,,,,,,,,,,,,,,,,,,,,,,,"REAC",,,,,,,,,,,,,,,,,,,,"REAC",,,,,,,,,,,,,,,,,,,,,,,,,,,,,,,,,,,,,,,,,,,,,,,,,,,,,,,,,,,,,,,,,,
"REAC","O-glycosylation of TSR domain-containing proteins","REAC:R-HSA-5173214","false","0.03756271311389766","1.425243046655123","36","73","4","10842",,,"REAC",,,,,,,,"REAC",,,,,,,,,,,,,,,,,,,,,,,,"REAC",,,,,,,,,,,,,,,,,,,,"REAC",,,,,,,,,,,,,,,,,,,,,,,,,,,,,,,,,,,,,,,,,,,,,,,,,,,,,,,,,,,,,,,,,,
"WP","Neuroinflammation and glutamatergic signaling","WP:WP5083","false","0.04939216515509871","1.3063419356869694","140","56","6","8286",,,,,,,,,,,,,,,,,,,,,"WP",,,,"WP",,,,,,,,,,,"WP",,,,,,,,,,,,,,,,,,,,,,,"WP",,,,,,,,,,,,,,,,,,,,,,,"WP",,,,,,,,,,,,,,,,,,,,,,,,,,"WP",,,,,,,,,,,,,
"TF","Factor: ETF; motif: GVGGMGG; match class: 1","TF:M00695_1","false","1.8251364452974732e-7","6.738704662591228","7249","121","79","20045",,"TF",,,"TF","TF",,"TF",,"TF","TF","TF","TF","TF","TF",,"TF",,,"TF","TF","TF","TF","TF","TF",,"TF","TF","TF",,"TF","TF","TF","TF","TF","TF",,"TF",,,"TF","TF",,,,"TF","TF","TF","TF",,"TF","TF",,"TF","TF","TF","TF","TF","TF","TF",,"TF","TF",,"TF",,"TF","TF","TF",,"TF","TF",,,,,"TF",,"TF","TF","TF","TF","TF","TF","TF","TF","TF",,,"TF","TF","TF","TF","TF","TF","TF","TF",,"TF","TF",,,"TF","TF",,,,"TF","TF",,"TF","TF","TF","TF",,,,,,"TF",
"TF","Factor: ETF; motif: GVGGMGG","TF:M00695","false","0.00002843027146866004","4.546218993395095","10745","121","95","20045",,"TF",,"TF","TF","TF",,"TF",,"TF","TF","TF","TF","TF","TF",,"TF","TF",,"TF","TF","TF","TF","TF","TF",,"TF","TF","TF",,"TF","TF","TF","TF","TF","TF",,"TF","TF","TF","TF","TF",,,"TF","TF","TF","TF","TF","TF","TF","TF",,"TF","TF","TF","TF","TF","TF","TF",,"TF","TF",,"TF","TF","TF","TF","TF","TF","TF","TF","TF","TF",,,"TF","TF","TF","TF","TF","TF","TF","TF","TF","TF","TF",,"TF","TF","TF","TF","TF","TF","TF","TF","TF","TF","TF","TF","TF",,"TF","TF",,,"TF","TF","TF",,"TF","TF","TF","TF",,"TF",,,,"TF",
"TF","Factor: ZXDL; motif: GSGSCNNGGGMRGCNCCGGGS; match class: 1","TF:M12722_1","false","0.00003154559882483716","4.501061224040087","6868","121","72","20045",,"TF",,,"TF","TF",,"TF",,"TF","TF","TF","TF","TF",,,,,,"TF","TF",,"TF","TF","TF",,"TF","TF","TF",,,"TF","TF","TF","TF","TF",,,,,,,,,"TF","TF","TF",,,,"TF","TF",,"TF","TF","TF","TF","TF","TF","TF",,"TF","TF","TF","TF",,,"TF","TF",,"TF","TF",,,,,"TF",,"TF","TF",,"TF","TF","TF","TF","TF","TF",,"TF","TF","TF","TF","TF","TF","TF","TF","TF",,"TF","TF","TF",,"TF","TF",,,,"TF","TF",,"TF",,"TF","TF",,"TF",,,,"TF",
"TF","Factor: MOVO-B; motif: GNGGGGG; match class: 1","TF:M01104_1","false","0.0007210781017603555","3.1420176932187838","5843","121","62","20045",,"TF",,"TF","TF",,,"TF","TF","TF","TF",,"TF","TF","TF",,"TF","TF",,"TF","TF",,"TF","TF",,,,"TF","TF",,"TF","TF",,,,"TF",,"TF","TF",,,"TF",,,,"TF",,"TF",,"TF","TF","TF",,,,,"TF",,"TF","TF",,"TF","TF","TF","TF",,,,"TF","TF",,"TF",,,,,"TF",,"TF",,,"TF",,"TF","TF",,"TF",,"TF","TF","TF","TF","TF","TF",,"TF",,,,,"TF",,,"TF",,,"TF","TF","TF",,"TF","TF","TF","TF",,"TF",,,,,
"TF","Factor: RNF96; motif: BCCCGCRGCC","TF:M01199","false","0.0013534810928452412","2.868547806631807","8748","121","80","20045",,"TF",,,"TF","TF",,"TF","TF",,"TF","TF","TF","TF",,,"TF","TF",,"TF","TF",,"TF","TF","TF",,"TF","TF","TF",,"TF","TF",,,"TF","TF",,"TF",,,"TF",,,,"TF","TF","TF",,"TF","TF","TF","TF",,"TF","TF","TF","TF","TF","TF","TF",,"TF","TF","TF","TF","TF","TF","TF",,,"TF","TF",,"TF",,,"TF",,"TF","TF",,"TF","TF","TF","TF","TF","TF",,,"TF","TF","TF","TF","TF","TF",,"TF",,"TF","TF","TF","TF","TF","TF",,,"TF","TF","TF","TF","TF","TF","TF",,,"TF",,,,,"TF"
"TF","Factor: ZNF138; motif: GCAGCRSCNSGSNCMGSGCS","TF:M13144","false","0.002140237762587747","2.6695379774713497","9856","121","86","20045",,"TF",,"TF",,"TF",,"TF","TF","TF","TF","TF","TF","TF","TF",,,"TF",,"TF","TF",,"TF",,"TF",,"TF","TF","TF","TF",,"TF","TF","TF","TF","TF",,"TF","TF",,"TF","TF",,"TF","TF","TF","TF","TF","TF","TF","TF","TF",,"TF","TF","TF","TF","TF","TF",,,"TF","TF","TF","TF","TF","TF","TF","TF","TF","TF","TF",,"TF",,,"TF",,"TF","TF","TF","TF","TF","TF","TF",,"TF",,"TF","TF","TF","TF","TF","TF","TF","TF","TF","TF",,"TF",,,"TF",,,,"TF","TF","TF",,"TF","TF","TF","TF",,,"TF",,,"TF",
"TF","Factor: TAFII250; motif: RARRWGGCGGMGGNGR; match class: 1","TF:M10086_1","false","0.002299902181883956","2.638290634752591","4076","121","48","20045",,,,"TF","TF","TF",,"TF",,,"TF","TF","TF","TF",,,"TF",,,,,"TF","TF","TF",,,"TF","TF","TF",,,"TF","TF",,,"TF",,"TF",,,,,,,,"TF","TF","TF",,,,,,"TF","TF","TF","TF","TF",,,,,"TF",,"TF","TF",,,"TF",,"TF",,,,,,"TF",,"TF","TF","TF",,,,"TF",,,"TF","TF","TF",,,,"TF",,"TF","TF",,,,,,,,,,,,"TF",,"TF",,"TF","TF",,,,,,,"TF"
"TF","Factor: RNF96; motif: BCCCGCRGCC; match class: 1","TF:M01199_1","false","0.002402384243690841","2.619357529169283","4481","121","51","20045",,"TF",,,"TF","TF",,"TF","TF",,,"TF",,"TF",,,,"TF",,,"TF",,"TF","TF","TF",,"TF","TF",,,"TF","TF",,,,"TF",,,,,,,,,"TF",,"TF",,,,"TF","TF",,"TF","TF","TF","TF","TF","TF","TF",,,"TF",,"TF",,,,,,,"TF",,"TF",,,"TF",,"TF",,,"TF","TF","TF","TF","TF","TF",,,"TF","TF",,"TF","TF","TF",,"TF",,,,"TF",,,,,,,,"TF",,"TF",,"TF",,,"TF",,,,,
"TF","Factor: E2F-2; motif: GCGCGCGCGYW; match class: 1","TF:M11531_1","false","0.002612673683318886","2.5829148292254804","12708","121","101","20045",,"TF",,"TF","TF","TF",,"TF","TF","TF","TF","TF","TF","TF","TF",,"TF","TF","TF","TF","TF","TF","TF","TF","TF",,"TF","TF","TF",,"TF","TF","TF","TF","TF","TF",,"TF","TF","TF","TF","TF",,,"TF","TF","TF","TF","TF","TF","TF",,"TF","TF","TF","TF","TF","TF","TF","TF",,"TF","TF","TF","TF","TF","TF","TF","TF","TF",,"TF","TF","TF",,,"TF","TF","TF","TF","TF","TF","TF","TF","TF","TF","TF",,"TF","TF","TF","TF","TF","TF","TF","TF","TF","TF","TF","TF","TF",,"TF","TF",,"TF","TF","TF","TF","TF","TF","TF","TF","TF",,"TF",,"TF",,"TF","TF"
"TF","Factor: ZF5; motif: NGAGCGCGC","TF:M10111","false","0.0029827434689224013","2.525384096561576","2734","121","37","20045",,,,,"TF",,,,,,"TF",,,"TF",,,,"TF","TF","TF","TF",,"TF","TF","TF",,"TF","TF","TF",,"TF",,,,,"TF",,,"TF",,,,,,"TF","TF",,,,"TF",,,,,,,,,,"TF",,"TF",,,,,,,"TF",,,"TF",,,,,,,,"TF","TF","TF",,"TF",,"TF",,,,"TF","TF",,"TF","TF",,,,,,"TF","TF",,,,,,"TF","TF",,,,,,"TF",,,,,,,
"TF","Factor: ZNF93; motif: GGYAGCRGCAGCGGYG","TF:M12742","false","0.0030255775612371538","2.5191917093699443","2618","121","36","20045",,"TF",,,,"TF",,"TF",,"TF",,"TF","TF","TF","TF",,,,,,,,"TF",,,,,"TF","TF",,,,"TF","TF","TF",,,,,,,,,,,,,"TF",,,"TF",,,,,"TF","TF",,"TF",,,,,,"TF",,,"TF","TF",,"TF",,,,,,,,"TF","TF",,,,,,,"TF",,,,,,"TF","TF",,,"TF",,,"TF",,,,"TF",,,,"TF","TF",,"TF",,,"TF",,,,,,"TF",
"TF","Factor: E2F-3:T-bet; motif: AGGTGTNANGGCGCST; match class: 1","TF:M08529_1","false","0.003721550594785423","2.4292760723628906","4955","121","54","20045",,,,"TF","TF",,,,,"TF","TF",,,"TF","TF",,"TF","TF",,"TF","TF","TF",,"TF","TF",,"TF","TF","TF",,"TF",,"TF",,"TF",,,,"TF",,,,,,"TF",,"TF","TF","TF","TF","TF",,,"TF","TF",,,"TF",,,,"TF",,,"TF",,,"TF",,,,,,,,,,,"TF","TF",,,,"TF",,"TF",,,,"TF",,"TF","TF",,"TF","TF","TF","TF",,"TF","TF","TF",,"TF",,"TF","TF",,,,"TF",,,"TF",,"TF",,,,"TF","TF"
"TF","Factor: ZF5; motif: NRNGNGCGCGCWN; match class: 1","TF:M00333_1","false","0.003912903461668059","2.407500866789339","12784","121","101","20045","TF","TF",,"TF","TF","TF",,"TF","TF","TF","TF","TF","TF","TF","TF",,,"TF","TF","TF","TF","TF","TF","TF","TF",,"TF","TF","TF",,"TF","TF","TF","TF","TF","TF",,"TF","TF","TF","TF","TF",,,"TF","TF","TF","TF","TF","TF","TF","TF","TF","TF","TF","TF","TF","TF","TF","TF",,"TF","TF","TF","TF","TF","TF",,"TF","TF","TF","TF","TF","TF",,,"TF","TF","TF","TF","TF","TF","TF","TF","TF","TF","TF",,"TF","TF","TF","TF","TF","TF","TF","TF","TF","TF","TF","TF","TF",,"TF","TF",,,"TF","TF","TF","TF","TF","TF","TF","TF",,"TF","TF",,,"TF","TF"
"TF","Factor: ZBTB33; motif: GGYGCTG","TF:M13142","false","0.0043045339397134175","2.3660738635756746","8790","121","79","20045",,,,"TF",,"TF",,"TF",,,"TF",,"TF","TF","TF",,"TF",,,"TF","TF","TF","TF","TF","TF",,"TF","TF",,,"TF","TF","TF",,"TF","TF",,"TF",,,"TF",,,,"TF","TF","TF","TF",,"TF","TF","TF",,"TF","TF","TF","TF","TF",,,"TF","TF","TF","TF","TF",,"TF","TF","TF","TF","TF","TF",,"TF",,,,"TF","TF","TF","TF","TF",,"TF","TF","TF","TF",,,"TF","TF","TF","TF","TF",,"TF","TF","TF",,,"TF","TF","TF","TF","TF",,"TF","TF","TF","TF","TF","TF","TF",,,"TF",,,,"TF","TF"
"TF","Factor: E2F; motif: GGCGSG; match class: 1","TF:M00803_1","false","0.004673858242412274","2.3303244638461735","10535","121","89","20045",,"TF",,"TF","TF","TF",,"TF","TF","TF","TF","TF","TF","TF","TF",,,"TF",,"TF","TF","TF","TF","TF","TF",,"TF","TF","TF",,"TF","TF","TF",,"TF","TF",,"TF",,,"TF","TF",,,"TF","TF","TF","TF","TF",,"TF",,,"TF","TF","TF","TF","TF","TF","TF",,"TF","TF","TF","TF","TF","TF","TF","TF","TF",,"TF","TF","TF",,,"TF","TF","TF","TF","TF","TF","TF","TF","TF","TF","TF",,"TF","TF","TF",,"TF","TF","TF","TF","TF","TF","TF","TF",,,"TF","TF",,,"TF","TF","TF","TF","TF","TF","TF","TF",,"TF",,,,"TF",
"TF","Factor: HA95; motif: CCSNSSCCNSCNCCWSCCNS; match class: 1","TF:M13127_1","false","0.010785425009776027","1.9671627364433393","8631","121","77","20045",,,,"TF","TF","TF",,"TF",,"TF","TF","TF","TF","TF","TF",,,,,"TF","TF","TF","TF","TF",,,"TF","TF","TF",,"TF","TF","TF",,"TF",,,"TF","TF","TF","TF",,,,,"TF","TF","TF",,"TF",,"TF",,"TF","TF","TF","TF","TF","TF","TF",,"TF","TF",,"TF","TF",,"TF","TF","TF",,"TF","TF",,,,"TF","TF","TF","TF","TF","TF","TF","TF","TF","TF",,,,"TF","TF",,"TF","TF","TF","TF","TF","TF","TF",,"TF","TF","TF",,,,,"TF","TF","TF","TF",,"TF","TF",,"TF",,,,"TF",
"TF","Factor: MOVO-B; motif: GNGGGGG","TF:M01104","false","0.014065114027324192","1.8518567426145325","10571","121","88","20045",,"TF",,"TF","TF","TF",,"TF","TF","TF","TF","TF","TF","TF","TF",,"TF","TF",,"TF","TF","TF","TF","TF",,,,"TF","TF",,"TF","TF","TF","TF",,"TF",,"TF","TF","TF","TF","TF",,,,"TF",,"TF",,"TF","TF","TF",,"TF","TF","TF","TF","TF","TF","TF",,"TF","TF","TF","TF","TF",,"TF","TF","TF",,"TF","TF","TF",,,"TF",,"TF","TF","TF","TF",,"TF","TF","TF","TF",,"TF","TF","TF","TF","TF","TF","TF","TF","TF","TF",,,"TF","TF","TF","TF",,,"TF","TF","TF","TF","TF","TF","TF","TF",,"TF",,,,"TF","TF"
"TF","Factor: E2F-2; motif: GCGCGCGCGYW","TF:M11531","false","0.01484285419222772","1.8284825787910104","13659","121","104","20045",,"TF",,"TF","TF","TF",,"TF","TF","TF","TF","TF","TF","TF","TF",,"TF","TF","TF","TF","TF","TF","TF","TF","TF",,"TF","TF","TF",,"TF","TF","TF","TF","TF","TF",,"TF","TF","TF","TF","TF",,,"TF","TF","TF","TF","TF","TF","TF","TF","TF","TF","TF","TF","TF","TF","TF","TF",,"TF","TF","TF","TF","TF","TF","TF","TF","TF","TF","TF","TF","TF",,,"TF","TF","TF","TF","TF","TF","TF","TF","TF","TF","TF",,"TF","TF","TF","TF","TF","TF","TF","TF","TF","TF","TF","TF","TF",,"TF","TF",,"TF","TF","TF","TF","TF","TF","TF","TF","TF",,"TF","TF","TF",,"TF","TF"
"TF","Factor: WT1; motif: RGGNGGGGGAGGRGGNGGRG; match class: 1","TF:M10108_1","false","0.019041893526841176","1.7202898675392584","2954","121","37","20045",,,,"TF",,"TF",,"TF",,,"TF",,"TF","TF",,,"TF",,,,,,"TF",,,,"TF","TF","TF",,"TF","TF","TF",,,,,"TF",,,,,,,,"TF",,,,,"TF","TF",,,"TF",,,"TF","TF",,,,"TF",,,,,"TF","TF",,,,,,,,,,"TF","TF",,,"TF",,,"TF",,,,"TF",,,"TF","TF",,,,"TF",,,,,"TF",,,,,,"TF",,,"TF","TF",,,"TF",,,,,
"TF","Factor: ZBTB14; motif: SSCCGCGCACNS","TF:M12461","false","0.020442304033890187","1.6894701568341697","2963","121","37","20045",,,,,,"TF",,,"TF",,,,"TF","TF",,,,,,,"TF","TF",,,,,"TF","TF","TF",,"TF","TF","TF",,,,,,"TF",,,,,,,,"TF","TF",,,,,"TF","TF",,,,,"TF","TF",,"TF",,,"TF",,,,"TF",,,"TF","TF",,,,,,,"TF","TF","TF",,"TF",,,,,,"TF",,"TF","TF",,,"TF","TF","TF",,,"TF",,,,,,,,,,"TF",,"TF",,,,,,,,
"TF","Factor: ZNF138; motif: GCAGCRSCNSGSNCMGSGCS; match class: 1","TF:M13144_1","false","0.026594685416777095","1.5752051424957167","5699","121","57","20045",,,,"TF",,"TF",,"TF","TF","TF","TF",,"TF","TF","TF",,,,,,"TF",,"TF",,"TF",,,"TF","TF",,,"TF",,,,,,"TF",,,,"TF",,,,"TF","TF","TF",,"TF","TF","TF",,"TF",,"TF","TF","TF","TF",,,"TF","TF",,"TF","TF","TF",,"TF","TF","TF","TF",,,,,,,"TF","TF","TF","TF","TF","TF","TF",,"TF",,,"TF","TF","TF",,"TF",,"TF",,,,,,,"TF",,,,,"TF","TF",,"TF","TF",,"TF",,,,,,"TF",
"TF","Factor: Churchill; motif: CGGGNN; match class: 1","TF:M00986_1","false","0.027742109104400687","1.5568605246043519","10709","121","88","20045",,"TF",,"TF","TF","TF",,"TF","TF","TF","TF","TF","TF","TF","TF",,"TF","TF",,"TF","TF","TF","TF","TF","TF",,"TF","TF","TF",,"TF","TF","TF",,"TF","TF",,"TF","TF",,,"TF",,,"TF","TF","TF","TF",,"TF","TF","TF",,"TF","TF","TF","TF","TF","TF","TF",,"TF","TF","TF","TF","TF",,"TF","TF","TF",,"TF",,"TF",,,"TF",,"TF",,,"TF","TF","TF","TF","TF","TF",,"TF","TF","TF","TF","TF","TF","TF","TF","TF",,"TF","TF","TF",,"TF","TF",,,"TF","TF","TF","TF","TF","TF","TF","TF",,"TF",,,,"TF","TF"
"TF","Factor: MAZ; motif: GGGGGAGGGGGNGRGRRRGNRG","TF:M09984","false","0.029225825795808406","1.5342332087034727","9841","121","83","20045",,,,"TF","TF","TF",,"TF",,,"TF",,"TF","TF","TF",,"TF","TF",,"TF","TF","TF","TF","TF","TF",,"TF","TF","TF","TF","TF","TF","TF","TF","TF","TF",,"TF","TF","TF","TF","TF",,"TF","TF","TF","TF","TF",,"TF","TF","TF",,,"TF",,,"TF","TF","TF",,,"TF",,"TF",,"TF","TF","TF","TF",,"TF","TF","TF",,"TF","TF",,"TF","TF",,"TF","TF",,"TF","TF",,,"TF","TF","TF","TF","TF","TF","TF","TF","TF","TF","TF",,"TF","TF","TF",,,,,"TF","TF","TF",,"TF","TF",,"TF","TF",,,,"TF","TF"
"TF","Factor: DB1; motif: GGRRRRGRRGGAGGGGGNGRRR; match class: 1","TF:M10107_1","false","0.029403773323988556","1.531596933920001","2764","121","35","20045",,"TF",,,,,,"TF",,,"TF",,"TF","TF","TF",,"TF",,,,,,"TF",,,,,"TF","TF","TF","TF","TF","TF",,,,,"TF",,,,,,,,"TF",,"TF",,,"TF","TF",,,"TF",,,,,,,,"TF",,,,,,"TF",,,,,,,,,,,"TF",,,"TF",,,,,,"TF",,,,"TF","TF",,,,"TF",,,"TF",,"TF",,,,,,"TF",,,"TF","TF",,,"TF",,,,,"TF"
"TF","Factor: E2F-1; motif: NGGGCGGGARV; match class: 1","TF:M07206_1","false","0.047869923210892014","1.3199372691780185","11184","121","90","20045",,,,"TF","TF","TF",,"TF","TF","TF","TF","TF","TF","TF","TF",,"TF","TF",,"TF","TF","TF","TF","TF","TF",,"TF","TF","TF",,"TF","TF","TF","TF","TF","TF",,"TF","TF","TF","TF",,,"TF","TF","TF",,"TF",,"TF",,"TF",,"TF","TF","TF","TF","TF","TF","TF",,"TF",,"TF","TF","TF","TF","TF","TF",,"TF","TF","TF",,,,,"TF","TF","TF","TF","TF","TF","TF",,"TF","TF",,"TF","TF","TF","TF","TF","TF","TF","TF","TF","TF","TF","TF","TF","TF","TF","TF",,,"TF","TF","TF","TF","TF","TF","TF","TF",,"TF",,,,,"TF"
"TF","Factor: ctcf; motif: CCRSCAGGGGGCGCN; match class: 1","TF:M10426_1","false","0.04848412611081469","1.3144004278082106","4526","121","48","20045",,,,,,"TF",,"TF","TF",,"TF",,,"TF","TF",,,,,,"TF",,"TF",,"TF",,,,"TF",,,,,,"TF",,,,,,,,,,"TF","TF","TF","TF","TF",,"TF","TF",,,"TF","TF","TF",,"TF","TF",,"TF","TF",,,,,"TF","TF",,,"TF",,,,,,,"TF","TF",,,,"TF","TF",,"TF",,,"TF","TF","TF","TF","TF",,"TF",,,,,"TF",,"TF","TF",,,"TF","TF",,,"TF",,"TF","TF",,,,,,"TF",
"MIRNA","hsa-miR-190a-3p","MIRNA:hsa-miR-190a-3p","false","0.03895325125529037","1.4094562878424195","643","108","15","14819",,,,,,"MIRNA",,,,,,,,,,,,,,,"MIRNA",,,,,,"MIRNA","MIRNA",,,,"MIRNA",,,,,,,,,,,,,,,,,,"MIRNA",,,,,,,,,,,,,,,,"MIRNA",,"MIRNA","MIRNA","MIRNA",,,,,,,,,,,"MIRNA",,,,,,,,,,,,,,,,,,"MIRNA","MIRNA",,,,,,,"MIRNA",,,,,"MIRNA",,,,,,,,,
"MIRNA","hsa-miR-5011-5p","MIRNA:hsa-miR-5011-5p","false","0.04250680052881582","1.371541582988018","648","108","15","14819",,,,,,"MIRNA",,,,,,,,,,,,,,,"MIRNA",,,,,,"MIRNA","MIRNA",,,,"MIRNA",,,,,,,,,,,,,,,,,,"MIRNA",,,,,,,,,,,,,,,,"MIRNA",,"MIRNA","MIRNA","MIRNA",,,,,,,,,,,"MIRNA",,,,,,,,,,,,,,,,,,"MIRNA","MIRNA",,,,,,,"MIRNA",,,,,"MIRNA",,,,,,,,,
"CORUM","PlexinA1-NRP1-SEMA3A complex","CORUM:5746","false","0.04938165572485628","1.3064343526358897","3","17","2","3383",,,,,,,,,,,,,,,,,,,,,,,,,,,,,,,,,,,,,"CORUM","CORUM",,,,,,,,,,,,,,,,,,,,,,,,,,,,,,,,,,,,,,,,,,,,,,,,,,,,,,,,,,,,,,,,,,,,,,,,,,,,,,,,,,,
"HP","Abnormal periauricular region morphology","HP:0000383","false","0.033185483381756656","1.4790518520161937","113","40","7","4958","HP",,,,,,,,,,"HP",,,,,,"HP",,"HP",,,,,,,,,,,,,,,,"HP",,,,,,,,,,,,,,,,,,,,,,,,,,,,,,,,,,,,,,,,,,,,,,,"HP",,,,,,,,,,,"HP",,,,,,,,,,,,,,,,,,,,,,,,,,,,
