"source","term_name","term_id","highlighted","adjusted_p_value","negative_log10_of_adjusted_p_value","term_size","query_size","intersection_size","effective_domain_size","GRIK1","RALYL","SST","STXBP6","GRM1","TRHDE","BCL11A","CRB1","GRIK3","EPB41L2","UST","KIF26B","GRIN3A","GRID2","NETO1","SPOCK3","WLS","SATB1","CDH9","PLCH1","DMD","GPC6","TMTC1","CDH8","CACNA2D3","SORBS2","KIAA1217","MAN1A1","ROBO2","NRXN3","GPM6A","ST6GALNAC5","TSHZ3","GRIA3","DAPK1","RUNX1T1","RASGRF2","SOX6","RYR2","CTNNA2","SHISA6","NETO2","LHFPL3","RGS6","SLC8A1","TIAM1","RBFOX1","XKR4","ROBO1","TMEFF2","PCDH15","PDE4B","ADCY2","SLC24A2","SYNPR","PPP2R2B","GRIK2","TENM3","OXR1","PACRG","TENM2","PDE1C","ASTN2","LRRTM4","NPAS3"
"GO:MF","glutamate receptor activity","GO:0008066","true","9.708539212410448e-10","9.012846110948342","27","64","7","20212","IDA,IBA,TAS,IEA",,,,"IDA,IBA,TAS,IEA",,,,"IDA,ISS,IBA,TAS,IEA",,,,"IDA,ISS,IBA,IEA","IBA,TAS,IEA",,,,,,,,,,,,,,,,,,,,"IDA,IBA,IEA",,,,,,,,,,,,,,,,,,,,,,,"IDA,IBA,TAS,IEA",,,,,,,,
"GO:MF","glutamate-gated receptor activity","GO:0004970","false","1.0515289980832799e-8","7.978178746245464","19","64","6","20212","IDA,IBA,TAS,IEA",,,,,,,,"IDA,ISS,IBA,IEA",,,,"IDA,ISS,IEA","IEA",,,,,,,,,,,,,,,,,,,,"IDA,IBA,IEA",,,,,,,,,,,,,,,,,,,,,,,"IDA,IBA,TAS,IEA",,,,,,,,
"GO:MF","postsynaptic neurotransmitter receptor activity","GO:0098960","false","0.000001440959141472196","5.841348333471046","72","64","7","20212","IBA",,,,"IBA,IEA",,,,"IBA",,,,"IBA,IEA","IBA",,,,,,,,,,,,,,,,,,,,"IBA,IEA",,,,,,,,,,,,,,,,,,,,,,,"IBA,IEA",,,,,,,,
"GO:MF","transmitter-gated monoatomic ion channel activity involved in regulation of postsynaptic membrane potential","GO:1904315","false","0.000010282023446219009","4.98792141014104","55","64","6","20212","IBA",,,,,,,,"IBA",,,,"IBA,IEA","IBA",,,,,,,,,,,,,,,,,,,,"IBA,IEA",,,,,,,,,,,,,,,,,,,,,,,"IBA,IEA",,,,,,,,
"GO:MF","neurotransmitter receptor activity involved in regulation of postsynaptic membrane potential","GO:0099529","false","0.00001280744640004889","4.892537452996943","57","64","6","20212","IBA",,,,,,,,"IBA",,,,"IBA,IEA","IBA",,,,,,,,,,,,,,,,,,,,"IBA,IEA",,,,,,,,,,,,,,,,,,,,,,,"IBA,IEA",,,,,,,,
"GO:MF","neurotransmitter receptor activity","GO:0030594","false","0.00001461095712365001","4.83532133369578","100","64","7","20212","IDA,IBA,TAS,IEA",,,,"IBA,IEA",,,,"IDA,ISS,IBA,IEA",,,,"IDA,ISS,IBA,IEA","IBA,IEA",,,,,,,,,,,,,,,,,,,,"IDA,IBA,IEA",,,,,,,,,,,,,,,,,,,,,,,"IDA,IBA,TAS,IEA",,,,,,,,
"GO:MF","transmitter-gated channel activity","GO:0022835","false","0.00001940486429060786","4.712089390184788","61","64","6","20212","IDA,IBA,TAS,IEA",,,,,,,,"IDA,ISS,IBA,IEA",,,,"IDA,ISS,IBA,IEA","IBA,IEA",,,,,,,,,,,,,,,,,,,,"IDA,IBA,IEA",,,,,,,,,,,,,,,,,,,,,,,"IDA,IBA,TAS,IEA",,,,,,,,
"GO:MF","transmitter-gated monoatomic ion channel activity","GO:0022824","false","0.00001940486429060786","4.712089390184788","61","64","6","20212","IDA,IBA,TAS,IEA",,,,,,,,"IDA,ISS,IBA,IEA",,,,"IDA,ISS,IBA,IEA","IBA,IEA",,,,,,,,,,,,,,,,,,,,"IDA,IBA,IEA",,,,,,,,,,,,,,,,,,,,,,,"IDA,IBA,TAS,IEA",,,,,,,,
"GO:MF","extracellular ligand-gated monoatomic ion channel activity","GO:0005230","false","0.00006270164438267697","4.202721069425133","74","64","6","20212","IDA,IBA,TAS,IEA",,,,,,,,"IDA,ISS,IBA,IEA",,,,"IDA,ISS,IBA,IEA","IBA,IEA",,,,,,,,,,,,,,,,,,,,"IDA,IBA,IEA",,,,,,,,,,,,,,,,,,,,,,,"IDA,IMP,IBA,TAS,IEA",,,,,,,,
"GO:MF","kainate selective glutamate receptor activity","GO:0015277","false","0.00015223522364357924","3.8174848504289836","5","64","3","20212","IDA,IBA,TAS",,,,,,,,"IDA,IBA",,,,,,,,,,,,,,,,,,,,,,,,,,,,,,,,,,,,,,,,,,,,,,,,"IDA,IBA,TAS,IEA",,,,,,,,
"GO:MF","amino acid transmembrane transporter activity","GO:0015171","false","0.00040137307492578217","3.3964517643930274","101","64","6","20212","IDA,IBA,TAS,IEA",,,,,,,,"IDA,ISS,IBA,IEA",,,,"IDA,ISS,IEA","IEA",,,,,,,,,,,,,,,,,,,,"IDA,IBA,IEA",,,,,,,,,,,,,,,,,,,,,,,"IDA,IBA,TAS,IEA",,,,,,,,
"GO:MF","ligand-gated monoatomic ion channel activity","GO:0015276","false","0.0005736310023372439","3.2413673849201996","171","64","7","20212","IDA,IBA,TAS,IEA",,,,,,,,"IDA,ISS,IBA,IEA",,,,"IDA,ISS,IBA,IEA","IBA,IEA",,,,,,,,,,,,,,,,,,,,"IDA,IMP,IBA,NAS,IEA",,,,,"IDA,ISS,IBA,IEA",,,,,,,,,,,,,,,,,,"IDA,IMP,IBA,TAS,IEA",,,,,,,,
"GO:MF","ligand-gated channel activity","GO:0022834","false","0.0005964901281393511","3.2243967394707274","172","64","7","20212","IDA,IBA,TAS,IEA",,,,,,,,"IDA,ISS,IBA,IEA",,,,"IDA,ISS,IBA,IEA","IBA,IEA",,,,,,,,,,,,,,,,,,,,"IDA,IMP,IBA,NAS,IEA",,,,,"IDA,ISS,IBA,IEA",,,,,,,,,,,,,,,,,,"IDA,IMP,IBA,TAS,IEA",,,,,,,,
"GO:MF","monoatomic ion channel activity","GO:0005216","false","0.0006267558119032976","3.2029016301406616","444","64","10","20212","IDA,IBA,TAS,IEA",,,,,,,,"IDA,ISS,IBA,IEA",,,,"IDA,ISS,IBA,IEA","IBA,IEA",,,,,,,,,,,"IBA,IEA",,,,,,"IEA",,,"IDA,IMP,IBA,NAS,IEA",,,,,"IDA,ISS,IBA,IEA",,,,,,,,,,,,,,,"IBA,IEA",,,"IDA,IMP,IBA,TAS,IEA",,,,,,,,
"GO:MF","channel activity","GO:0015267","false","0.0020493321465151586","2.6883876474023976","507","64","10","20212","IDA,IBA,TAS,IEA",,,,,,,,"IDA,ISS,IBA,IEA",,,,"IDA,ISS,IBA,IEA","IBA,IEA",,,,,,,,,,,"IBA,IEA",,,,,,"IEA",,,"IDA,IMP,IBA,NAS,IEA",,,,,"IDA,ISS,IBA,IEA",,,,,,,,,,,,,,,"IBA,IEA",,,"IDA,IMP,IBA,TAS,IEA",,,,,,,,
"GO:MF","passive transmembrane transporter activity","GO:0022803","false","0.0020853458696490643","2.6808219038447985","508","64","10","20212","IDA,IBA,TAS,IEA",,,,,,,,"IDA,ISS,IBA,IEA",,,,"IDA,ISS,IBA,IEA","IBA,IEA",,,,,,,,,,,"IBA,IEA",,,,,,"IEA",,,"IDA,IMP,IBA,NAS,IEA",,,,,"IDA,ISS,IBA,IEA",,,,,,,,,,,,,,,"IBA,IEA",,,"IDA,IMP,IBA,TAS,IEA",,,,,,,,
"GO:MF","calcium ion transmembrane transporter activity","GO:0015085","true","0.0033037442560230963","2.480993578935418","145","64","6","20212",,,,,,,,,,,,,"IEA",,,,,,,,,,,,"IBA,IEA",,,,,,"IEA",,,,,,,,"IDA,ISS,IBA,IEA",,,,,,"IDA,IMP,IBA,TAS,IEA",,,,,,,,,"IDA,IBA,TAS,IEA",,,,,,,,,,,
"GO:MF","gated channel activity","GO:0022836","false","0.003335512566976708","2.476837418747462","315","64","8","20212","IDA,IBA,TAS,IEA",,,,,,,,"IDA,ISS,IBA,IEA",,,,"IDA,ISS,IBA,IEA","IBA,IEA",,,,,,,,,,,"IBA",,,,,,,,,"IDA,IMP,IBA,NAS,IEA",,,,,"IDA,ISS,IBA,IEA",,,,,,,,,,,,,,,,,,"IDA,IMP,IBA,TAS,IEA",,,,,,,,
"GO:MF","metal ion transmembrane transporter activity","GO:0046873","false","0.005334663066599662","2.272893005093763","445","64","9","20212","IDA,IBA,TAS",,,,,,,,"IDA,IBA",,,,"IEA",,,,,,,,,,,,"IBA,IEA",,,,,,"IEA",,,,,,,,"IDA,ISS,IBA,IEA",,,,,,"IDA,IMP,IBA,TAS,IEA",,,,,,,,,"IDA,IBA,TAS,IEA",,,"IDA,IBA,TAS,IEA",,,,,,,,
"GO:MF","monoatomic cation channel activity","GO:0005261","false","0.005336626471813265","2.2727331938438553","336","64","8","20212","IDA,IBA,TAS",,,,,,,,"IDA,IBA",,,,"IEA",,,,,,,,,,,,"IBA,IEA",,,,,,"IEA",,,,,,,,"IDA,ISS,IBA,IEA",,,,,,,,,,,,,,,"IBA,IEA",,,"IDA,IBA,TAS,IEA",,,,,,,,
"GO:MF","inorganic cation transmembrane transporter activity","GO:0022890","false","0.005631330436493053","2.249388988280531","569","64","10","20212","IDA,IBA,TAS",,,,,,,,"IDA,IBA",,,,"IDA,ISS,IEA",,,,,,,,,,,,"IBA,IEA",,,,,,"IEA",,,"IDA,IBA",,,,,"IDA,ISS,IBA,IEA",,,,,,"IDA,IMP,IBA,TAS,IEA",,,,,,,,,"IDA,IBA,TAS,IEA",,,"IDA,IBA,TAS,IEA",,,,,,,,
"GO:MF","calcium ion binding","GO:0005509","true","0.007877590291743935","2.103606610308019","726","64","11","20212",,,,,,,,"IEA",,,,,,,,"IEA",,,"IBA,IEA","IEA",,,,"IBA,IEA",,,,"TAS,IEA",,,,,,,,,,,"IEA",,,,,,"ISS",,,,,,"IEA",,,,,,,,,,"IEA",,"IDA",,
"GO:MF","monoatomic ion transmembrane transporter activity","GO:0015075","false","0.007979014661198026","2.0980507369232124","727","64","11","20212","IDA,IBA,TAS,IEA",,,,,,,,"IDA,ISS,IBA,IEA",,,,"IDA,ISS,IBA,IEA","IBA,IEA",,,,,,,,,,,"IBA,IEA",,,,,,"IEA",,,"IDA,IMP,IBA,NAS,IEA",,,,,"IDA,ISS,IBA,IEA",,,,,,"IDA,IMP,IBA,TAS,IEA",,,,,,,,,"IDA,IBA,TAS,IEA",,,"IDA,IMP,IBA,TAS,IEA",,,,,,,,
"GO:MF","ligand-gated monoatomic ion channel activity involved in regulation of presynaptic membrane potential","GO:0099507","false","0.00831542598610564","2.0801154976559775","16","64","3","20212",,,,,,,,,"IEA",,,,,,,,,,,,,,,,,,,,,,,,,"IDA,IMP,NAS",,,,,,,,,,,,,,,,,,,,,,,"IEA",,,,,,,,
"GO:MF","ligand-gated sodium channel activity","GO:0015280","false","0.010074477654896562","1.9967774620580103","17","64","3","20212","IDA,IBA,TAS",,,,,,,,"IDA,IBA",,,,,,,,,,,,,,,,,,,,,,,,,,,,,,,,,,,,,,,,,,,,,,,,"IDA,IBA,TAS,IEA",,,,,,,,
"GO:MF","carboxylic acid transmembrane transporter activity","GO:0046943","false","0.010631563260387902","1.97340287231169","178","64","6","20212","IDA,IBA,TAS,IEA",,,,,,,,"IDA,ISS,IBA,IEA",,,,"IDA,ISS,IEA","IEA",,,,,,,,,,,,,,,,,,,,"IDA,IBA,IEA",,,,,,,,,,,,,,,,,,,,,,,"IDA,IBA,TAS,IEA",,,,,,,,
"GO:MF","organic acid transmembrane transporter activity","GO:0005342","false","0.010973273946070885","1.959663778571001","179","64","6","20212","IDA,IBA,TAS,IEA",,,,,,,,"IDA,ISS,IBA,IEA",,,,"IDA,ISS,IEA","IEA",,,,,,,,,,,,,,,,,,,,"IDA,IBA,IEA",,,,,,,,,,,,,,,,,,,,,,,"IDA,IBA,TAS,IEA",,,,,,,,
"GO:MF","calcium channel activity","GO:0005262","false","0.025898785933832467","1.586720594011233","127","64","5","20212",,,,,,,,,,,,,"IEA",,,,,,,,,,,,"IBA,IEA",,,,,,"IEA",,,,,,,,"IDA,ISS,IBA,IEA",,,,,,,,,,,,,,,"IBA,IEA",,,,,,,,,,,
"GO:MF","ionotropic glutamate receptor binding","GO:0035255","true","0.029515307180554735","1.5299526924995153","24","64","3","20212",,,,,,,,,,,,,,,"IBA,IEA",,,,,,,,,,,,,,,,,,,,,,,,,,"ISS,IEA","IBA,IEA",,,,,,,,,,,,,,,,,,,,,,,
"GO:MF","inorganic molecular entity transmembrane transporter activity","GO:0015318","false","0.029851384124482648","1.5250355270576004","692","64","10","20212","IDA,IBA,TAS",,,,,,,,"IDA,IBA",,,,"IDA,ISS,IEA",,,,,,,,,,,,"IBA,IEA",,,,,,"IEA",,,"IDA,IBA",,,,,"IDA,ISS,IBA,IEA",,,,,,"IDA,IMP,IBA,TAS,IEA",,,,,,,,,"IDA,IBA,TAS,IEA",,,"IDA,IBA,TAS,IEA",,,,,,,,
"GO:BP","synaptic transmission, glutamatergic","GO:0035249","true","7.059844873044846e-8","7.151204841656523","111","62","9","21031","IBA,TAS",,,,"IBA",,,,"ISS,IBA",,,,"IBA","ISS,IBA,IEA",,,,,,,,,,"IBA,IEA",,,,,,,,,"ISS","IBA",,,,,,,,,,,,,,,,,,,,,,,"IBA,IEA",,,,,,,,
"GO:BP","ionotropic glutamate receptor signaling pathway","GO:0035235","true","1.2715702468202438e-7","6.895659642595076","24","62","6","21031","IEA",,,,,,,,"IEA",,,,"IBA,IEA","IEA",,,,,,,,,,,,,,,,,,,,"IEA",,,,,,,,,,,,,,,,,,,,,,,"IEA",,,,,,,,
"GO:BP","glutamate receptor signaling pathway","GO:0007215","false","2.373137724851032e-7","6.624677056807033","50","62","7","21031","TAS,IEA",,,,"IMP,IBA,IEA",,,,"IDA,IEA",,,,"IBA,IEA","TAS,IEA",,,,,,,,,,,,,,,,,,,,"TAS,IEA",,,,,,,,,,,,,,,,,,,,,,,"TAS,IEA",,,,,,,,
"GO:BP","chemical synaptic transmission","GO:0007268","false","6.635813979670289e-7","6.178105796959771","750","62","16","21031","IBA,TAS",,"TAS",,"IBA,TAS,IEA",,,,"ISS,IBA",,,,"IBA,IEA","IMP,ISS,IBA,IEA","ISS,IBA,IEA",,,,,,"IEA",,,"IBA,IEA",,,,,,"IEA",,,"ISS","IBA",,,"IEA",,,,"ISS,IBA,IEA",,,,,,,,,,,,,"IBA,IEA",,,"IDA,IMP,IBA,TAS,IEA",,,,,,,,
"GO:BP","anterograde trans-synaptic signaling","GO:0098916","false","6.635813979670289e-7","6.178105796959771","750","62","16","21031","IBA,TAS",,"TAS",,"IBA,TAS,IEA",,,,"ISS,IBA",,,,"IBA,IEA","IMP,ISS,IBA,IEA","ISS,IBA,IEA",,,,,,"IEA",,,"IBA,IEA",,,,,,"IEA",,,"ISS","IBA",,,"IEA",,,,"ISS,IBA,IEA",,,,,,,,,,,,,"IBA,IEA",,,"IDA,IMP,IBA,TAS,IEA",,,,,,,,
"GO:BP","trans-synaptic signaling","GO:0099537","false","7.452427206372545e-7","6.127702257365123","756","62","16","21031","IBA,TAS",,"TAS",,"IBA,TAS,IEA",,,,"ISS,IBA",,,,"IBA,IEA","IMP,ISS,IBA,IEA","ISS,IBA,IEA",,,,,,"IEA",,,"IBA,IEA",,,,,,"IEA",,,"ISS","IBA",,,"IEA",,,,"ISS,IBA,IEA",,,,,,,,,,,,,"IBA,IEA",,,"IDA,IMP,IBA,TAS,IEA",,,,,,,,
"GO:BP","ligand-gated ion channel signaling pathway","GO:1990806","false","0.0000010250527580309822","5.989253781503755","33","62","6","21031","IEA",,,,,,,,"IEA",,,,"IBA,IEA","IEA",,,,,,,,,,,,,,,,,,,,"IEA",,,,,,,,,,,,,,,,,,,,,,,"IEA",,,,,,,,
"GO:BP","synaptic signaling","GO:0099536","false","0.000001173556198086178","5.930496108507371","780","62","16","21031","IBA,TAS",,"TAS",,"IBA,TAS,IEA",,,,"ISS,IBA",,,,"IBA,IEA","IMP,ISS,IBA,IEA","ISS,IBA,IEA",,,,,,"IBA,IEA",,,"IBA,IEA",,,,,,"IEA",,,"ISS","IBA",,,"IEA",,,,"ISS,IBA,IEA",,,,,,,,,,,,,"IBA,IEA",,,"IDA,IMP,IBA,TAS,IEA",,,,,,,,
"GO:BP","modulation of chemical synaptic transmission","GO:0050804","true","0.0000028026374816519286","5.552433074162672","489","62","13","21031","IBA,TAS",,,,"IBA",,,,"ISS,IBA",,,,"IBA,IEA","IMP,IBA","ISS,IBA,IEA",,,,,,,,,,,,,,,"IEA",,,"ISS","IBA",,,"IEA",,,,"IBA",,,,,,,,,,,,,"IBA,IEA",,,"IDA,IMP,IBA,IEA",,,,,,,,
"GO:BP","regulation of trans-synaptic signaling","GO:0099177","false","0.00000287268980127987","5.541711267452438","490","62","13","21031","IBA,TAS",,,,"IBA",,,,"ISS,IBA",,,,"IBA,IEA","IMP,IBA","ISS,IBA,IEA",,,,,,,,,,,,,,,"IEA",,,"ISS","IBA",,,"IEA",,,,"IBA",,,,,,,,,,,,,"IBA,IEA",,,"IDA,IMP,IBA,IEA",,,,,,,,
"GO:BP","cell-cell signaling","GO:0007267","false","0.000014734736088078226","4.83165763833579","1704","62","21","21031","IBA,TAS",,"TAS",,"IBA,TAS,IEA","TAS",,"TAS","ISS,IBA",,,,"IBA,IEA","IMP,ISS,IBA,IEA","ISS,IBA,IEA",,"IMP,ISS,IBA,IEA",,,,"IBA,IEA",,,"IBA,IEA",,,,,,"IEA",,,"ISS","IBA",,,"IEA",,"IMP,ISS,IEA",,"ISS,IBA,IEA",,,,,"ISS,NAS,IEA",,,,,,,,"IBA,IEA",,,"IDA,IMP,IBA,TAS,IEA",,,,,,,,
"GO:BP","regulation of postsynaptic membrane potential","GO:0060078","false","0.000023450235149022566","4.629852798006002","148","62","8","21031","IEA",,,,"IEA",,,,"IEA",,,,"IEA","ISS,IEA","IBA,IEA",,,,,,,,,,,,,,,,,,,"IEA",,,,,,,,,,,,,,,,,,,,,,,"IEA",,,,,,,,
"GO:BP","regulation of biological quality","GO:0065008","false","0.00006630592786253418","4.178447643195452","2846","62","26","21031","IEA",,"IEA",,"IEA",,"IMP,ISS",,"IDA,ISS,IEA",,,,"IEA","IMP,ISS,IEA","ISS,IBA,IEA",,,,,,"IMP,ISS,IEA","IBA,IEA",,"IEA",,,,,"ISS","IEA","IEA",,"ISS","IEA",,,"IEA",,"IDA,IMP,ISS,IEA","ISS","IBA,IEA","IEA",,,"IMP,ISS,TAS,IC","IEA",,"IBA",,,,,,"IBA,IEA",,,"IMP,IEA",,,,,,,,
"GO:BP","regulation of membrane potential","GO:0042391","false","0.00009442328246949872","4.024920906111802","433","62","11","21031","IEA",,,,"IEA",,,,"IDA,ISS,IEA",,,,"IEA","ISS,IEA","IBA,IEA",,,,,,"ISS,IEA",,,,,,,,,,,,,"IEA",,,,,"IMP,ISS,IEA",,,,,,"TAS",,,,,,,,,,,,"IEA",,,,,,,,
"GO:BP","cell-cell adhesion via plasma-membrane adhesion molecules","GO:0098742","true","0.0002433121901325795","3.613836132028116","280","62","9","21031",,,,,,,,"IBA",,,,,,"ISS,IEA",,,,,"IBA,IEA",,,,,"IBA,IEA",,,,,"IDA",,,,,,,,,,,,,,,,,,,,"IDA",,"IEA",,,,,,,"ISS,IBA",,,"IBA",,,,
"GO:BP","monoatomic ion transmembrane transport","GO:0034220","true","0.00033471405390878787","3.4753260521868987","1013","62","15","21031","IEA",,,,,,,,"IEA",,,,"IEA","IEA","IDA",,,,,"IBA","ISS,IEA",,,,"IEA",,,,,,"IEA",,,"IEA",,,,,"IDA,IMP,ISS,IBA,IC,IEA",,,,,,"IDA,IMP,IGI,ISS,IBA,TAS,IEA",,,,,,,"ISS,IEA",,"IDA,IBA",,,"IEA",,,,,,,,
"GO:BP","regulation of postsynaptic membrane neurotransmitter receptor levels","GO:0099072","true","0.0006150867601661413","3.2110636211288623","93","62","6","21031",,,"IEA",,,,,,,,,,,,"IEA",,,,,,,"IBA,IEA",,,,,,,,"IEA",,,,,,,,,,,"IEA","IEA",,,,,,,,,,,,,,,,,,,,,,,
"GO:BP","cell-cell adhesion","GO:0098609","false","0.0009380474220505058","3.02777520574219","946","62","14","21031",,,,"IEA",,,,"IBA",,,,"IEA",,"ISS,IEA",,,,,"IBA,NAS,IEA",,,,,"IBA,IEA",,,,,"IDA,IBA","TAS",,,,,,,,,,"ISS,IBA",,,,,,,,,"IDA",,"IEA",,,,,,,"ISS,IBA",,,"ISS,IBA",,"IBA",,
"GO:BP","calcium ion transmembrane transport","GO:0070588","true","0.0013085105212496057","2.8832227810086044","342","62","9","21031",,,,,,,,,,,,,"IEA",,,,,,,"IBA","ISS,IEA",,,,"IEA",,,,,,"IEA",,,,,,,,"IDA,IMP,ISS,IBA,IC,IEA",,,,,,"IGI,ISS,IBA,TAS",,,,,,,"ISS,IEA",,"IDA,IBA",,,,,,,,,,,
"GO:BP","neuron development","GO:0048666","true","0.0020264554403040913","2.6932629415116356","1167","62","15","21031",,,,,,,"IDA,IMP,ISS,IBA,IEA","IEA",,,"IEA",,"ISS,IEA","IEA",,,,,,,"IMP,IBA,IEA",,,,,,,,"IDA,ISS,IEA","TAS","ISS,IBA,IEA",,,,,,,,,"IMP,ISS",,,,,,"IBA,IEA",,,"IDA,ISS,IEA",,"IEA",,,,,,,"ISS,IBA",,,"IBA",,,,
"GO:BP","protein localization to postsynaptic specialization membrane","GO:0099633","false","0.0025563349142913405","2.592382248361769","28","62","4","21031",,,,,,,,,,,,,,,"IEA",,,,,,,"IBA,IEA",,,,,,,,"IEA",,,,,,,,,,,,"IEA",,,,,,,,,,,,,,,,,,,,,,,
"GO:BP","neurotransmitter receptor localization to postsynaptic specialization membrane","GO:0099645","false","0.0025563349142913405","2.592382248361769","28","62","4","21031",,,,,,,,,,,,,,,"IEA",,,,,,,"IBA,IEA",,,,,,,,"IEA",,,,,,,,,,,,"IEA",,,,,,,,,,,,,,,,,,,,,,,
"GO:BP","transmembrane transport","GO:0055085","false","0.002594541573820411","2.5859393659649528","1534","62","17","21031","IEA",,,,"IEA",,,,"IEA",,,,"IEA","IEA","IDA",,,,,"IBA","ISS,IEA",,,,"IEA",,,,,,"IEA",,,"IEA","ISS",,,,"IDA,IMP,ISS,IBA,IC,IEA",,,,,,"IDA,IMP,IGI,ISS,IBA,TAS,IEA",,,,,,,"ISS,IEA",,"IDA,IBA,IEA",,,"IEA",,,,,,,,
"GO:BP","receptor localization to synapse","GO:0097120","false","0.002827308481559228","2.5486268039866085","66","62","5","21031",,,,,,,,,,,,,,,"IEA",,,,,,,"IBA,IEA",,,,,,,,"IEA",,,,,,,,,,,"IEA","IEA",,,,,,,,,,,,,,,,,,,,,,,
"GO:BP","startle response","GO:0001964","true","0.0029588132637567884","2.528882443112123","29","62","4","21031",,,,,,,,,,,,,"IEA","ISS,IEA",,,,,,,,,,,,,,,,,,,,,,,,,,"ISS",,,,,,,,,,,"IEA",,,,,,,,,,,,,,
"GO:BP","monoatomic ion transport","GO:0006811","false","0.00505438338237665","2.2963318192946534","1256","62","15","21031","IEA",,,,,,,,"IEA",,,,"ISS,IEA","IEA","IDA",,,,,"IBA","ISS,IEA",,,,"IEA",,,,,,"IEA",,,"IEA",,,,,"IDA,IMP,ISS,IBA,TAS,IC,IEA",,,,,,"IDA,IMP,IGI,ISS,IBA,TAS,IEA",,,,,,,"ISS,IEA",,"IDA,IBA,TAS,IEA",,,"IEA",,,,,,,,
"GO:BP","regulation of plasma membrane bounded cell projection organization","GO:0120035","false","0.005425265522557532","2.265579001781802","652","62","11","21031",,,,,,,"IDA,IMP,ISS,IBA,IEA",,,,"IEA",,,"IEA",,,,,,,"IMP,IEA",,,,,,,,"IDA",,"ISS,IEA",,,,,,,,,"IMP",,,,,,"IBA,IEA",,,"IDA",,,,,,,,,"ISS",,,"ISS",,,,
"GO:BP","regulation of synaptic plasticity","GO:0048167","false","0.006212993540292334","2.206699097926697","215","62","7","21031",,,,,,,,,,,,,,"IMP","ISS,IEA",,,,,,,,,,,,,,,,,,"ISS",,,,"IEA",,,,"IBA",,,,,,,,,,,,,"IBA,IEA",,,"IMP,IEA",,,,,,,,
"GO:BP","regulation of cell projection organization","GO:0031344","false","0.006747761672910934","2.1708402648451384","667","62","11","21031",,,,,,,"IDA,IMP,ISS,IBA,IEA",,,,"IEA",,,"IEA",,,,,,,"IMP,IEA",,,,,,,,"IDA",,"ISS,IEA",,,,,,,,,"IMP",,,,,,"IBA,IEA",,,"IDA",,,,,,,,,"ISS",,,"ISS",,,,
"GO:BP","regulation of synaptic transmission, glutamatergic","GO:0051966","false","0.006923786245212188","2.159656348358429","79","62","5","21031","TAS",,,,"IBA",,,,"ISS",,,,,,,,,,,,,,,,,,,,,,,,"ISS",,,,,,,,,,,,,,,,,,,,,,,,"IEA",,,,,,,,
"GO:BP","cell morphogenesis","GO:0000902","true","0.009195283015167983","2.0364348993748735","986","62","13","21031",,,,,,,"IMP,ISS,IEA","IEA",,,"IEA",,,,,,,,"IBA",,"IEA",,,"IBA",,,,,"IDA,ISS,IEA","TAS","ISS,IEA",,,,,,,,,"ISS",,,,,,"IBA,IEA",,,"IDA,ISS,IEA",,"IEA",,,,,,,,,,,,,,
"GO:BP","calcium ion transport","GO:0006816","false","0.009606040853577939","2.0174555706800112","436","62","9","21031",,,,,,,,,,,,,"ISS,IEA",,,,,,,"IBA","ISS,IEA",,,,"IEA",,,,,,"IEA",,,,,,,,"IDA,IMP,ISS,IBA,TAS,IC,IEA",,,,,,"IDA,IGI,ISS,IBA,TAS,IEA",,,,,,,"ISS,IEA",,"IDA,IBA,IEA",,,,,,,,,,,
"GO:BP","cell adhesion","GO:0007155","false","0.010418051032560657","1.982213519517527","1512","62","16","21031",,,,"IEA",,,,"IBA",,,,"IEA",,"ISS,IEA",,,,,"IBA,NAS,IEA",,"IEA",,,"IBA,TAS,IEA",,,,,"IDA,IBA,IEA","TAS,IEA",,,,,,,,,,"ISS,IBA,IEA",,,,,,"IMP",,,"IDA,TAS",,"IBA,IEA",,,,,,,"ISS,IBA,IEA",,,"ISS,IBA,IEA",,"IBA",,
"GO:BP","generation of neurons","GO:0048699","false","0.010595583529686927","1.974875120430814","1514","62","16","21031",,,,,,,"IDA,IMP,ISS,IBA,IEA","IEA",,,"IEA",,"ISS,IEA","ISS,IEA",,,,,,,"IMP,IBA,IEA",,,,,,,,"IDA,ISS,IEA","TAS","IDA,ISS,IBA,IEA",,,,,,,,,"IMP,ISS",,,,,,"ISS,IBA,IEA",,,"IDA,ISS,IEA",,"IEA",,,,,,,"ISS,IBA",,,"IBA",,"IBA,IEA",,
"GO:BP","nervous system development","GO:0007399","false","0.011547465955314778","1.937513309483297","2531","62","21","21031","TAS",,,,,,"IDA,IMP,ISS,IBA,IEA","IEA",,,"IEA",,"ISS,IEA","IMP,ISS,IEA",,,"IEA",,"IEA",,"IMP,IBA,IEA",,,,,,,,"IDA,IEP,ISS,NAS,IEA","TAS,IEA","IDA,ISS,IBA,IEA",,,,,,,"IDA,ISS,IBA",,"IMP,ISS",,,,,,"ISS,IBA,IEA","IBA,IEA",,"IDA,ISS,TAS,IEA",,"IEA",,,,,,,"ISS,IBA",,,"IBA",,"IBA,IEA",,
"GO:BP","neuron projection development","GO:0031175","false","0.012457430470846654","1.9045715280952475","1014","62","13","21031",,,,,,,"IDA,IMP,ISS,IBA,IEA",,,,"IEA",,"ISS,IEA","IEA",,,,,,,"IMP,IEA",,,,,,,,"IDA,ISS,IEA","TAS","ISS,IBA,IEA",,,,,,,,,"IMP,ISS",,,,,,"IBA,IEA",,,"IDA,ISS,IEA",,"IEA",,,,,,,"ISS",,,,,,,
"GO:BP","regulation of neuron projection development","GO:0010975","false","0.014034610829207327","1.852799625571123","457","62","9","21031",,,,,,,"IDA,IMP,ISS,IBA,IEA",,,,"IEA",,,"IEA",,,,,,,"IMP,IEA",,,,,,,,"IDA",,,,,,,,,,,"IMP",,,,,,"IBA,IEA",,,"IDA",,,,,,,,,"ISS",,,,,,,
"GO:BP","neurogenesis","GO:0022008","false","0.014551757781922022","1.8370845428375202","1742","62","17","21031",,,,,,,"IDA,IMP,ISS,IBA,IEA","IEA",,,"IEA",,"ISS,IEA","ISS,IEA",,,,,,,"IMP,IBA,IEA",,,,,,,,"IDA,ISS,IEA","TAS","IDA,ISS,IBA,IEA",,,,,,,"ISS",,"IMP,ISS",,,,,,"ISS,IBA,IEA",,,"IDA,ISS,IEA",,"IEA",,,,,,,"ISS,IBA",,,"IBA",,"IBA,IEA",,
"GO:BP","negative regulation of negative chemotaxis","GO:0050925","true","0.016444436070623368","1.7839810151953601","2","62","2","21031",,,,,,,,,,,,,,,,,,,,,,,,,,,,,"IDA",,,,,,,,,,,,,,,,,,,,"IDA",,,,,,,,,,,,,,,,
"GO:BP","prepulse inhibition","GO:0060134","false","0.016687630064597846","1.777605336355499","14","62","3","21031",,,,,,,,,,,,,"IEA","ISS,IEA",,,,,,,,,,,,,,,,,,,,,,,,,,"ISS",,,,,,,,,,,,,,,,,,,,,,,,,
"GO:BP","positive regulation of cell projection organization","GO:0031346","false","0.018645721004973873","1.7294208183939923","357","62","8","21031",,,,,,,"IDA,IMP",,,,,,,,,,,,,,"IMP,IEA",,,,,,,,"IDA",,"ISS,IEA",,,,,,,,,,,,,,,"IBA,IEA",,,"IDA",,,,,,,,,"ISS",,,"ISS",,,,
"GO:BP","neuromuscular process","GO:0050905","false","0.01874911795869017","1.72701915858608","167","62","6","21031",,,,,,,,,,,,,"IEA","ISS,IEA",,,,,,,"ISS,IEA",,,,,,,,,,,,,,,,,,,"ISS",,,,,,,"IEA",,,,"IMP,IEA",,,,,,,,,,,,,,
"GO:BP","homophilic cell adhesion via plasma membrane adhesion molecules","GO:0007156","false","0.019399199746822225","1.7122161851577937","168","62","6","21031",,,,,,,,,,,,,,,,,,,"IEA",,,,,"IEA",,,,,"IDA",,,,,,,,,,,,,,,,,,,,"IDA",,"IEA",,,,,,,"ISS",,,,,,,
"GO:BP","protein localization to postsynaptic membrane","GO:1903539","false","0.02135536030679355","1.6704930967760394","47","62","4","21031",,,,,,,,,,,,,,,"IEA",,,,,,,"IBA,IEA",,,,,,,,"IEA",,,,,,,,,,,,"IEA",,,,,,,,,,,,,,,,,,,,,,,
"GO:BP","synapse organization","GO:0050808","true","0.022582835693950466","1.6462215252582018","485","62","9","21031",,,,,,,,,,,,,,"IMP,IEA",,,,,"IEA",,,,,"IEA",,,,,"ISS","IEA","ISS,IEA",,,,,,,,,"ISS","ISS,IEA",,,,,"IEA",,,,,,,,,,,,,,,,,,,
"GO:BP","protein localization to postsynapse","GO:0062237","false","0.023245466961973552","1.6336617251543113","48","62","4","21031",,,,,,,,,,,,,,,"IEA",,,,,,,"IBA,IEA",,,,,,,,"IEA",,,,,,,,,,,,"IEA",,,,,,,,,,,,,,,,,,,,,,,
"GO:BP","neuron differentiation","GO:0030182","false","0.024587679516512542","1.6092824562440884","1431","62","15","21031",,,,,,,"IDA,IMP,ISS,IBA,IEA","IEA",,,"IEA",,"ISS,IEA","ISS,IEA",,,,,,,"IMP,IBA,IEA",,,,,,,,"IDA,ISS,IEA","TAS","ISS,IBA,IEA",,,,,,,,,"IMP,ISS",,,,,,"ISS,IBA,IEA",,,"IDA,ISS,IEA",,"IEA",,,,,,,"ISS,IBA",,,"IBA",,,,
"GO:BP","anatomical structure morphogenesis","GO:0009653","false","0.028949608109701288","1.5383573109329598","2684","62","21","21031",,,,,,,"IMP,ISS,IEA","IEA",,,"IEA","IEA",,"ISS,IEA",,,"IEA",,"IBA",,"IEA",,,"IBA",,,,,"IDA,ISS,IEA","ISS,TAS,IEA","ISS,IEA",,,,,,,"ISS","ISS,IEA","ISS",,,,,,"IBA,IEA",,,"IDA,IMP,ISS,IEA","IDA","IEA",,,,,,,"IMP",,,,,"IEA",,
"GO:BP","system process","GO:0003008","true","0.03103932729184909","1.5080876996755674","2258","62","19","21031",,,,,"IEA",,,"IEA",,,,,"IEA","ISS,IEA","ISS,IBA,IEA",,,,,,"IMP,ISS,IBA,IEA",,,,,"ISS",,,,"IGI",,,"ISS",,,,,,"IMP,ISS,IBA,IC,IEA","ISS",,,"IBA",,"IMP,ISS,TAS,IC","IEA","IEA",,,,"IMP,IEA","ISS,IEA",,"IEA",,,"ISS,IEA",,,,,,,,
"GO:BP","regulation of cell communication","GO:0010646","false","0.03916652606385127","1.407084947170711","3443","62","24","21031","IBA,TAS",,,,"IBA,IEA",,,,"ISS,IBA",,,,"IBA,IEA","IMP,IBA","IDA,ISS,IBA,IEA",,"IMP,ISS,IEA",,,,"IEA","IEA",,,,,,,"ISS","IEA",,,"ISS","IBA","ISS",,"TAS,IEA",,"IMP",,"ISS,IBA,IEA",,,"IBA,TAS,IEA","TAS","ISS,TAS,IEA",,,"IMP,ISS",,,"ISS,IEA",,"IBA,IEA",,,"IDA,IMP,IBA,IEA",,,,,,,,
"GO:BP","heterophilic cell-cell adhesion via plasma membrane cell adhesion molecules","GO:0007157","false","0.04012043721507438","1.3966343428734642","55","62","4","21031",,,,,,,,"IBA",,,,,,"ISS,IEA",,,,,,,,,,,,,,,,,,,,,,,,,,,,,,,,,,,,,,,,,,,,"IBA",,,"IBA",,,,
"GO:BP","negative regulation of synaptic transmission","GO:0050805","false","0.04012043721507438","1.3966343428734642","55","62","4","21031",,,,,,,,,"ISS",,,,,"IMP",,,,,,,,,,,,,,,,,,,,,,,,,,,,,,,,,,,,,,,,"IBA,IEA",,,"IEA",,,,,,,,
"GO:BP","system development","GO:0048731","false","0.045503050454056844","1.3419594879372374","3973","62","26","21031","TAS",,,,,,"IDA,IMP,ISS,IBA,IEA","IEA",,,"IEA","IEA","ISS,IEA","IMP,ISS,IEA",,,"IEA",,"IEA",,"IMP,IBA,IEA",,,,,"ISS","ISS",,"IDA,IMP,IEP,ISS,NAS,IEA","ISS,TAS,IEA","IDA,ISS,IBA,IEA",,,,,,,"IDA,IMP,ISS,IBA","ISS,IEA","IMP,ISS",,,,,"ISS","ISS,IBA,IEA","IBA,IEA",,"IDA,IMP,ISS,TAS,IEA",,"IEA",,,,,,,"IMP,ISS,IBA",,,"IBA",,"IBA,IEA",,
"GO:CC","synaptic membrane","GO:0097060","true","1.8321125028061193e-14","13.737047861537308","399","65","18","22097","IBA,IEA",,,,"IBA",,,,"IBA,IEA",,,,"IBA,IEA","IBA,IEA","ISS,IEA",,,,"IEA",,"IEA",,,"IEA",,,,,,"IEA","IEA",,,"IBA,IEA",,,,,,,"IBA,IEA","IEA",,,,"IEA",,,,,,,,,,,"IBA,IEA",,,,"ISS,IEA",,,"IEA",
"GO:CC","neuron projection","GO:0043005","true","4.109068990742771e-14","13.386256566928113","1334","65","27","22097",,,,,"IEA",,,"IEA","ISS",,,,"IDA","ISS,IEA","IEA",,,,,,"ISS,IEA",,,"IBA,IEA",,"IBA",,,"ISS",,"ISS,IBA,IEA",,"IEA","IBA",,,,,,"ISS,IEA","IBA",,,"IBA","ISS,IBA","IEA",,,"IBA,IEA",,"IDA,ISS,IEA","IEA","ISS",,"IEA",,"IEA","IBA,IEA",,"IDA,IBA,IEA","ISS,IBA,IEA",,,,
"GO:CC","postsynapse","GO:0098794","false","4.072170557218708e-13","12.390174040468029","650","65","20","22097","IBA,IEA",,,,"IBA,IEA",,"IEA",,"IBA,IEA",,,,"IBA,IEA","ISS,IBA,IEA","ISS,IBA,IEA",,,,"IEA",,"IEA",,,,,,,,,,"IEA",,,"IBA,IEA","IEA",,,,,,"ISS,IBA,IEA","IBA,IEA",,,"ISS,IBA","IEA",,,,,,"IEA",,,,,"IBA,IEA",,,,"ISS,IEA",,,"IEA",
"GO:CC","synapse","GO:0045202","false","4.407372622965909e-13","12.355820230348527","1468","65","27","22097","IBA,IEA",,"IEA",,"IBA,IEA",,"IEA",,"ISS,IBA,IEA",,,,"IDA,IBA,IEA","ISS,IBA,IEA","ISS,IBA,IEA",,,,"IEA",,"ISS,IEA","IBA,IEA",,"IBA,IEA",,"IBA",,,,"IEA","IEA",,,"IBA,IEA","IEA",,,,,,"ISS,IBA,IEA","IBA,IEA",,,"IDA,ISS,IBA","IBA,IEA",,,,,"IDA","IEA",,,"IBA,IEA",,"IBA,IEA",,,,"ISS,IEA",,,"IEA",
"GO:CC","postsynaptic membrane","GO:0045211","false","7.116590918190272e-13","12.147727997932913","278","65","15","22097","IBA,IEA",,,,"IBA",,,,"IBA,IEA",,,,"IBA,IEA","IBA,IEA","ISS,IEA",,,,"IEA",,"IEA",,,,,,,,,,,,,"IBA,IEA",,,,,,,"IBA,IEA","IEA",,,,"IEA",,,,,,,,,,,"IBA,IEA",,,,"ISS,IEA",,,"IEA",
"GO:CC","postsynaptic density membrane","GO:0098839","false","2.1301421079887097e-12","11.671591422544063","101","65","11","22097","IBA",,,,"IBA",,,,"IBA",,,,"IBA,IEA","IBA,IEA","ISS,IEA",,,,,,,,,,,,,,,,,,,"IBA",,,,,,,"IEA","IEA",,,,"IEA",,,,,,,,,,,"IBA",,,,,,,,
"GO:CC","cell junction","GO:0030054","false","3.3391572579876604e-12","11.476363127316386","2230","65","31","22097","IBA,IEA",,"IEA","HDA","IBA,IEA",,"IEA","IDA,NAS,IEA","ISS,IBA,IEA","IDA,HDA",,,"IDA,IBA,IEA","ISS,IBA,IEA","ISS,IBA,IEA",,,,"IBA,IEA",,"ISS,IEA","IBA,IEA",,"IBA,IEA",,"IBA,IEA",,,,"IEA","IEA",,,"IBA,IEA","IEA",,,,,"ISS,IBA,IEA","ISS,IBA,IEA","IBA,IEA",,,"IDA,ISS,IBA,TAS,IEA","IDA,IBA,IEA",,,,,"IDA","IEA",,,"IBA,IEA",,"IBA,IEA",,,,"ISS,IEA",,,"IEA",
"GO:CC","postsynaptic density","GO:0014069","false","5.1530579303106464e-12","11.287934975203813","318","65","15","22097","IBA",,,,"IBA,IEA",,,,"IBA",,,,"IBA,IEA","IBA,IEA","ISS,IBA,IEA",,,,,,"IEA",,,,,,,,,,,,,"IBA","IEA",,,,,,"ISS,IBA,IEA","IBA,IEA",,,"ISS","IEA",,,,,,"IEA",,,,,"IBA,IEA",,,,,,,,
"GO:CC","asymmetric synapse","GO:0032279","false","1.0568473383526428e-11","10.975987742020239","334","65","15","22097","IBA",,,,"IBA,IEA",,,,"IBA",,,,"IBA,IEA","IBA,IEA","ISS,IBA,IEA",,,,,,"IEA",,,,,,,,,,,,,"IBA","IEA",,,,,,"ISS,IBA,IEA","IBA,IEA",,,"ISS","IEA",,,,,,"IEA",,,,,"IBA,IEA",,,,,,,,
"GO:CC","postsynaptic specialization","GO:0099572","false","1.7686148155118636e-11","10.752366741263609","346","65","15","22097","IBA",,,,"IBA,IEA",,,,"IBA",,,,"IBA,IEA","IBA,IEA","ISS,IBA,IEA",,,,,,"IEA",,,,,,,,,,,,,"IBA","IEA",,,,,,"ISS,IBA,IEA","IBA,IEA",,,"ISS","IEA",,,,,,"IEA",,,,,"IBA,IEA",,,,,,,,
"GO:CC","postsynaptic specialization membrane","GO:0099634","false","1.7939130109727114e-11","10.746198620249839","122","65","11","22097","IBA",,,,"IBA",,,,"IBA",,,,"IBA,IEA","IBA,IEA","ISS,IEA",,,,,,,,,,,,,,,,,,,"IBA",,,,,,,"IEA","IEA",,,,"IEA",,,,,,,,,,,"IBA",,,,,,,,
"GO:CC","neuron to neuron synapse","GO:0098984","false","4.003490970775022e-11","10.397561146636518","366","65","15","22097","IBA",,,,"IBA,IEA",,,,"IBA",,,,"IBA,IEA","IBA,IEA","ISS,IBA,IEA",,,,,,"IEA",,,,,,,,,,,,,"IBA","IEA",,,,,,"ISS,IBA,IEA","IBA,IEA",,,"ISS","IEA",,,,,,"IEA",,,,,"IBA,IEA",,,,,,,,
"GO:CC","glutamatergic synapse","GO:0098978","false","5.212711823970452e-9","8.28293628365131","424","65","14","22097",,,,,"IEA",,,,"IEA",,,,"IEA","IEA","IEA",,,,,,,"IEA",,"IEA",,,,,,"IEA","IEA",,,,"IEA",,,,,,"ISS,IEA","IEA",,,,"IEA",,,,,,,,,,,"IEA",,,,,,,,
"GO:CC","somatodendritic compartment","GO:0036477","false","6.9828695604571215e-9","8.155966070475493","848","65","18","22097",,,"IEA",,"IEA",,,,"ISS",,,,"IDA,IEA","ISS,IEA",,,,,,,"IEA",,,,,"IBA",,,,,"ISS,IBA,IEA",,,"IBA",,,,,,,"IBA",,,,"ISS","IEA",,,,,,"IEA","ISS",,,,"IEA",,,,"ISS,IEA","IBA","IEA",,
"GO:CC","cell projection","GO:0042995","false","7.599377653706913e-9","8.119221972538668","2389","65","28","22097",,,,,"IEA",,,"IEA","ISS",,,,"IDA","ISS,IEA","IEA",,,,,,"IDA,ISS,IEA",,,"IBA,IEA",,"IBA,IEA",,,"ISS","IEA","ISS,IBA,IEA",,"IEA","IBA",,,,,,"ISS,IEA","IBA",,,"IBA","ISS,IBA","IEA",,,"IBA,IEA",,"IDA,ISS,IEA","IEA","ISS",,"IEA",,"IEA","IBA,IEA",,"IDA,ISS,IBA,IEA","ISS,IBA,IEA",,,,
"GO:CC","ionotropic glutamate receptor complex","GO:0008328","false","7.97365267962524e-9","8.098342685479158","41","65","7","22097","IBA",,,,,,,,"IBA",,,,"IDA,IEA","ISS,IEA",,,,,,,,,,,,,,,,,,,,"ISS,IBA,IEA",,,,,,,"IBA,IEA",,,,,,,,,,,,,,,,"IBA,IEA",,,,,,,,
"GO:CC","plasma membrane region","GO:0098590","false","1.0672619652713086e-8","7.971728967540952","1266","65","21","22097","IBA,IEA",,,,"IBA",,,"NAS,IEA","IBA,IEA",,,,"IBA,IEA","IBA,IEA","ISS,IEA",,,,"IEA",,"IDA,IEA",,,"IEA",,"IEA",,,"ISS","IEA","IEA",,,"IBA,IEA",,,,,,,"IBA,IEA","IEA",,,,"IEA",,,,,,,,,,,"IBA,IEA",,,,"ISS,IEA",,,"IEA",
"GO:CC","cell periphery","GO:0071944","false","1.1697210008927429e-8","7.931917712802484","6228","65","44","22097","IDA,IBA,TAS,IEA",,,,"IDA,IPI,IMP,IBA,TAS,IEA","TAS",,"IBA,NAS,IEA","IDA,IBA,TAS,IEA","IDA,IBA,TAS,IEA",,,"IDA,IBA,IEA","ISS,IBA,TAS,IEA","ISS,IEA","IDA","IDA,TAS,IEA",,"IBA,TAS,IEA","TAS","IDA,IBA,TAS,NAS,IEA","TAS,IEA",,"IDA,IBA,TAS,IEA","IBA","IBA,IEA",,,"ISS,TAS,IEA","TAS,IEA","ISS,IBA,IEA",,"IDA","ISS,IBA,TAS,IEA","IDA",,"IBA,TAS,IEA",,"ISS,IBA","IBA,IEA","IBA,IEA","IEA","IBA","TAS,IEA","IDA,ISS,IBA,TAS,IEA","IDA,IBA,IEA",,"ISS,IBA,IEA","IDA,TAS,IEA",,"IEA","ISS,IEA","IDA,ISS,TAS,IEA","IDA,RCA,TAS,IEA",,,"IBA,TAS,IEA","ISS,IEA",,,"ISS,IEA",,"IEA","IBA,IEA",
"GO:CC","plasma membrane bounded cell projection","GO:0120025","false","1.5729678116779786e-8","7.803280164441981","2277","65","27","22097",,,,,"IEA",,,"IEA","ISS",,,,"IDA","ISS,IEA","IEA",,,,,,"IDA,ISS,IEA",,,"IBA,IEA",,"IBA,IEA",,,"ISS",,"ISS,IBA,IEA",,"IEA","IBA",,,,,,"ISS,IEA","IBA",,,"IBA","ISS,IBA","IEA",,,"IBA,IEA",,"IDA,ISS,IEA","IEA","ISS",,"IEA",,"IEA","IBA,IEA",,"IDA,ISS,IBA,IEA","ISS,IBA,IEA",,,,
"GO:CC","neurotransmitter receptor complex","GO:0098878","false","1.876646553715298e-8","7.726617514392616","46","65","7","22097","IBA",,,,,,,,"IBA",,,,"IDA,IEA","ISS,IEA",,,,,,,,,,,,,,,,,,,,"ISS,IBA,IEA",,,,,,,"IBA,IEA",,,,,,,,,,,,,,,,"IBA,IEA",,,,,,,,
"GO:CC","plasma membrane","GO:0005886","false","1.883128771365735e-8","7.725119981214662","5742","65","42","22097","IDA,IBA,TAS,IEA",,,,"IDA,IPI,IMP,IBA,TAS,IEA","TAS",,"IBA,NAS,IEA","IDA,IBA,TAS,IEA","IDA,IBA,TAS,IEA",,,"IDA,IBA,IEA","ISS,IBA,TAS,IEA","ISS,IEA",,"IDA,TAS,IEA",,"IBA,TAS,IEA","TAS","IDA,IBA,TAS,NAS,IEA","TAS,IEA",,"IDA,IBA,TAS,IEA","IBA","IBA,IEA",,,"ISS,TAS,IEA","TAS,IEA","ISS,IBA,IEA",,"IDA","ISS,IBA,TAS,IEA","IDA",,"IBA,TAS,IEA",,"ISS,IBA","IBA,IEA","IBA,IEA","IEA","IBA","TAS,IEA","IDA,ISS,IBA,TAS,IEA","IDA,IBA,IEA",,"ISS,IBA,IEA","IDA,TAS,IEA",,"IEA","ISS,IEA","IDA,ISS,TAS,IEA","IDA,RCA,TAS,IEA",,,"IBA,TAS,IEA","ISS,IEA",,,"ISS,IEA",,,"IEA",
"GO:CC","plasma membrane protein complex","GO:0098797","false","5.293173032058769e-7","6.276283908835099","718","65","15","22097","IBA",,,,"IDA,IPI",,,"IEA","IBA",,,,"IDA,IEA","ISS,IEA",,,,,"IBA",,"IDA,TAS,NAS,IEA",,,"IBA","IBA",,,,,,,,,"ISS,IBA,IEA",,,,,,"IBA","IBA,IEA",,,,,,,,,,,"ISS,IEA",,,,,"IBA,IEA",,,,,,,,
"GO:CC","axon","GO:0030424","false","0.0000015241258588514934","5.8169791684637415","656","65","14","22097",,,,,,,,,"ISS",,,,,,"IEA",,,,,,"IEA",,,"IBA,IEA",,,,,"ISS",,"ISS,IBA,IEA",,"IEA",,,,,,,"ISS,IEA",,,,,"ISS,IBA","IEA",,,"IEA",,,,,,,,"IEA","IEA",,,"ISS,IEA",,,,
"GO:CC","membrane","GO:0016020","false","0.000001526091189997392","5.81641951478912","9864","65","52","22097","IDA,IBA,TAS,IEA",,,"IEA","IDA,IPI,IMP,IBA,TAS,IEA","TAS,IEA",,"IBA,NAS,IEA","IDA,IBA,TAS,IEA","IDA,IBA,TAS,IEA","TAS,IEA",,"IDA,IBA,TAS,NAS,IEA","ISS,IBA,TAS,IEA","ISS,IEA",,"IDA,TAS,IEA",,"IBA,TAS,IEA","TAS,IEA","IDA,ISS,IBA,TAS,NAS,IEA","TAS,IEA","IEA","IDA,IBA,TAS,IEA","IBA,IEA","IBA,IEA",,"HDA,IBA,TAS,IEA","ISS,TAS,IEA","TAS,IEA","ISS,IBA,IEA","TAS,IEA","IDA","ISS,IBA,TAS,IEA","IDA",,"IBA,TAS,IEA",,"IDA,ISS,IBA,TAS,IEA","IBA,IEA","IBA,IEA","IEA","IBA,IEA","IDA,TAS,IEA","IDA,ISS,IBA,TAS,IEA","IDA,IBA,IEA",,"ISS,IBA,IEA","IDA,TAS,IEA","NAS,IEA","IEA","ISS,IEA","IDA,ISS,TAS,IEA","IDA,RCA,TAS,IEA","IBA,IEA","ISS,IEA","IBA,TAS,IEA","ISS,IEA",,"IEA","ISS,IEA",,"IEA","IEA",
"GO:CC","dendrite","GO:0030425","false","0.000007401080485325643","5.130704872896028","622","65","13","22097",,,,,"IEA",,,,"ISS",,,,,"ISS,IEA",,,,,,,,,,,,"IBA",,,,,"IEA",,,"IBA",,,,,,,"IBA",,,,"ISS","IEA",,,,,,"IEA","ISS",,,,"IEA",,,,"ISS,IEA",,,,
"GO:CC","dendritic tree","GO:0097447","false","0.000007685292263306824","5.1143396121033495","624","65","13","22097",,,,,"IEA",,,,"ISS",,,,,"ISS,IEA",,,,,,,,,,,,"IBA",,,,,"IEA",,,"IBA",,,,,,,"IBA",,,,"ISS","IEA",,,,,,"IEA","ISS",,,,"IEA",,,,"ISS,IEA",,,,
"GO:CC","excitatory synapse","GO:0060076","false","0.000012461306573534337","4.904436419319941","67","65","6","22097",,,,,,,,,,,,,,"IEA","ISS,IEA",,,,,,,,,,,,,,,,"IEA",,,"IEA",,,,,,,"ISS,IEA",,,,,,,,,,,"IEA",,,,,,,,,,,,,
"GO:CC","monoatomic ion channel complex","GO:0034702","false","0.00001823150542051774","4.739177469094322","346","65","10","22097","IBA",,,,,,,,"IBA",,,,"IDA,IEA","ISS,IEA",,,,,,,,,,,"IBA,IEA",,,,,,,,,"ISS,IBA,IEA",,,,,"IDA,IBA,IEA",,"IBA,IEA",,,,,,,,,,,"ISS,IEA",,,,,"IBA,IEA",,,,,,,,
"GO:CC","presynapse","GO:0098793","false","0.000022455416959488076","4.648678876405157","564","65","12","22097","IBA",,,,,,,,"ISS,IBA",,,,"IEA",,,,,,"IEA",,"IEA",,,"IBA,IEA",,,,,,"IEA","IEA",,,,,,,,,,,,,,"ISS",,,,,,,"IEA",,,"IBA,IEA",,"IBA,IEA",,,,,,,,
"GO:CC","cell body","GO:0044297","false","0.00002289109285661553","4.640333472931928","565","65","12","22097",,,"IEA",,,,,,"ISS",,,,"IDA,IEA",,,,,,,,"IEA",,,,,"IBA",,,,,"ISS,IBA,IEA",,,,,,,,,,,,,,"ISS","IEA",,,,,,,,,,,"IEA",,,"IEA",,"IBA","IEA",,
"GO:CC","neuronal cell body","GO:0043025","false","0.00005722278860011351","4.242430981830794","498","65","11","22097",,,"IEA",,,,,,"ISS",,,,"IDA,IEA",,,,,,,,"IEA",,,,,"IBA",,,,,"ISS,IBA,IEA",,,,,,,,,,,,,,"ISS","IEA",,,,,,,,,,,"IEA",,,,,"IBA","IEA",,
"GO:CC","kainate selective glutamate receptor complex","GO:0032983","false","0.00006795368272605652","4.1677870018562135","5","65","3","22097","IBA",,,,,,,,"IBA",,,,,,,,,,,,,,,,,,,,,,,,,,,,,,,,,,,,,,,,,,,,,,,,"IBA,IEA",,,,,,,,
"GO:CC","transmembrane transporter complex","GO:1902495","false","0.00018543881183553644","3.731799364032136","445","65","10","22097","IBA",,,,,,,,"IBA",,,,"IDA,IEA","ISS,IEA",,,,,,,,,,,"IBA,IEA",,,,,,,,,"ISS,IBA,IEA",,,,,"IDA,IBA,IEA",,"IBA,IEA",,,,,,,,,,,"ISS,IEA",,,,,"IBA,IEA",,,,,,,,
"GO:CC","dendritic spine","GO:0043197","false","0.0002048788609538844","3.6885028490399088","172","65","7","22097",,,,,,,,,,,,,,"ISS,IEA",,,,,,,,,,,,,,,,,"IEA",,,"IBA",,,,,,,"IBA",,,,,"IEA",,,,,,"IEA",,,,,,,,,"ISS,IEA",,,,
"GO:CC","neuron spine","GO:0044309","false","0.00023912539423170357","3.621374300968778","176","65","7","22097",,,,,,,,,,,,,,"ISS,IEA",,,,,,,,,,,,,,,,,"IEA",,,"IBA",,,,,,,"IBA",,,,,"IEA",,,,,,"IEA",,,,,,,,,"ISS,IEA",,,,
"GO:CC","transporter complex","GO:1990351","false","0.00031604159193706423","3.5002557592799297","472","65","10","22097","IBA",,,,,,,,"IBA",,,,"IDA,IEA","ISS,IEA",,,,,,,,,,,"IBA,IEA",,,,,,,,,"ISS,IBA,IEA",,,,,"IDA,IBA,IEA",,"IBA,IEA",,,,,,,,,,,"ISS,IEA",,,,,"IBA,IEA",,,,,,,,
"GO:CC","distal axon","GO:0150034","false","0.00044431463131971646","3.3523093851683328","279","65","8","22097",,,,,,,,,"ISS",,,,,,,,,,,,,,,"IBA,IEA",,,,,,,"ISS,IBA,IEA",,"IEA",,,,,,,,,,,,"ISS","IEA",,,,,,,,,,,"IEA",,,,"ISS,IEA",,,,
"GO:CC","membrane protein complex","GO:0098796","false","0.0005893373353374794","3.2296360448756127","1401","65","16","22097","IBA",,,,"IDA,IPI",,,"IEA","IBA",,,,"IDA,IEA","ISS,IEA",,,,,"IBA",,"IDA,TAS,NAS,IEA",,,"IBA","IBA,IEA",,,,,,,,,"ISS,IBA,IEA",,,,,"IDA,IBA,IEA","IBA","IBA,IEA",,,,,,,,,,,"ISS,IEA",,,,,"IBA,IEA",,,,,,,,
"GO:CC","plasma membrane signaling receptor complex","GO:0098802","false","0.0009036595165557826","3.043995173434994","307","65","8","22097","IBA",,,,"IDA,IPI",,,,"IBA",,,,"IDA,IEA","ISS,IEA",,,,,,,,,,,,,,,,,,,,"ISS,IBA,IEA",,,,,,,"IBA,IEA",,,,,,,,,,,,,,,,"IBA,IEA",,,,,,,,
"GO:CC","presynaptic membrane","GO:0042734","false","0.0026402900634886098","2.578348358716333","166","65","6","22097","IBA",,,,,,,,"IBA",,,,,,,,,,"IEA",,,,,,,,,,,"IEA","IEA",,,,,,,,,,,,,,,,,,,,,,,,,,"IBA,IEA",,,,,,,,
"GO:CC","parallel fiber to Purkinje cell synapse","GO:0098688","false","0.008738547858509867","2.0585607309163296","21","65","3","22097",,,,,,,,,,,,,,"IEA",,,,,,,,,,,,,,,,,"IEA",,,"IEA",,,,,,,,,,,,,,,,,,,,,,,,,,,,,,,
"GO:CC","cation channel complex","GO:0034703","false","0.009205054599281708","2.0359736311581806","207","65","6","22097","IBA",,,,,,,,"IBA",,,,,,,,,,,,,,,,"IBA",,,,,,,,,,,,,,"IDA,IBA,IEA",,,,,,,,,,,,,"ISS,IEA",,,,,"IBA,IEA",,,,,,,,
"GO:CC","neuron projection terminus","GO:0044306","false","0.010993232569212181","1.958874584142122","129","65","5","22097",,,,,,,,,"ISS",,,,,,,,,,,,"ISS,IEA",,,"IBA,IEA",,,,,,,,,,,,,,,,,,,,,"ISS",,,,,,,,,,,,"IEA",,,,,,,,
"GO:CC","Z disc","GO:0030018","true","0.013185117968263852","1.8799159801870553","134","65","5","22097",,,,,,,,,,,,,,,,,,,,,"ISS,IEA",,,,,"NAS",,,,,,,,,,,,,"IDA,ISS,IBA,IEA",,,,,,"ISS",,,,,,,"ISS,IEA",,,,,,,,,,,,,
"GO:CC","sodium channel complex","GO:0034706","false","0.014985215391311446","1.8243370103035395","25","65","3","22097","IBA",,,,,,,,"IBA",,,,,,,,,,,,,,,,,,,,,,,,,,,,,,,,,,,,,,,,,,,,,,,,"IBA,IEA",,,,,,,,
"GO:CC","I band","GO:0031674","false","0.021833454509656975","1.6608775443738646","149","65","5","22097",,,,,,,,,,,,,,,,,,,,,"ISS,IEA",,,,,"NAS",,,,,,,,,,,,,"IDA,ISS,IBA,IEA",,,,,,"ISS",,,,,,,"ISS,IEA",,,,,,,,,,,,,
"GO:CC","catenin complex","GO:0016342","false","0.028919385487595126","1.5388109396687224","31","65","3","22097",,,,,,,,,,,,,,,,,,,"IBA",,,,,"IBA",,,,,,,,,,,,,,,,"IBA",,,,,,,,,,,,,,,,,,,,,,,,,
"GO:CC","receptor complex","GO:0043235","false","0.040484380197406515","1.3927125052430995","523","65","8","22097","IBA",,,,"IDA,IPI",,,,"IBA",,,,"IDA,IEA","ISS,IEA",,,,,,,,,,,,,,,,,,,,"ISS,IBA,IEA",,,,,,,"IBA,IEA",,,,,,,,,,,,,,,,"IBA,IEA",,,,,,,,
"KEGG","Glutamatergic synapse","KEGG:04724","false","0.000009930976562208023","5.003008043073118","115","31","7","8484","KEGG",,,,"KEGG",,,,"KEGG",,,,"KEGG",,,,,,,,,,,,,,,,,,,,,"KEGG",,,,,,,,,,,,,,,,,,,"KEGG",,,,"KEGG",,,,,,,,
"KEGG","Arrhythmogenic right ventricular cardiomyopathy","KEGG:05412","false","0.0008270635701214894","3.082461108232297","84","31","5","8484",,,,,,,,,,,,,,,,,,,,,"KEGG",,,,"KEGG",,,,,,,,,,,,,,"KEGG","KEGG",,,,,"KEGG",,,,,,,,,,,,,,,,,,,,
"KEGG","cAMP signaling pathway","KEGG:04024","false","0.0008555470765085383","3.0677560883959614","223","31","7","8484",,,"KEGG",,,,,,,,,,"KEGG",,,,,,,,,,,,,,,,,,,,,"KEGG",,,,,"KEGG",,,,,,,"KEGG",,,,,,"KEGG","KEGG",,,,,,,,,,,,
"KEGG","Dilated cardiomyopathy","KEGG:05414","false","0.0021307360812631957","2.6714703398443373","102","31","5","8484",,,,,,,,,,,,,,,,,,,,,"KEGG",,,,"KEGG",,,,,,,,,,,,,,"KEGG",,,,,,"KEGG",,,,,,,,"KEGG",,,,,,,,,,,,
"KEGG","Neuroactive ligand-receptor interaction","KEGG:04080","false","0.0025348089334770395","2.5960547709515063","365","31","8","8484","KEGG",,"KEGG",,"KEGG",,,,"KEGG",,,,"KEGG","KEGG",,,,,,,,,,,,,,,,,,,,"KEGG",,,,,,,,,,,,,,,,,,,,,,,"KEGG",,,,,,,,
"KEGG","Adrenergic signaling in cardiomyocytes","KEGG:04261","false","0.014679042935378665","1.8333022592314994","153","31","5","8484",,,,,,,,,,,,,,,,,,,,,,,,,"KEGG",,,,,,,,,,,,,,"KEGG",,,,,,"KEGG",,,,,,,,"KEGG",,,"KEGG",,,,,,,,,
"KEGG","Calcium signaling pathway","KEGG:04020","false","0.017627879783628866","1.7537999198982568","251","31","6","8484",,,,,"KEGG",,,,,,,,"KEGG",,,,,,,,,,,,,,,,,,,,,,,,,,"KEGG",,,,,,"KEGG",,,,,,,,"KEGG",,,,,,,,,"KEGG",,,
"KEGG","Hypertrophic cardiomyopathy","KEGG:05410","false","0.02815826993457227","1.5503940320920746","97","31","4","8484",,,,,,,,,,,,,,,,,,,,,"KEGG",,,,"KEGG",,,,,,,,,,,,,,"KEGG",,,,,,"KEGG",,,,,,,,,,,,,,,,,,,,
"REAC","Neuronal System","REAC:R-HSA-112316","false","0.0000032166004612428974","5.492602880115594","400","39","12","10842","REAC",,,,"REAC",,,,"REAC","REAC",,,"REAC",,,,,,,,,,,,"REAC",,,,,"REAC",,,,"REAC",,,"REAC",,,,,,,,,,,,,,,,"REAC",,,,"REAC",,,,,,,"REAC",
"REAC","Transmission across Chemical Synapses","REAC:R-HSA-112315","false","0.0011589161220398516","2.935947995488919","259","39","8","10842","REAC",,,,,,,,"REAC",,,,"REAC",,,,,,,,,,,,"REAC",,,,,,,,,"REAC",,,"REAC",,,,,,,,,,,,,,,,"REAC",,,,"REAC",,,,,,,,
"REAC","Ionotropic activity of kainate receptors","REAC:R-HSA-451306","false","0.0019079253134267496","2.7194386299471685","10","39","3","10842","REAC",,,,,,,,"REAC",,,,,,,,,,,,,,,,,,,,,,,,,,,,,,,,,,,,,,,,,,,,,,,,"REAC",,,,,,,,
"REAC","Activation of Ca-permeable Kainate Receptor","REAC:R-HSA-451308","false","0.0019079253134267496","2.7194386299471685","10","39","3","10842","REAC",,,,,,,,"REAC",,,,,,,,,,,,,,,,,,,,,,,,,,,,,,,,,,,,,,,,,,,,,,,,"REAC",,,,,,,,
"REAC","Neurotransmitter receptors and postsynaptic signal transmission","REAC:R-HSA-112314","false","0.0020078716526115425","2.697264051658524","196","39","7","10842","REAC",,,,,,,,"REAC",,,,"REAC",,,,,,,,,,,,,,,,,,,,,"REAC",,,"REAC",,,,,,,,,,,,,,,,"REAC",,,,"REAC",,,,,,,,
"REAC","Activation of Na-permeable kainate receptors","REAC:R-HSA-451307","false","0.004740103446121568","2.3242121803534372","2","39","2","10842","REAC",,,,,,,,,,,,,,,,,,,,,,,,,,,,,,,,,,,,,,,,,,,,,,,,,,,,,,,,"REAC",,,,,,,,
"REAC","Protein-protein interactions at synapses","REAC:R-HSA-6794362","false","0.0048887431739097435","2.310802777439281","86","39","5","10842",,,,,"REAC",,,,,"REAC",,,,,,,,,,,,,,,,,,,,"REAC",,,,"REAC",,,,,,,,,,,,,,,,,,,,,,,,,,,,,,"REAC",
"REAC","Neurexins and neuroligins","REAC:R-HSA-6794361","false","0.017254871753089266","1.7630882642561592","56","39","4","10842",,,,,"REAC",,,,,"REAC",,,,,,,,,,,,,,,,,,,,"REAC",,,,,,,,,,,,,,,,,,,,,,,,,,,,,,,,,,"REAC",
"REAC","Regulation of cortical dendrite branching","REAC:R-HSA-8985801","false","0.02831134732873181","1.5480394621958276","4","39","2","10842",,,,,,,,,,,,,,,,,,,,,,,,,,,,,"REAC",,,,,,,,,,,,,,,,,,,,"REAC",,,,,,,,,,,,,,,,
"WP","Arrhythmogenic right ventricular cardiomyopathy","WP:WP2118","false","0.002693396744250604","2.569699669184946","74","38","5","8286",,,,,,,,,,,,,,,,,,,,,"WP",,,,"WP",,,,,,,,,,,,,,"WP","WP",,,,,"WP",,,,,,,,,,,,,,,,,,,,
"WP","Neuroinflammation and glutamatergic signaling","WP:WP5083","false","0.005036386762054898","2.2978809262653996","140","38","6","8286","WP",,,,"WP",,,,"WP",,,,"WP",,,,,,,,,,,,,,,,,,,,,"WP",,,,,,,,,,,,,,,,,,,,,,,"WP",,,,,,,,
"TF","Factor: ZF5; motif: NGAGCGCGC","TF:M10111","false","0.019891827383345193","1.7013253181300367","2734","65","23","20045","TF",,,,,"TF","TF",,"TF",,,,,,,"TF",,"TF",,,,"TF",,,"TF",,,"TF",,,,"TF","TF",,"TF","TF",,,,,"TF",,,"TF","TF",,"TF","TF",,"TF",,,,,,,,,,,"TF","TF","TF",,"TF"
