"source","term_name","term_id","highlighted","adjusted_p_value","negative_log10_of_adjusted_p_value","term_size","query_size","intersection_size","effective_domain_size","FBXL7","KIT","FGF13","NTNG1","EYA4","ARHGAP31","STAC","SV2C","UNC13C","CACNA2D1","TRPC3","PREX2","NRG1","MYO16","VAT1L","IGSF11","NWD2","KIRREL1","JAM2","TPD52L1","ST6GAL2","PDZD2","SLC6A1","FSTL5","NKAIN3","PMEPA1","LUZP2","GRIN2A","TMEM132D","PTCHD4","FGF14","EPHA3","ADAMTSL1","ALK","NFIB","PKP2","PDGFD","MACROD2","TACR1","CDH13","TOX","NXPH2","BCL11B","ROR2","PTPRT","PID1","ATP8A2","CLSTN2","GAD2","SGCZ","DGKD","RPH3A","RIMBP2","GRM5","NYAP2","GRIA4","DOCK9","SGK1","LTBP1","COBL","RGS7","SPHKAP","WWOX","PTPRB","LRIG1","PPFIBP1","NFIA","TOX2","RIMS1","TMTC2","CHST11","EGFR","CCDC85A","WWP1","MAP3K5","GRK3","KCNIP1","GABBR2","FRY","SYN2","KCTD16","BRINP2","IL1RAPL1","MCTP1","RAB3C","SH3RF3","UNC5C","MTSS1","UBASH3B","NFIX","UNC5D","CSMD3","PDE8B","MAML3","ADARB2","ZNF536","SYT1","SAMD12","TMEM132B","DSCAML1","GREB1L","LRRTM3","FMNL2","MSRA","SLC8A1","KCNAB1","GRIN3A","DNER","QKI","TENM4","DPP6","LRRC7","KAZN","PRKCB","SPOCK1","RORA","DLGAP1","CTNNA2","RBMS3","ROR1","CNTNAP5"
"GO:MF","transmembrane receptor protein kinase activity","GO:0019199","true","0.00022356071786339027","3.650604504515031","82","115","7","20212",,"IDA,IBA,IEA",,,,,,,,,,,,,,,,,,,,,,,,,,,,,,"IDA,IBA,IEA",,"IDA,IBA,TAS,IEA",,,,,,,,,,"IBA,TAS,IEA",,,,,,,,,,,,,,,"NAS",,,,,,,,,,,,,"IDA,IMP,IBA,TAS,NAS,IEA",,,,,,,,,,,,,,,,,,,,,,,,,,,,,,,,,,,,,,,,,,,,,,,,"TAS",
"GO:MF","cell adhesion molecule binding","GO:0050839","true","0.0003595241725343782","3.444271904598565","561","115","15","20212",,,,"IPI,IGI",,,,,,,,,"IDA",,,,,"IBA","IDA",,,,,,,,,,,,,,,,,"HDA,IBA,IC",,,,"IDA,IBA",,,,,"IPI,IEA",,,,,,,,,,,,"HDA",,,,,,,"IPI,IBA",,"HDA",,,,,,"HDA,IEA",,,,,,,,,,,,,,,,,,,,,,,,,,,,"IBA",,,"HDA",,,,,,,"IBA",,,,,,,,"HDA,IEA",,,
"GO:MF","transmembrane receptor protein tyrosine kinase activity","GO:0004714","false","0.0008083374249892265","3.0924073134567465","63","115","6","20212",,"IDA,IBA,IEA",,,,,,,,,,,,,,,,,,,,,,,,,,,,,,"IDA,IBA,IEA",,"IDA,IBA,TAS,IEA",,,,,,,,,,"IBA,TAS,IEA",,,,,,,,,,,,,,,,,,,,,,,,,,,,"IDA,IMP,IBA,TAS,NAS,IEA",,,,,,,,,,,,,,,,,,,,,,,,,,,,,,,,,,,,,,,,,,,,,,,,"TAS",
"GO:MF","ion channel regulator activity","GO:0099106","true","0.0008397697482582018","3.0758397743767785","143","115","8","20212",,,"IDA,ISS,IBA,IEA",,,,,,,,,,,,,,,,,,,,,,,,,,,,"IBA",,,,,"ISS",,,,,,,,,,,,,,,,,,,,,,"IBA,TAS",,,,,,,,,,,,,,,,,,,"IDA,IBA",,,,,,,,,,,,,,,,,,,,,,,,,,,,,"IDA,IBA,TAS",,,,,"IDA,ISS,IBA",,,"IEA",,,,,,,
"GO:MF","channel regulator activity","GO:0016247","false","0.0010872285871970442","2.9636791369426825","148","115","8","20212",,,"IDA,ISS,IBA,IEA",,,,,,,,,,,,,,,,,,,,,,,,,,,,"IBA",,,,,"ISS",,,,,,,,,,,,,,,,,,,,,,"IBA,TAS",,,,,,,,,,,,,,,,,,,"IDA,IBA",,,,,,,,,,,,,,,,,,,,,,,,,,,,,"IDA,IBA,TAS",,,,,"IDA,ISS,IBA",,,"IEA",,,,,,,
"GO:MF","transporter regulator activity","GO:0141108","false","0.0010872285871970442","2.9636791369426825","148","115","8","20212",,,"IDA,ISS,IBA,IEA",,,,,,,,,,,,,,,,,,,,,,,,,,,,"IBA",,,,,"ISS",,,,,,,,,,,,,,,,,,,,,,"IBA,TAS",,,,,,,,,,,,,,,,,,,"IDA,IBA",,,,,,,,,,,,,,,,,,,,,,,,,,,,,"IDA,IBA,TAS",,,,,"IDA,ISS,IBA",,,"IEA",,,,,,,
"GO:MF","transmembrane transporter binding","GO:0044325","true","0.008054489714779142","2.093961968724037","140","115","7","20212",,,"ISS,IEA",,,,"IBA,IEA",,,,,,,,,,,,,,,,,,,,,,,,,,,,,"ISS",,,,,,,,,,,,,,,,,,,,,,,,,,,,,,,,,"IBA",,,,,,,,"IBA",,,,,,,,,,,,,,,,,,,,,,,,,,,,"ISS","IBA",,,,,,,,,,,,,,,
"GO:MF","glutamate receptor activity","GO:0008066","true","0.00821573380849679","2.085353640415376","27","115","4","20212",,,,,,,,,,,,,,,,,,,,,,,,,,,,"IDA,IMP,ISS,IBA,TAS,IEA",,,,,,,,,,,,,,,,,,,,,,,,,,"IDA,IBA,IEA",,"IDA,ISS,IBA,IEA",,,,,,,,,,,,,,,,,,,,,,,,,,,,,,,,,,,,,,,,,,,,,,,,,,,"IDA,ISS,IBA,IEA",,,,,,,,,,,,,,
"GO:MF","protein tyrosine kinase activator activity","GO:0030296","true","0.016468748460355467","1.783339403709054","32","115","4","20212",,,,,,,,,,,,,"IDA,IBA,NAS,IC",,,,,,,,,,,,,,,,,,,,,"IDA",,,,,,,,,,,,,,,,,,,,"TAS",,,,,,,,,,,,,,,,,,"IDA,IEA",,,,,,,,,,,,,,,,,,,,,,,,,,,,,,,,,,,,,,,,,,,,,,,,,
"GO:MF","protein binding","GO:0005515","false","0.02478713773721785","1.6057736199324586","14838","115","102","20212","IPI,IEA","IDA,IPI,IBA,IEA","IPI,ISS,TAS,IEA","IPI,IGI","IPI","IPI,IEA","IPI,IBA,IEA","IPI","IBA",,"IPI,IEA","IEA","IDA,IPI,IBA,TAS,NAS,IEA","IPI,ISS,IBA,IEA","IPI","IPI,IEA","IEA","IPI,IBA","IDA,IPI","IDA,IPI","IPI","IEA","IPI,IEA","IPI,IEA",,"IPI,IBA,IEA",,"IPI","IPI",,"IPI,TAS,IEA","IPI,IEA",,"IPI,IEA","IPI","IPI,HDA,ISS,IBA,IC,IEA","IBA,IEA",,"IPI","IDA,IPI,ISS,IBA,IEA","IPI","IBA","IPI","IPI,IBA,IEA","IDA,IPI,IEA","IPI","IPI","IEA","IPI","IPI","IDA,IPI,IEA","IPI,IEA","IEA","IPI,ISS,IEA","IPI","IPI","IPI,HDA","IPI","IPI,IEA","IPI,ISS,IBA,IEA","IDA,IPI,IEA","IDA,IPI,IBA","IPI,IEA","IPI,IBA,IEA","IPI,IEA","IPI,HDA,IEA","IPI","IPI","IPI,ISS,IBA,IEA","IPI,IEA",,"IDA,IPI,HDA,ISS,IBA,IEA","IPI","IPI,IEA","IDA,IPI,IEA","IPI,IBA","IPI,IBA","IPI",,"IPI,IEA","IPI,IEA",,"IPI,ISS",,"IPI,IBA,IEA","IPI,IEA","IPI,IEA","IDA,IPI,IBA,IEA","IPI,IEA","IPI","IEA",,,"IPI",,,"IDA,IPI,ISS,IBA,IEA","IEA",,"IDA,IBA,IEA",,"IEA","HDA,IBA,IEA","IPI","IDA,IPI,ISS,IEA","IPI,IBA","IPI,ISS,IEA","IPI,IBA,TAS,IEA","IPI,IEA","IPI,ISS,IBA,IEA",,"IEA","IPI,IEA","IDA,IPI","IPI,IEA","IPI,IEA","IPI","IDA,IPI,HDA,IBA,IEA",,"IPI,IBA,IEA",
"GO:MF","sodium channel regulator activity","GO:0017080","false","0.03292766535713517","1.482439060616887","38","115","4","20212",,,"IDA,ISS,IBA,IEA",,,,,,,,,,,,,,,,,,,,,,,,,,,,"IBA",,,,,"ISS",,,,,,,,,,,,,,,,,,,,,,"TAS",,,,,,,,,,,,,,,,,,,,,,,,,,,,,,,,,,,,,,,,,,,,,,,,,,,,,,,,,,,,,,,
"GO:BP","nervous system development","GO:0007399","true","7.2608177445910576e-12","11.13901446442884","2531","115","47","21031",,"IEA","ISS,TAS,IEA","ISS,IEA",,,,,,,,"IEA","IBA,TAS,IEA","ISS,IBA,IEA",,,,,"ISS",,,,,,,,,"NAS,IEA",,,"TAS","IMP,ISS,IBA","IEA","ISS,IBA,TAS,IEA","IMP,ISS,IEA",,,"IEA",,,"ISS,IEA",,"IEA","IBA,IEA",,,"IBA,IEA","IBA,IEA",,,,,,"IEA","ISS,IBA,IEA",,,"IBA",,"ISS,IEA",,,,"IEA","IEA",,"IEA",,"IDA",,,"IBA,IEA",,"NAS",,,,,"IBA",,,"IBA,IEA","IDA,IMP,ISS",,,,"IDA,ISS,IBA,TAS,IEA",,,,"IBA,IEA","ISS,IEA",,,,"IEA","IDA",,,"IDA,IBA,NAS,IEA",,"IDA,IMP,IEA",,,,,"ISS,IEA","IEP,NAS,IEA","ISS,IEA","IMP,ISS,IBA,IEA",,,,,"IDA,ISS,NAS","ISS,IEA",,"IMP,ISS",,"IBA,IEA",
"GO:BP","neurogenesis","GO:0022008","false","1.0548181126933192e-11","10.9768224213746","1742","115","39","21031",,"IEA","ISS,IEA","ISS,IEA",,,,,,,,"IEA",,"IBA,IEA",,,,,,,,,,,,,,"IEA",,,,"IMP,ISS,IBA","IEA","ISS,IBA,TAS,IEA","ISS,IEA",,,,,,"ISS,IEA",,"IEA","IBA,IEA",,,"IBA,IEA",,,,,,,"IEA","ISS,IBA,IEA",,,"IBA",,"ISS,IEA",,,,"IEA",,,"IEA",,"IDA",,,"IBA,IEA",,,,,,,"IBA",,,"IEA","ISS",,,,"ISS,IBA,TAS,IEA",,,,"IBA,IEA","ISS,IEA",,,,"IEA","IDA",,,"IBA,NAS,IEA",,,,,,,"ISS,IEA","NAS,IEA","ISS,IEA","IMP,ISS,IBA,IEA",,,,,"IDA,ISS","IEA",,"IMP,ISS",,"IBA,IEA",
"GO:BP","signaling","GO:0023052","false","1.4873855141529863e-10","9.827576452480146","6447","115","74","21031",,"IDA,IMP,ISS,IBA,TAS,IEA","IDA,TAS,IEA","IEA","IBA","IBA,TAS,IEA","NAS","IEA","ISS,IBA,IEA","IMP","TAS","IDA,IBA,TAS,IEA","IDA,IMP,IBA,IEA","IBA,IEA",,"IEA",,,,"IDA,IBA",,,"TAS,IEA","IBA",,"IDA,IMP,IBA,NAS,IEA",,"ISS,ISO,IBA,TAS,NAS,IEA",,,"IPI,TAS,IEA","IDA,IBA,IEA",,"IDA,IBA,TAS,IEA",,"IMP,IBA","IBA",,"IDA,IMP,TAS,IEA","IDA,IMP",,"NAS",,"IMP,IBA,TAS,IEA","IDA,IMP,NAS","IDA,IEA",,"IBA,IEA","TAS",,"ISS,IBA,TAS,IEA","IBA,IEA","IBA","IMP,IGI,IBA,TAS,IEA","ISS,IBA","IBA,TAS,IEA","IEA","IBA,TAS","IDA,TAS,IEA",,"IDA,IBA,TAS,IEA",,"IDA,ISS,IEA",,,,"IEA",,"ISS,IBA,TAS",,"IEA","IDA,IMP,IBA,TAS,IEA",,"NAS","IDA,IMP,IGI,ISS,IBA,TAS,IEA","IBA,TAS,IEA",,"IDA,ISS,IBA,TAS,NAS,IEA",,"ISS,IBA,TAS,IEA","IBA,IEA",,"IDA,IMP,IEA","ISS,IBA,NAS",,"IMP,IBA,IEA","IEA","TAS","IBA,IEA",,"IEA",,"IBA,IEA","IDA,IBA,IEA",,"IEA","ISS,IBA,TAS,IEA","IBA",,,,,,,"ISS,TAS",,"IBA,IEA","IEA",,"IEA",,,,"ISS,IBA,NAS,IEA",,"IDA,IMP,ISS,IEA","TAS,NAS,IEA",,"IMP","IMP,IBA,TAS,IEA",
"GO:BP","generation of neurons","GO:0048699","false","1.5868718516680952e-10","9.79945814341562","1514","115","35","21031",,"IEA","ISS,IEA","ISS,IEA",,,,,,,,"IEA",,"IBA,IEA",,,,,,,,,,,,,,,,,,"IMP,ISS,IBA","IEA","ISS,IBA,TAS,IEA","ISS,IEA",,,,,,"ISS,IEA",,"IEA","IBA",,,"IBA,IEA",,,,,,,,"ISS,IBA,IEA",,,"IBA",,"ISS,IEA",,,,,,,"IEA",,"IDA",,,"IEA",,,,,,,"IBA",,,"IEA","ISS",,,,"ISS,IBA,TAS,IEA",,,,"IBA,IEA","ISS,IEA",,,,"IEA","IDA",,,"IBA,NAS,IEA",,,,,,,"ISS,IEA","NAS",,"IMP,IBA",,,,,"IDA,ISS","IEA",,"IMP,ISS",,"IBA",
"GO:BP","system development","GO:0048731","false","1.630685393451745e-10","9.787629818890538","3973","115","57","21031",,"IDA,IEP,ISS,IEA","ISS,TAS,IEA","ISS,IEA",,,,,,,,"IEA","IDA,ISS,IBA,TAS,IEA","ISS,IBA,IEA",,,,,"ISS",,,,,,,,,"NAS,IEA",,,"TAS","IMP,ISS,IBA","IEA","ISS,IBA,TAS,IEA","IMP,ISS,IEA","IMP,ISS,IBA,IEA","IEA","IEA",,"IDA,IBA","ISS,IEA",,"IEA","IBA,IEA",,,"IBA,IEA","IBA,IEA",,"IBA",,,,"IEA","ISS,IBA,IEA",,,"IBA",,"ISS,IEA",,,"ISS,IEA","IBA,IEA","IEA",,"IEA",,"IDA",,"IEA","IMP,IBA,IEA",,"NAS",,,,,"IBA",,,"IBA,IEA","IDA,IMP,ISS",,,,"IDA,ISS,IBA,TAS,IEA","ISS",,,"IBA,IEA","ISS,IEA",,,,"IEA","IDA",,,"IDA,IBA,NAS,IEA","IDA,IMP,IBA,IEA","IDA,IMP,IEA",,,"ISS",,"ISS,IEA","IEP,NAS,IEA","IDA,ISS,IEA","IMP,ISS,IBA,IEA",,,,"ISS,IEA","IDA,ISS,NAS","IMP,ISS,IEA",,"IMP,ISS",,"IBA,IEA",
"GO:BP","neuron differentiation","GO:0030182","false","1.8209258224846962e-10","9.739707745331781","1431","115","34","21031",,"IEA","ISS","ISS,IEA",,,,,,,,"IEA",,"IBA,IEA",,,,,,,,,,,,,,,,,,"IMP,ISS,IBA","IEA","ISS,IBA,TAS,IEA","ISS,IEA",,,,,,"ISS,IEA",,"IEA","IBA",,,"IBA,IEA",,,,,,,,"ISS,IBA,IEA",,,"IBA",,"ISS,IEA",,,,,,,"IEA",,"IDA",,,"IEA",,,,,,,"IBA",,,"IEA","ISS",,,,"ISS,IBA,TAS,IEA",,,,"IBA,IEA","ISS,IEA",,,,"IEA","IDA",,,"IBA,NAS,IEA",,,,,,,"ISS,IEA",,,"IMP,IBA",,,,,"IDA,ISS","IEA",,"IMP,ISS",,"IBA",
"GO:BP","neuron projection development","GO:0031175","false","1.862751986165741e-10","9.729844964862139","1014","115","29","21031",,"IEA","ISS","ISS,IEA",,,,,,,,"IEA",,"IBA,IEA",,,,,,,,,,,,,,,,,,"IMP,ISS,IBA","IEA","ISS,IEA","ISS,IEA",,,,,,"ISS,IEA",,"IEA","IBA",,,"IEA",,,,,,,,"ISS,IBA,IEA",,,"IBA",,"ISS,IEA",,,,,,,,,"IDA",,,"IEA",,,,,,,"IBA",,,,"ISS",,,,"ISS,IBA,TAS,IEA",,,,"IBA,IEA","ISS,IEA",,,,,"IDA",,,"IBA,NAS,IEA",,,,,,,"ISS,IEA",,,,,,,,"IDA",,,"IMP,ISS",,"IBA",
"GO:BP","cell communication","GO:0007154","false","3.2571180933311784e-10","9.487166494934572","6537","115","74","21031",,"IDA,IMP,ISS,IBA,TAS,IEA","IDA,TAS,IEA","IEA","IBA","IBA,TAS,IEA","NAS","IEA","ISS,IBA,IEA","IMP","TAS","IDA,IBA,TAS,IEA","IDA,IMP,IBA,TAS,IEA","IBA,IEA",,"IEA",,,,"IDA,IBA",,,"TAS,IEA","IBA",,"IDA,IMP,IBA,NAS,IEA",,"ISS,ISO,IBA,TAS,NAS,IEA",,,"IPI,TAS,IEA","IDA,IBA,IEA",,"IDA,IBA,TAS,IEA",,"IMP,ISS,IBA","IBA",,"IDA,IMP,TAS,IEA","IDA,IMP",,"NAS",,"IMP,IBA,TAS,IEA","IDA,IMP,NAS","IDA,IEA",,"IBA,IEA","TAS",,"ISS,IBA,TAS,IEA","IBA,IEA","IBA","IMP,IGI,IBA,TAS,IEA","ISS,IBA","IBA,TAS,IEA","IEA","IBA,TAS","IDA,TAS,IEA",,"IDA,IBA,TAS,IEA",,"IDA,ISS,IEA",,,,"IEA",,"ISS,IBA,TAS",,"IEA","IDA,IMP,IBA,TAS,IEA",,"NAS","IDA,IMP,IGI,ISS,IBA,TAS,IEA","IBA,TAS,IEA",,"IDA,ISS,IBA,TAS,NAS,IEA",,"ISS,IBA,TAS,IEA","IBA,IEA",,"IDA,IMP,IEA","ISS,IBA,NAS",,"IMP,IBA,IEA","IEA","TAS","IBA,IEA",,"IEA",,"IBA,IEA","IDA,IBA,IEA",,"IEA","ISS,IBA,TAS,IEA","IBA",,,,,,,"ISS,TAS,IEA",,"IBA,IEA","IEA",,"IEA",,,,"ISS,IBA,NAS,IEA",,"IDA,IMP,ISS,IEA","TAS,NAS",,"IMP","IMP,IBA,TAS,IEA",
"GO:BP","trans-synaptic signaling","GO:0099537","true","5.238916813509153e-10","9.280758497471268","756","115","25","21031",,"IEA",,"IEA",,,,"IEA","ISS,IBA,IEA",,,,,,,"IEA",,,,,,,"TAS,IEA",,,,,"ISS,ISO,IBA,TAS,NAS,IEA",,,,,,,,,,,"IEA",,,,,"IEA",,,,"IBA,IEA","TAS",,,"IBA,IEA","IBA","IBA,TAS,IEA",,"IBA",,,,,,,,,,,,,"ISS,IBA,TAS",,,"IEA",,,,,,"TAS,NAS",,"ISS,IBA,TAS,IEA",,,"IDA,IMP","ISS,IBA",,,,,,,,,,,,,"ISS,IBA,TAS,IEA",,,,,,,,,,"IBA,IEA",,,,,,,"IEA",,,"TAS,NAS",,,,
"GO:BP","neuron development","GO:0048666","false","1.0033581112171934e-9","8.998544034110507","1167","115","30","21031",,"IEA","ISS","ISS,IEA",,,,,,,,"IEA",,"IBA,IEA",,,,,,,,,,,,,,,,,,"IMP,ISS,IBA","IEA","ISS,TAS,IEA","ISS,IEA",,,,,,"ISS,IEA",,"IEA","IBA",,,"IBA,IEA",,,,,,,,"ISS,IBA,IEA",,,"IBA",,"ISS,IEA",,,,,,,,,"IDA",,,"IEA",,,,,,,"IBA",,,,"ISS",,,,"ISS,IBA,TAS,IEA",,,,"IBA,IEA","ISS,IEA",,,,,"IDA",,,"IBA,NAS,IEA",,,,,,,"ISS,IEA",,,"IMP,IBA",,,,,"IDA",,,"IMP,ISS",,"IBA",
"GO:BP","synaptic signaling","GO:0099536","false","1.0463453628441886e-9","8.980324946040819","780","115","25","21031",,"IEA",,"IEA",,,,"IEA","ISS,IBA,IEA",,,,,,,"IEA",,,,,,,"TAS,IEA",,,,,"ISS,ISO,IBA,TAS,NAS,IEA",,,,,,,,,,,"IEA",,,,,"IEA",,,,"IBA,IEA","TAS",,,"IBA,IEA","IBA","IBA,TAS,IEA",,"IBA",,,,,,,,,,,,,"ISS,IBA,TAS",,,"IEA",,,,,,"TAS,NAS",,"ISS,IBA,TAS,IEA",,,"IDA,IMP","ISS,IBA",,,,,,,,,,,,,"ISS,IBA,TAS,IEA",,,,,,,,,,"IBA,IEA",,,,,,,"IEA",,,"TAS,NAS",,,,
"GO:BP","chemical synaptic transmission","GO:0007268","false","3.378526613891534e-9","8.471272655628836","750","115","24","21031",,"IEA",,"IEA",,,,"IEA","ISS,IBA,IEA",,,,,,,"IEA",,,,,,,"TAS,IEA",,,,,"ISS,ISO,IBA,TAS,NAS,IEA",,,,,,,,,,,"IEA",,,,,"IEA",,,,"IBA,IEA","TAS",,,"IBA,IEA","IBA","IBA,TAS,IEA",,"IBA",,,,,,,,,,,,,"ISS,IBA,TAS",,,"IEA",,,,,,"TAS,NAS",,"ISS,IBA,TAS,IEA",,,,"ISS,IBA",,,,,,,,,,,,,"ISS,IBA,TAS,IEA",,,,,,,,,,"IBA,IEA",,,,,,,"IEA",,,"TAS,NAS",,,,
"GO:BP","anterograde trans-synaptic signaling","GO:0098916","false","3.378526613891534e-9","8.471272655628836","750","115","24","21031",,"IEA",,"IEA",,,,"IEA","ISS,IBA,IEA",,,,,,,"IEA",,,,,,,"TAS,IEA",,,,,"ISS,ISO,IBA,TAS,NAS,IEA",,,,,,,,,,,"IEA",,,,,"IEA",,,,"IBA,IEA","TAS",,,"IBA,IEA","IBA","IBA,TAS,IEA",,"IBA",,,,,,,,,,,,,"ISS,IBA,TAS",,,"IEA",,,,,,"TAS,NAS",,"ISS,IBA,TAS,IEA",,,,"ISS,IBA",,,,,,,,,,,,,"ISS,IBA,TAS,IEA",,,,,,,,,,"IBA,IEA",,,,,,,"IEA",,,"TAS,NAS",,,,
"GO:BP","multicellular organism development","GO:0007275","false","9.636817698256366e-9","8.016066356580101","4643","115","59","21031",,"IDA,IEP,ISS,IEA","ISS,TAS,IEA","ISS,IEA","IEA",,,,,,,"IEA","IDA,ISS,IBA,TAS,IEA","ISS,IBA,IEA",,,,,"ISS",,,,,,,,,"NAS,IEA",,,"TAS","IMP,ISS,IBA","IEA","ISS,IBA,TAS,IEA","IMP,ISS,IEA","IMP,ISS,IBA,IEA","IEA","IEA",,"IDA,IBA","ISS,IEA",,"IEA","IBA,IEA",,,"IBA,IEA","IBA,IEA",,"IBA",,,,"IEA","ISS,IBA,IEA",,,"IBA",,"ISS,IEA",,,"ISS,IEA","IBA,IEA","IEA",,"IEA",,"IDA",,"IEA","IMP,IBA,IEA",,"NAS",,,,,"IBA",,,"IBA,IEA","IDA,IMP,ISS",,,,"IDA,ISS,IBA,TAS,IEA","ISS","IBA,IEA",,"IBA,IEA","ISS,IEA",,,,"IEA","IDA",,,"IDA,IBA,NAS,IEA","IDA,IMP,IBA,IEA","IDA,IMP,IEA",,,"IMP,ISS",,"ISS,IEA","IEP,NAS,IEA","IDA,ISS,IEA","IMP,ISS,IBA,IEA",,,,"ISS,IEA","IDA,ISS,NAS","IMP,ISS,IEA",,"IMP,ISS",,"IBA,IEA",
"GO:BP","regulation of transport","GO:0051049","true","2.00671622917952e-8","7.697514036986742","1594","115","33","21031",,,"IDA",,,,"ISS","IEA",,"IDA,IGI,ISS,IEA","IDA",,"IDA,IMP",,,,,,,,,,"IEA",,"IBA,IEA",,,"ISS,ISO",,,,"IDA",,,,"ISS",,,"IEA","IMP",,,,,,"IDA,IBA,IEA","IEA",,,,"IMP","IBA",,"IGI",,,,"TAS",,,"IEA",,,,,,,,"IBA,TAS",,,"IEA",,,,,"IDA,IBA",,,,,,"IDA,IBA","ISS,IBA,IEA","IBA,IEA",,,,"IBA,IEA",,,,"IEA",,,,"ISS,IBA,TAS,IEA",,,,,,,,"ISS,TAS","IDA,IMP,ISS",,,,,"IDA,ISS,IBA",,,"IDA,ISS,IEA",,,,,,,
"GO:BP","cell-cell signaling","GO:0007267","false","2.4550499162184676e-8","7.609939673350441","1704","115","34","21031",,"IEA","TAS","IEA",,,,"IEA","ISS,IBA,IEA","IMP",,,,,,"IEA",,,,,,,"TAS,IEA",,,,,"ISS,ISO,IBA,TAS,NAS,IEA",,,"TAS",,,,,"IMP,IBA",,,"IEA",,,,,"IEA",,,,"IBA,IEA","TAS",,,"IBA,IEA","IBA","IBA,TAS,IEA",,"IBA",,,"IDA",,,,"IDA,IEA",,,,,,"ISS,IBA,TAS",,,"IMP,IEA",,,,,,"IDA,ISS,IBA,TAS,NAS",,"ISS,IBA,TAS,IEA",,,"IDA,IMP","ISS,IBA",,,,,,,,,"IEA",,,,"ISS,IBA,TAS,IEA",,,,,,,,,,"IBA,IEA",,,,,,,"IEA",,,"TAS,NAS",,"IMP","IEA",
"GO:BP","neuron projection morphogenesis","GO:0048812","false","9.46059847068762e-8","7.024081389571135","655","115","21","21031",,"IEA","ISS","ISS,IEA",,,,,,,,"IEA",,"IBA,IEA",,,,,,,,,,,,,,,,,,"IBA","IEA",,"ISS,IEA",,,,,,,,"IEA",,,,"IEA",,,,,,,,"ISS,IBA,IEA",,,"IBA",,"ISS,IEA",,,,,,,,,"IDA",,,"IEA",,,,,,,,,,,"ISS",,,,"ISS,IBA,TAS,IEA",,,,"IBA,IEA",,,,,,"IDA",,,"IBA,NAS,IEA",,,,,,,,,,,,,,,,,,"ISS",,,
"GO:BP","plasma membrane bounded cell projection morphogenesis","GO:0120039","false","1.4756603531977504e-7","6.831013590823429","671","115","21","21031",,"IEA","ISS","ISS,IEA",,,,,,,,"IEA",,"IBA,IEA",,,,,,,,,,,,,,,,,,"IBA","IEA",,"ISS,IEA",,,,,,,,"IEA",,,,"IEA",,,,,,,,"ISS,IBA,IEA",,,"IBA",,"ISS,IEA",,,,,,,,,"IDA",,,"IEA",,,,,,,,,,,"ISS",,,,"ISS,IBA,TAS,IEA",,,,"IBA,IEA",,,,,,"IDA",,,"IBA,NAS,IEA",,,,,,,,,,,,,,,,,,"ISS",,,
"GO:BP","cell morphogenesis","GO:0000902","false","1.6512861373352468e-7","6.782177665017957","986","115","25","21031",,"ISS,IEA","ISS","ISS,IEA",,,,,,,,"IEA",,"IBA,IEA",,,,,,,,,,,,,,,,,,"IBA","IEA",,"ISS,IEA",,,,,"IBA",,,"IEA",,,,"IEA",,,,,,,,"ISS,IBA,IEA",,,"IBA",,"ISS,IEA",,,,,,,"IEA",,"IDA",,,"IEA",,,,,,,"IBA,IEA",,,,"ISS",,,,"ISS,IBA,TAS,IEA",,,,"IBA,IEA",,,,,,"IDA",,,"IBA,NAS,IEA",,,"IMP,IBA,IEA",,,,,,,,,,,,,,,"ISS",,,
"GO:BP","cell projection morphogenesis","GO:0048858","false","1.691251102451119e-7","6.771791907297037","676","115","21","21031",,"IEA","ISS","ISS,IEA",,,,,,,,"IEA",,"IBA,IEA",,,,,,,,,,,,,,,,,,"IBA","IEA",,"ISS,IEA",,,,,,,,"IEA",,,,"IEA",,,,,,,,"ISS,IBA,IEA",,,"IBA",,"ISS,IEA",,,,,,,,,"IDA",,,"IEA",,,,,,,,,,,"ISS",,,,"ISS,IBA,TAS,IEA",,,,"IBA,IEA",,,,,,"IDA",,,"IBA,NAS,IEA",,,,,,,,,,,,,,,,,,"ISS",,,
"GO:BP","modulation of chemical synaptic transmission","GO:0050804","false","2.8633606047281767e-7","6.543123954534558","489","115","18","21031",,"IEA",,"IEA",,,,"IEA","IEA",,,,,,,"IEA",,,,,,,"IEA",,,,,"ISS,ISO,IBA,NAS,IEA",,,,,,,,,,,"IEA",,,,,"IEA",,,,"IBA,IEA",,,,,,"IBA,IEA",,"IBA",,,,,,,,,,,,,"ISS,IBA,TAS",,,"IEA",,,,,,,,,,,,"ISS,IBA",,,,,,,,,,,,,"ISS,IEA",,,,,,,,,,"IBA,IEA",,,,,,,"IEA",,,,,,,
"GO:BP","regulation of trans-synaptic signaling","GO:0099177","false","2.9593617155340794e-7","6.528801948844216","490","115","18","21031",,"IEA",,"IEA",,,,"IEA","IEA",,,,,,,"IEA",,,,,,,"IEA",,,,,"ISS,ISO,IBA,NAS,IEA",,,,,,,,,,,"IEA",,,,,"IEA",,,,"IBA,IEA",,,,,,"IBA,IEA",,"IBA",,,,,,,,,,,,,"ISS,IBA,TAS",,,"IEA",,,,,,,,,,,,"ISS,IBA",,,,,,,,,,,,,"ISS,IEA",,,,,,,,,,"IBA,IEA",,,,,,,"IEA",,,,,,,
"GO:BP","plasma membrane bounded cell projection organization","GO:0120036","false","3.2733728485830173e-7","6.485004524218465","1570","115","31","21031",,"ISS,IEA","ISS","ISS,IEA",,,,,,,,"IEA",,"IBA,IEA",,,,,,,,,,,,,,,,,,"IMP,ISS,IBA","IEA","ISS,IEA","ISS,IEA",,,,,"IDA","ISS,IEA",,"IEA","IBA",,,"IEA",,,,,,,,"ISS,IBA,IEA",,,"IBA",,"ISS,IEA",,,,,,,,,"IDA",,,"IEA",,,,,,,"IBA",,,,"ISS",,,,"ISS,IBA,TAS,IEA","NAS",,,"IBA,IEA","ISS,IEA",,,,,"IDA",,,"IBA,NAS,IEA",,,,,,,"ISS,IEA",,,,,,,,"IDA",,,"IMP,ISS",,"IBA",
"GO:BP","cellular anatomical entity morphogenesis","GO:0032989","false","4.05426407165511e-7","6.392087967254357","785","115","22","21031",,"IEA","ISS","ISS,IEA",,,,,,,,"IEA",,"IBA,IEA",,,,,,,,,,,,,,,,,,"IBA","IEA",,"ISS,IEA",,,,,,,,"IEA",,,,"IEA",,,,,,,,"ISS,IBA,IEA",,,"IBA",,"ISS,IEA",,,,,,,,,"IDA",,,"IEA",,,,,,,,,,,"ISS",,,,"ISS,IBA,TAS,IEA",,,,"IBA,IEA",,,,,,"IDA",,,"IBA,NAS,IEA",,,,,,,,,,"IMP,ISS,IEA",,,,,,,,"ISS",,,
"GO:BP","regulation of cell communication","GO:0010646","false","5.525575671921471e-7","6.257622469115258","3443","115","47","21031",,"IMP,IBA,TAS,IEA",,"IEA","IBA","TAS",,"IEA","IEA",,,"TAS,IEA","IDA,IMP",,,"IEA",,,,"IDA,IBA",,,"IEA","IBA",,"IDA,IMP,IBA,IEA",,"ISS,ISO,IBA,NAS,IEA",,,,,,"IEA",,,"IBA",,"IEA","IDA,IMP",,,,"IBA,IEA","IDA,IMP","IDA,IEA",,"IBA,IEA",,,"ISS,TAS,IEA",,,"IBA,IEA",,"IBA",,"TAS","IDA,TAS",,"IDA,IBA,IEA",,"IDA,ISS,IEA",,,,,,"ISS,IBA,TAS",,"IEA","IDA,IMP,TAS,IEA",,,"IMP,ISS,IEA","IBA",,,,,"IBA,IEA",,,"ISS,IBA",,"IMP,IBA,IEA",,,"IBA,IEA",,,,"IEA",,,"IEA","ISS,IEA",,,,,,,,"TAS",,"IBA,IEA",,,,,,,"ISS,IEA",,"IMP,ISS,IEA",,,"IMP","IMP,IBA",
"GO:BP","cell projection organization","GO:0030030","false","6.379037701337662e-7","6.195244831078177","1613","115","31","21031",,"ISS,IEA","ISS","ISS,IEA",,,,,,,,"IEA",,"IBA,IEA",,,,,,,,,,,,,,,,,,"IMP,ISS,IBA","IEA","ISS,IEA","ISS,IEA",,,,,"IDA","ISS,IEA",,"IEA","IBA",,,"IEA",,,,,,,,"ISS,IBA,IEA",,,"IBA",,"ISS,IEA",,,,,,,,,"IDA",,,"IEA",,,,,,,"IBA",,,,"ISS",,,,"ISS,IBA,TAS,IEA","NAS",,,"IBA,IEA","ISS,IEA",,,,,"IDA",,,"IBA,NAS,IEA",,,,,,,"ISS,IEA",,,,,,,,"IDA",,,"IMP,ISS",,"IBA",
"GO:BP","anatomical structure morphogenesis","GO:0009653","false","0.0000017621952630700688","5.753945970512292","2684","115","40","21031",,"ISS,IEA","ISS,IEA","ISS,IEA","TAS",,,,,,,"IEA","IDA","IBA,IEA",,,,,"ISS",,,,,,,,,,,,,"IBA","IEA",,"ISS,IEA","IMP",,,,"IDA,IBA",,,"IEA",,,"IC","IEA",,,,,,,,"ISS,IBA,IEA",,,"IBA",,"ISS,IEA",,,"ISS,IEA","IBA,IEA","IEA",,"IEA",,"IDA",,"IEA","IEA",,,,,,,"IBA,IEA",,,,"ISS",,,,"ISS,IBA,TAS,IEA","ISS",,,"IBA,IEA",,,,,,"IDA",,,"IDA,IBA,NAS,IEA","IEA",,"IMP,IBA,IEA",,,,,,"IDA,IEA","IMP,ISS,IEA",,,,"ISS,IEA",,"IMP,IEA",,"ISS",,,
"GO:BP","regulation of signaling","GO:0023051","false","0.0000018566264833216006","5.731275458968129","3437","115","46","21031",,"IMP,IBA,TAS,IEA",,"IEA","IBA","TAS",,"IEA","IEA",,,"IBA,TAS,IEA","IDA,IMP",,,"IEA",,,,"IDA,IBA",,,"IEA","IBA",,"IDA,IMP,IBA,IEA",,"ISS,ISO,IBA,NAS,IEA",,,,,,"IEA",,,"IBA",,"IEA","IDA,IMP",,,,"IBA,IEA","IDA,IMP","IDA,IEA",,"IBA,IEA",,,"ISS,TAS,IEA",,,"IBA,IEA",,"IBA",,"TAS","IDA,TAS",,"IDA,IBA,IEA",,"IDA,ISS,IEA",,,,,,"ISS,IBA,TAS",,"IEA","IDA,IMP,TAS,IEA",,,"IMP,ISS,IEA","IBA",,,,,"IBA,IEA",,,"ISS,IBA",,"IMP,IBA,IEA",,,"IBA,IEA",,,,"IEA",,,"IEA","ISS,IEA",,,,,,,,,,"IBA,IEA",,,,,,,"ISS,IEA",,"IMP,ISS,IEA",,,"IMP","IMP,IBA",
"GO:BP","anatomical structure development","GO:0048856","false","0.000002415685914511929","5.616959532990311","5899","115","63","21031",,"IDA,IEP,ISS,IBA,TAS,IEA","ISS,TAS,IEA","ISS,IEA","IBA,TAS,IEA",,,,,,,"IEA","IDA,ISS,IBA,TAS,IEA","ISS,IBA,IEA",,,,,"ISS",,,,,,,,,"NAS,IEA",,,"TAS","IMP,ISS,IBA","IEA","ISS,IBA,TAS,IEA","IMP,ISS,IEA","IMP,ISS,IBA,IEA","IEA","IEA",,"IDA,IBA","IMP,ISS,IBA,IEA",,"IEA","IBA,IEA",,"IC","IBA,IEA","IBA,IEA",,"IBA,TAS",,,,"IEA","ISS,IBA,IEA",,,"IBA",,"ISS,IEA",,,"ISS,IEA","IBA,IEA","IEA",,"IEA",,"IDA",,"IEA","IMP,IBA,IEA",,"NAS","IEA",,,,"IBA,IEA",,,"IBA,IEA","IDA,IMP,ISS",,,,"IDA,ISS,IBA,TAS,IEA","ISS","IBA,IEA",,"IBA,IEA","ISS,IEA",,,,"IEA","IDA",,,"IDA,IBA,NAS,IEA","IDA,IMP,IBA,IEA","IDA,IMP,IEA","IMP,IBA,IEA",,"IMP,ISS",,"ISS,IEA","IEP,NAS,IEA","IDA,ISS,IEA","IMP,ISS,IBA,IEA",,,"IEA","ISS,IEA","IDA,ISS,NAS","IMP,ISS,IEA",,"IMP,ISS",,"ISS,IBA,IEA",
"GO:BP","cell differentiation","GO:0030154","false","0.0000052862810140526664","5.2768497538776895","4366","115","52","21031",,"IDA,ISS,IBA,TAS,IEA","ISS,IEA","ISS,IEA","IBA",,,,,,,"IEA","IDA,ISS,IBA,TAS","IBA,IEA",,,,,"ISS",,,,,"IBA",,,,"IEA",,,,"IMP,ISS,IBA","IEA","ISS,IBA,TAS,IEA","ISS,IEA","IMP",,,,,"IMP,ISS,IBA,IEA",,"IEA","IBA,IEA",,,"IBA,IEA",,,"TAS",,,,"IEA","ISS,IBA,IEA",,,"IBA",,"ISS,IEA",,,"IEA","IEA",,,"IEA",,"IDA,IEA",,"IEA","IMP,IBA,IEA",,,"IEA",,,,"IBA",,,"IEA","ISS",,,,"ISS,IBA,TAS,IEA","ISS","IBA,IEA",,"IBA,IEA","ISS,IEA",,,,"IEA","IDA,IEA",,,"IBA,NAS,IEA",,,,,"ISS",,"ISS,IEA","NAS,IEA","IDA,ISS,IEA","IMP,ISS,IBA,IEA",,,"IEA",,"IDA,ISS","IMP,ISS,IEA",,"IMP,ISS,IEA",,"IBA,IEA",
"GO:BP","cellular developmental process","GO:0048869","false","0.000005330428522790279","5.2732378758510405","4367","115","52","21031",,"IDA,ISS,IBA,TAS,IEA","ISS,IEA","ISS,IEA","IBA",,,,,,,"IEA","IDA,ISS,IBA,TAS","IBA,IEA",,,,,"ISS",,,,,"IBA",,,,"IEA",,,,"IMP,ISS,IBA","IEA","ISS,IBA,TAS,IEA","ISS,IEA","IMP",,,,,"IMP,ISS,IBA,IEA",,"IEA","IBA,IEA",,,"IBA,IEA",,,"TAS",,,,"IEA","ISS,IBA,IEA",,,"IBA",,"ISS,IEA",,,"IEA","IEA",,,"IEA",,"IDA,IEA",,"IEA","IMP,IBA,IEA",,,"IEA",,,,"IBA",,,"IEA","ISS",,,,"ISS,IBA,TAS,IEA","ISS","IBA,IEA",,"IBA,IEA","ISS,IEA",,,,"IEA","IDA,IEA",,,"IBA,NAS,IEA",,,,,"ISS",,"ISS,IEA","NAS,IEA","IDA,ISS,IEA","IMP,ISS,IBA,IEA",,,"IEA",,"IDA,ISS","IMP,ISS,IEA",,"IMP,ISS,IEA",,"IBA,IEA",
"GO:BP","cell development","GO:0048468","false","0.000007457475284198744","5.127408177316069","2819","115","40","21031",,"ISS,IBA,TAS,IEA","ISS","ISS,IEA",,,,,,,,"IEA","TAS","IBA,IEA",,,,,"ISS",,,,,,,,,,,,,"IMP,ISS,IBA","IEA","ISS,TAS,IEA","ISS,IEA",,,,,,"IMP,ISS,IBA,IEA",,"IEA","IBA,IEA",,,"IBA,IEA",,,"TAS",,,,"IEA","ISS,IBA,IEA",,,"IBA",,"ISS,IEA",,,,,,,,,"IDA",,"IEA","IEA",,,,,,,"IBA",,,,"ISS",,,,"ISS,IBA,TAS,IEA",,"IBA,IEA",,"IBA,IEA","ISS,IEA",,,,,"IDA",,,"IBA,NAS,IEA",,,,,"ISS",,"ISS,IEA","IEA","IDA,ISS,IEA","IMP,ISS,IBA,IEA",,,,,"IDA","IEA",,"IMP,ISS",,"IBA,IEA",
"GO:BP","regulation of localization","GO:0032879","false","0.000009078325030520541","5.041994272305382","2018","115","33","21031",,,"IDA",,,,"ISS,IBA,IEA","IEA",,"IDA,IGI,ISS,IEA","IDA",,"IDA,IMP",,,,,,,,,,"IEA",,"IBA,IEA",,,"ISS,ISO",,,,"IDA",,,,"ISS",,,"IEA","IMP",,,,,,"IDA,IBA,IEA","IEA",,,,"IMP","IBA",,"IGI",,,,"TAS",,,"IEA",,,,,,,,"IBA,TAS",,,"IDA,IEA",,,,,"IDA,IBA",,,,,,"IDA,IBA","ISS,IBA,IEA","IBA,IEA",,,,"IBA,IEA",,,,"IEA",,,,"ISS,IBA,TAS,IEA",,,,,,,,"ISS,TAS","IDA,IMP,ISS",,,,,"IDA,ISS,IBA",,,"IDA,ISS,IEA",,,,,,,
"GO:BP","regulation of biological process","GO:0050789","false","0.000011421095716074994","4.942292228785644","12287","115","96","21031",,"IDA,IMP,ISS,IBA,TAS,IEA","IDA,ISS,TAS,IEA","ISS,IEA","IBA","IBA,TAS,IEA","ISS,IBA,NAS,IEA","IEA","ISS,IBA,IEA","IDA,IMP,IGI,ISS,IEA","IDA,TAS","IDA,IBA,TAS,IEA","IDA,IMP,ISS,IBA,TAS,IEA","ISS,IBA,IEA",,"IEA",,"IEA","IDA,ISS","IDA,IBA",,,"TAS,IEA","IBA","IBA,IEA","IDA,IMP,IBA,NAS,IEA",,"ISS,ISO,IBA,TAS,NAS,IEA",,,"IPI,TAS,IEA","IDA,IMP,ISS,IBA,IEA",,"IDA,ISS,IBA,TAS,IEA","IDA,IMP,ISS,IBA,IEA","IMP,ISS,IBA","IBA,IEA",,"IDA,IMP,IBA,TAS,IEA","IDA,IMP","ISS,IBA,IEA","NAS","IMP,IBA,IEA","IDA,IMP,IBA,TAS,IEA","IDA,IMP,NAS,IEA","IDA,IMP,ISS,IBA,IC,IEA","TAS,IEA","IBA,IEA","TAS",,"IMP,ISS,IBA,TAS,IEA","IBA,IEA","IBA","IMP,IGI,ISS,IBA,TAS,IEA","ISS,IBA","IGI,IBA,TAS,IEA","IEA","IBA,TAS","IDA,TAS,IEA","ISS,IEA","IDA,IBA,TAS,IEA",,"IDA,ISS,IEA",,,,"IDA,IBA,NAS,IEA","IDA,IBA","IDA,ISS,IBA,TAS",,"IEA","IDA,IMP,IBA,TAS,IEA",,"ISS,NAS,IEA","IDA,IMP,IGI,ISS,IBA,TAS,IEA","IBA,TAS,IEA","IDA,IBA","IDA,ISS,IBA,TAS,NAS,IEA","IEA","ISS,IBA,TAS,IEA","IBA,IEA","IBA,IEA","IDA,IMP,ISS,IBA,IEA","ISS,IBA,NAS,IEA","IBA,IEA","IMP,IBA,IEA","IEA","ISS,IBA,TAS","IBA,IEA","IDA,IBA,IEA","IEA","ISS,IEA","IBA,IEA","IDA,IBA,IEA",,"IDA,IBA,IEA","IDA,ISS,IBA,TAS,IEA","IBA",,,,"IDA,IMP,IEA","IMP,IBA,IEA",,"IMP,ISS,TAS,IC","IDA,IMP,ISS","ISS,IBA,IEA","IEA","IDA,ISS,IBA,IEA","IMP,ISS,IEA","IDA,ISS,IBA",,,"IDA,IMP,ISS,IBA,NAS,IEA","IDA,NAS","IDA,IMP,ISS,IBA,IEA","TAS,NAS,IEA","IMP,ISS","IMP","IMP,IBA,TAS,IEA",
"GO:BP","developmental process","GO:0032502","false","0.000012885717018756102","4.889891410359078","6453","115","65","21031",,"IDA,IEP,ISS,IBA,TAS,IEA","ISS,TAS,IEA","ISS,IEA","IBA,TAS,IEA",,,,"IBA",,,"IEA","IDA,ISS,IBA,TAS,IEA","ISS,IBA,IEA",,,,,"ISS",,,,,"IBA",,,,"NAS,IEA",,,"TAS","IMP,ISS,IBA","IEA","ISS,IBA,TAS,IEA","IMP,ISS,IEA","IMP,ISS,IBA,IEA","IEA","IEA",,"IDA,IBA","IMP,ISS,IBA,IEA",,"IEA","IBA,IEA",,"IC","IBA,IEA","IBA,IEA",,"IBA,TAS",,,,"IEA","ISS,IBA,IEA",,,"IBA",,"ISS,IEA",,,"ISS,IEA","IBA,IEA","IEA",,"IEA",,"IDA,IEA",,"IEA","IMP,IBA,IEA",,"NAS","IEA",,,,"IBA,IEA",,,"IBA,IEA","IDA,IMP,ISS",,,,"IDA,ISS,IBA,TAS,IEA","ISS","IBA,IEA",,"IBA,IEA","ISS,IEA",,,,"IEA","IDA,IEA",,,"IDA,IBA,NAS,IEA","IDA,IMP,IBA,IEA","IDA,IMP,IEA","IMP,IBA,IEA",,"IMP,ISS",,"ISS,IEA","IEP,NAS,IEA","IDA,ISS,IEA","IMP,ISS,IBA,IEA",,,"IEA","ISS,IEA","IDA,ISS,NAS","IMP,ISS,IEA",,"IMP,ISS,IEA",,"ISS,IBA,IEA",
"GO:BP","signal transduction","GO:0007165","false","0.00003432517659762255","4.464387219708812","5959","115","61","21031",,"IDA,IMP,ISS,IBA,TAS,IEA","IDA,TAS,IEA",,"IBA","IBA,TAS,IEA","NAS",,,,"TAS","IDA,IBA,TAS,IEA","IDA,IMP,IBA,IEA","IBA,IEA",,"IEA",,,,"IDA,IBA",,,,"IBA",,"IDA,IMP,IBA,NAS,IEA",,"ISS,ISO,IBA,TAS,IEA",,,"IPI,TAS,IEA","IDA,IBA,IEA",,"IDA,IBA,TAS,IEA",,,"IBA",,"IDA,IMP,TAS,IEA","IDA,IMP",,"NAS",,"IMP,IBA,TAS,IEA","IDA,IMP,NAS","IDA,IEA",,,,,"ISS,IBA,TAS,IEA",,,"IMP,IGI,IBA,TAS,IEA","ISS,IBA","TAS,IEA","IEA","IBA,TAS","IDA,TAS,IEA",,"IDA,IBA,TAS,IEA",,"IDA,ISS,IEA",,,,"IEA",,"ISS",,"IEA","IDA,IMP,IBA,TAS,IEA",,"NAS","IDA,IMP,IGI,ISS,IBA,TAS,IEA","IBA,TAS,IEA",,"IDA,TAS,IEA",,,"IBA,IEA",,"IEA","NAS",,"IMP,IBA,IEA","IEA","TAS","IBA,IEA",,"IEA",,"IBA,IEA","IDA,IBA,IEA",,"IEA",,"IBA",,,,,,,"ISS,TAS",,"IBA,IEA","IEA",,"IEA",,,,"ISS,IBA,NAS,IEA",,"IDA,IMP,ISS,IEA",,,"IMP","IMP,IBA,TAS,IEA",
"GO:BP","cell junction organization","GO:0034330","true","0.000048573058585271566","4.313604548680897","759","115","19","21031",,,"ISS,IEA","IGI,IEA",,,,,"IBA",,,,,,,,,"IMP",,,,,"ISS",,,,,,,,,"IDA",,,,"IMP,IBA",,,,"IBA",,,,"IEA","IEA",,,"IBA,IEA",,,,,,"ISS,IEA",,,,,,,,,,,,"IBA","IEA",,,,,,,,,,,,,,,,"IDA,IMP,ISS",,,,,"IBA",,,,,,,,,,,,,,"IDA,IMP,IEA",,,,,,"NAS",,,,,,,,,,"ISS",,,
"GO:BP","regulation of developmental process","GO:0050793","false","0.0000912993071678661","4.039532518131795","2455","115","35","21031",,"IDA,ISS,IEA","ISS","ISS,IEA",,,,,,,,,"IDA,ISS",,,,,,"ISS",,,,,,,,,,,,,"ISS",,"ISS,IBA,IEA","ISS,IEA","IMP",,,,,"ISS,IEA",,"IEA","IEA",,"IC","IEA","IBA,IEA",,,,,,"IEA",,,,,,"ISS,IEA",,,,,,,,,"IDA",,,"IMP,IEA",,,"IEA",,,,,,,"IEA","ISS",,,,"IEA",,"IBA,IEA",,,"ISS,IEA",,,,"IEA","IDA",,,,,"IEA","IMP,IBA,IEA",,"IMP",,"ISS,IEA",,"IDA,ISS,IEA","IMP,ISS,IEA",,,,"ISS,IEA",,"ISS,IEA",,,,,
"GO:BP","enzyme-linked receptor protein signaling pathway","GO:0007167","false","0.00009510467127750751","4.021798151199055","967","115","21","21031",,"IDA,IBA,IEA",,,,,,,,,,,"IDA,IMP",,,,,,,,,,,"IBA",,"IDA,IMP,IBA,IEA",,,,,,"IDA,IBA,IEA",,"IDA,IBA,IEA",,,"IBA",,,"IMP",,,,"IBA,IEA","IMP","IDA,IEA",,,,,"ISS,TAS,IEA",,,,,,,,"IDA,TAS,IEA",,,,,,,,"IEA",,,,"IEA","IDA,IMP,IBA,TAS,IEA",,,,,,,,,,,,,,,,"TAS","IBA,IEA",,,,,,,,,"IBA",,,,,,,,,,,,,,,,"ISS,IEA",,,,,,"TAS,IEA",
"GO:BP","biological regulation","GO:0065007","false","0.00010188957229108324","3.991870260823547","12680","115","96","21031",,"IDA,IMP,ISS,IBA,TAS,IEA","IDA,ISS,TAS,IEA","ISS,IEA","IBA","IBA,TAS,IEA","ISS,IBA,NAS,IEA","IEA","ISS,IBA,IEA","IDA,IMP,IGI,ISS,IEA","IDA,TAS","IDA,IBA,TAS,IEA","IDA,IMP,ISS,IBA,TAS,IEA","ISS,IBA,IEA",,"IEA",,"IEA","IDA,ISS","IDA,IBA",,,"TAS,IEA","IBA","IBA,IEA","IDA,IMP,IBA,NAS,IEA",,"ISS,ISO,IBA,TAS,NAS,IEA",,,"IPI,TAS,IEA","IDA,IMP,ISS,IBA,IEA",,"IDA,ISS,IBA,TAS,IEA","IDA,IMP,ISS,IBA,IEA","IMP,ISS,IBA","IBA,IEA",,"IDA,IMP,IBA,TAS,IEA","IDA,IMP","ISS,IBA,IEA","NAS","IMP,IBA,IEA","IDA,IMP,IBA,TAS,IEA","IDA,IMP,NAS,IEA","IDA,IMP,ISS,IBA,TAS,IC,IEA","ISS,IBA,TAS,IEA","IBA,IEA","TAS",,"IMP,ISS,IBA,TAS,IEA","IBA,IEA","IBA","IMP,IGI,ISS,IBA,TAS,IEA","ISS,IBA","IGI,IBA,TAS,IEA","ISS,IEA","IBA,TAS","IDA,TAS,IEA","ISS,IEA","IDA,IBA,TAS,IEA",,"IDA,ISS,IEA",,,,"IDA,IBA,NAS,IEA","IDA,IBA","IDA,ISS,IBA,TAS",,"IEA","IDA,IMP,IBA,TAS,IEA",,"ISS,NAS,IEA","IDA,IMP,IGI,ISS,IBA,TAS,IEA","IBA,TAS,IEA","IDA,IBA","IDA,ISS,IBA,TAS,NAS,IEA","IEA","ISS,IBA,TAS,IEA","IBA,IEA","IBA,IEA","IDA,IMP,ISS,IBA,IEA","ISS,IBA,NAS,IEA","IBA,IEA","IMP,IBA,IEA","IEA","ISS,IBA,TAS","IBA,IEA","IDA,IBA,IEA","IEA","ISS,IEA","IBA,IEA","IDA,IBA,IEA",,"IDA,IBA,IEA","IDA,ISS,IBA,TAS,IEA","IBA",,,,"IDA,IMP,IEA","IMP,IBA,IEA",,"IMP,ISS,TAS,IC","IDA,IMP,ISS","ISS,IBA,IEA","IEA","IDA,ISS,IBA,IEA","IMP,ISS,IEA","IDA,ISS,IBA",,,"IDA,IMP,ISS,IBA,NAS,IEA","IDA,NAS","IDA,IMP,ISS,IBA,IEA","TAS,NAS,IEA","IMP,ISS","IMP","IMP,IBA,TAS,IEA",
"GO:BP","multicellular organismal process","GO:0032501","false","0.00014299228217767423","3.8446874023818016","7669","115","70","21031",,"IDA,IMP,IEP,ISS,IBA,TAS,IEA","ISS,TAS,IEA","ISS,IEA","TAS,IEA",,"IBA,IEA",,,"IMP","IDA","IEA","IDA,ISS,IBA,TAS,IEA","ISS,IBA,IEA",,"IEA",,"IMP,IEA","ISS,NAS",,,,"ISS,NAS,IEA",,,,,"ISS,ISO,IBA,TAS,NAS,IEA",,,"TAS","IMP,ISS,IBA","IEA","ISS,IBA,TAS,IEA","IMP,ISS,IEA","IMP,ISS,IBA,IEA","IEA","IEA","IEA","IDA,IBA","IMP,ISS,IEA",,"IEA","IBA,IEA",,,"IBA,IEA","IBA,IEA",,"IBA","TAS,IEA",,,"IMP,ISS,IEA","ISS,IBA,IEA",,,"IBA,TAS","IDA","ISS,IEA",,,"ISS,IEA","IBA,IEA","IEA",,"IEA",,"IDA,ISS,IEA",,"IEA","IMP,ISS,IBA,NAS,IEA",,"NAS",,,,,"IBA",,,"IBA,IEA","IDA,IMP,ISS",,,,"IDA,ISS,IBA,TAS,IEA","ISS","IBA,IEA",,"IBA,IEA","ISS,IEA","IEA",,,"IEA","IDA",,,"IDA,IBA,NAS,IEA","IDA,IMP,IBA,IEA","IDA,IMP,IEA",,,"IMP,ISS,TAS,IC",,"ISS,IEA","IEP,NAS,IEA","IDA,ISS,IEA","IMP,ISS,IBA,IEA",,,"IEA","ISS,IEA","IDA,ISS,NAS","IMP,ISS,IEA",,"IMP,ISS",,"IMP,IBA,IEA",
"GO:BP","regulation of transmembrane transport","GO:0034762","false","0.0002562901566055544","3.591268073542576","446","115","14","21031",,,"IDA",,,,"ISS",,,"IGI,ISS","IDA",,,,,,,,,,,,,,,,,"ISS,ISO",,,,,,,,,,,,,,,,,,"IDA,IBA,IEA",,,,,,,,"IGI",,,,,,,"IEA",,,,,,,,,,,,,,,,"IDA,IBA",,,,,,,,,,,,"IBA,IEA",,,,,,,,,,,,,,,,"ISS,TAS","IDA,IMP,ISS",,,,,"IDA,ISS,IBA",,,"IDA,ISS,IEA",,,,,,,
"GO:BP","synaptic transmission, glutamatergic","GO:0035249","false","0.00028793811688565605","3.5407008399591406","111","115","8","21031",,,,,,,,,"IBA",,,,,,,,,,,,,,,,,,,"ISS,ISO,IBA",,,,,,,,,,,,,,,,"IEA",,,,,,,,,,"IBA",,"IBA",,,,,,,,,,,,,,,,"IEA",,,,,,,,,,,,,,,,,,,,,,,,,"ISS,IEA",,,,,,,,,,"IBA",,,,,,,,,,,,,,
"GO:BP","regulation of monoatomic ion transport","GO:0043269","false","0.0002935380516686095","3.532335592683692","451","115","14","21031",,,"IDA",,,,"ISS",,,"IDA,IGI,ISS,IEA","IDA",,,,,,,,,,,,,,"IBA,IEA",,,"ISS,ISO",,,,,,,,"ISS",,,,,,,,,,,,,,,,,,"IGI",,,,,,,"IEA",,,,,,,,,,,,,,,,"IDA,IBA",,,,,,,,,,,,"IBA,IEA",,,,,,,,,,,,,,,,"ISS,TAS","IDA,IMP,ISS",,,,,"IDA,ISS,IBA",,,,,,,,,,
"GO:BP","central nervous system development","GO:0007417","false","0.0002974981071998492","3.526515793079216","1035","115","21","21031",,,"ISS,IEA",,,,,,,,,,,"ISS",,,,,,,,,,,,,,"NAS",,,,,,"IEA","IMP,ISS,IEA",,,"IEA",,,"ISS,IEA",,"IEA","IEA",,,,,,,,,,,,,,,,,,,,,,,,,,,,"IEA",,"NAS",,,,,,,,"IEA",,,,,"TAS,IEA",,,,,,,,,,,,,"IDA,NAS",,,,,,,,"IEP","ISS,IEA","IMP,ISS,IEA",,,,,"ISS","ISS,IEA",,"ISS",,"IEA",
"GO:BP","regulation of monoatomic ion transmembrane transport","GO:0034765","false","0.00035137602977132086","3.4542278686037218","323","115","12","21031",,,"IDA",,,,"ISS",,,"IGI,ISS","IDA",,,,,,,,,,,,,,,,,"ISS,ISO",,,,,,,,,,,,,,,,,,,,,,,,,,"IGI",,,,,,,"IEA",,,,,,,,,,,,,,,,"IDA,IBA",,,,,,,,,,,,"IBA,IEA",,,,,,,,,,,,,,,,"ISS,TAS","IDA,IMP,ISS",,,,,"IDA,ISS,IBA",,,,,,,,,,
"GO:BP","transmembrane receptor protein tyrosine kinase signaling pathway","GO:0007169","false","0.0004115769210506722","3.3855489860508943","616","115","16","21031",,"IDA,IBA,IEA",,,,,,,,,,,"IDA,IMP",,,,,,,,,,,,,,,,,,,"IDA,IBA,IEA",,"IDA,IBA,IEA",,,"IBA",,,"IMP",,,,"IBA,IEA","IMP","IDA,IEA",,,,,"ISS,TAS,IEA",,,,,,,,,,,,,,,,,,,,,"IDA,IMP,IBA,TAS,IEA",,,,,,,,,,,,,,,,"TAS","IBA,IEA",,,,,,,,,"IBA",,,,,,,,,,,,,,,,"ISS,IEA",,,,,,"TAS,IEA",
"GO:BP","regulation of system process","GO:0044057","false","0.00045260850133103464","3.3442772929652875","542","115","15","21031",,"IEA","ISS,IEA",,,,,,,"IMP","IDA",,,,,"IEA",,,"ISS",,,,,,,,,"ISS,ISO",,,,,,,,"IMP,ISS,IBA",,,"IEA",,,,,,,,,,,,,,,,,,,"TAS",,,,,,,,,,,"ISS",,,"IEA",,,,,,,,,,,,,,,,,,,,,,,,,,,,,,,,,"IMP,ISS,TAS,IC",,,,"ISS","ISS,IEA",,,,,,,,,,,
"GO:BP","synapse organization","GO:0050808","false","0.0007060130305498235","3.1511872833056174","485","115","14","21031",,,"ISS,IEA","IGI,IEA",,,,,"IBA",,,,,,,,,,,,,,"ISS",,,,,,,,,,,,,,,,,,,,,"IEA","IEA",,,"IBA,IEA",,,,,,"ISS,IEA",,,,,,,,,,,,"IBA","IEA",,,,,,,,,,,,,,,,"IDA,IMP,ISS",,,,,,,,,,,,,,,,,,,"IDA,IMP,IEA",,,,,,"NAS",,,,,,,,,,"ISS",,,
"GO:BP","regulation of monoatomic cation transmembrane transport","GO:1904062","false","0.0007416649926150646","3.1297922196708385","283","115","11","21031",,,"IDA",,,,"ISS",,,"IGI,ISS","IDA",,,,,,,,,,,,,,,,,"ISS,ISO",,,,,,,,,,,,,,,,,,,,,,,,,,,,,,,,,"IEA",,,,,,,,,,,,,,,,"IDA,IBA",,,,,,,,,,,,"IBA,IEA",,,,,,,,,,,,,,,,"ISS,TAS","IDA,IMP,ISS",,,,,"IDA,ISS,IBA",,,,,,,,,,
"GO:BP","cell adhesion","GO:0007155","true","0.0008266602205291617","3.0826729604251355","1512","115","25","21031",,"ISS,IEA",,"IGI,IEA",,,,,,,,,"IDA",,,"IMP,IBA,IEA",,"IBA,IEA","IDA,IMP,IBA,NAS",,,"IEA",,,,,,,,,,"IDA,IEA","IEA",,,"IMP,ISS,IBA,NAS,IEA",,,,"IDA,IMP,IBA,IEA",,,,,"IDA,NAS,IEA",,,"IEA",,,,,,,,,,,,,,,,,,"TAS",,,,,,"IMP",,,,,,,,,,,"ISS",,,,"IEA","NAS","IBA,IEA",,"IDA",,,,,,,,,"IDA,IBA,IEA",,,,,,,,,,"IBA",,,,,"IDA,NAS",,,"ISS,IBA,IEA",,,"IEA"
"GO:BP","regulation of metal ion transport","GO:0010959","false","0.0014453906049873642","2.8400147725150697","369","115","12","21031",,,"IDA",,,,"ISS",,,"IDA,IGI,ISS,IEA","IDA",,,,,,,,,,,,,,"IBA,IEA",,,,,,,,,,,"ISS",,,,,,,,,,,,,,,,,,,,,,,,,"IEA",,,,,,,,,,,,,,,,"IDA,IBA",,,,,,,,,,,,"IBA,IEA",,,,,,,,,,,,,,,,"ISS,TAS","IDA,IMP,ISS",,,,,"IDA,ISS,IBA",,,,,,,,,,
"GO:BP","cellular response to stimulus","GO:0051716","false","0.0014792583270053972","2.8299559773240173","7394","115","66","21031",,"IDA,IMP,ISS,IBA,TAS,IEA","IDA,TAS,IEA",,"IBA,IEA","IBA,TAS,IEA","NAS,IEA",,,"IGI","TAS","IDA,IBA,TAS,IEA","IDA,IMP,IBA,IEA","IBA,IEA",,"IEA",,,,"IDA,IBA",,,,"IBA",,"IDA,IMP,IBA,NAS,IEA",,"ISS,ISO,IBA,TAS,IEA",,,"IPI,TAS,IEA","IDA,IMP,IBA,IEA",,"IDA,IBA,TAS,IEA",,,"IBA,IEA","IMP,IBA,IEA","IDA,IMP,TAS,IEA","IDA,IMP",,"NAS",,"IMP,IBA,TAS,IEA","IDA,IMP,NAS","IDA,ISS,NAS,IEA",,,,,"ISS,IBA,TAS,IEA",,,"IMP,IGI,ISS,IBA,TAS,IEA","ISS,IBA","TAS,IEA","IEA","IBA,TAS,IEA","IDA,TAS,IEA",,"IDA,IBA,TAS,IEA",,"IDA,ISS,IEA",,,,"IEA",,"ISS",,"IEA","IDA,IMP,IBA,TAS,IEA",,"NAS","IDA,IMP,IGI,ISS,IBA,TAS,IEA","IBA,TAS,IEA",,"IDA,TAS,IEA",,,"IBA,IEA","IBA,IEA","IEA","NAS",,"IMP,IBA,IEA","ISS,IEA","ISS,TAS","IBA,IEA",,"IEA",,"IBA,IEA","IDA,IBA,IEA",,"IEA","ISS,IBA,IEA","IBA",,,,,,"IBA","IDA,ISS,TAS",,"IBA,IEA","IEA",,"IEA",,,,"ISS,IBA,NAS,IEA",,"IDA,IMP,ISS,IEA",,,"IMP","IMP,IBA,TAS,IEA",
"GO:BP","cell morphogenesis involved in neuron differentiation","GO:0048667","false","0.001531098438851163","2.8149968863262154","597","115","15","21031",,"IEA","ISS","ISS,IEA",,,,,,,,"IEA",,,,,,,,,,,,,,,,,,,,"IBA","IEA",,"ISS,IEA",,,,,,,,"IEA",,,,"IEA",,,,,,,,,,,,,"ISS,IEA",,,,,,,,,,,,,,,,,,,,,,,"ISS",,,,"ISS,IBA,TAS,IEA",,,,"IBA,IEA",,,,,,,,,"IBA,NAS,IEA",,,,,,,,,,,,,,,,,,"ISS",,,
"GO:BP","regulation of cellular process","GO:0050794","false","0.0018470933894724681","2.7335111459743664","11738","115","89","21031",,"IDA,IMP,ISS,IBA,TAS,IEA","IDA,ISS,TAS,IEA","ISS,IEA","IBA","IBA,TAS,IEA","ISS,IBA,NAS,IEA","IEA","IEA","IGI,ISS","IDA,TAS","IDA,IBA,TAS,IEA","IDA,IMP,ISS,IBA,TAS,IEA","ISS,IBA,IEA",,"IEA",,"IEA","IDA,ISS","IDA,IBA",,,"IEA","IBA",,"IDA,IMP,IBA,NAS,IEA",,"ISS,ISO,IBA,TAS,NAS,IEA",,,"IPI,TAS,IEA","IDA,IMP,ISS,IBA,IEA",,"IDA,ISS,IBA,TAS,IEA","IDA,IMP,ISS,IBA,IEA","IMP","IBA,IEA",,"IDA,IMP,IBA,TAS,IEA","IDA,IMP","ISS,IBA,IEA","NAS","IMP,IBA,IEA","IDA,IMP,IBA,TAS,IEA","IDA,IMP,NAS,IEA","IDA,IMP,ISS,IBA,IC,IEA","TAS,IEA","IBA,IEA",,,"IMP,ISS,IBA,TAS,IEA","IBA",,"IMP,IGI,ISS,IBA,TAS,IEA","ISS,IBA","IGI,IBA,TAS,IEA","IEA","IBA,TAS","IDA,TAS,IEA","ISS,IEA","IDA,IBA,TAS,IEA",,"IDA,ISS,IEA",,,,"IDA,IBA,NAS,IEA","IDA,IBA","IDA,ISS,IBA,TAS",,"IEA","IDA,IMP,IBA,TAS,IEA",,"ISS,NAS,IEA","IDA,IMP,IGI,ISS,IBA,TAS,IEA","IBA,TAS,IEA","IDA,IBA","IDA,TAS,IEA",,,"IBA,IEA","IBA,IEA","IDA,IMP,ISS,IBA,IEA","ISS,IBA,NAS,IEA","IBA,IEA","IMP,IBA,IEA","IEA","ISS,IBA,TAS","IBA,IEA","IDA,IBA,IEA","IEA","ISS,IEA","IBA,IEA","IDA,IBA,IEA",,"IDA,IBA,IEA","IDA,ISS,IBA,TAS,IEA","IBA",,,,"IDA,IMP,IEA",,,"ISS,TAS","IDA,IMP,ISS","IBA,IEA","IEA","IDA,ISS,IBA,IEA","IMP,ISS,IEA","IDA,ISS,IBA",,,"IDA,IMP,ISS,IBA,NAS,IEA","IDA,NAS","IDA,IMP,ISS,IBA,IEA",,"IMP,ISS","IMP","IMP,IBA,TAS,IEA",
"GO:BP","cell surface receptor signaling pathway","GO:0007166","false","0.002211803042049498","2.6552535489584175","2799","115","35","21031",,"IDA,IMP,ISS,IBA,IEA",,,"IBA",,,,,,,,"IDA,IMP",,,"IEA",,,,,,,,"IBA",,"IDA,IMP,IBA,IEA",,"ISS,ISO,IBA,TAS,IEA",,,,"IDA,IBA,IEA",,"IDA,IBA,IEA",,,"IBA",,,"IMP",,,,"IBA,IEA","IDA,IMP","IDA,IEA",,,,,"ISS,TAS,IEA",,,"IMP,IBA,TAS,IEA",,"TAS,IEA",,,"IDA,TAS,IEA",,,,"IDA,ISS,IEA",,,,"IEA",,"ISS",,"IEA","IDA,IMP,IBA,TAS,IEA",,,,,,,,,,,,,,,"IEA","TAS","IBA,IEA",,"IEA",,,"IDA,IBA,IEA",,,,"IBA",,,,,,,,,"IBA,IEA","IEA",,,,,,"ISS,IEA",,"ISS,IEA",,,"IMP","TAS,IEA",
"GO:BP","regulation of neuron projection development","GO:0010975","false","0.002211884645827175","2.6552375260956604","457","115","13","21031",,,"ISS","ISS,IEA",,,,,,,,,,,,,,,,,,,,,,,,,,,,"IMP",,"ISS,IEA",,,,,,,"ISS,IEA",,,"IBA",,,"IEA",,,,,,,,,,,,,"ISS,IEA",,,,,,,,,,,,,,,,,,,,,,,"ISS",,,,,,,,,"ISS,IEA",,,,,,,,,,,,,,,,,,,,,,,"IDA",,,"IMP",,"IBA",
"GO:BP","signal release from synapse","GO:0099643","false","0.0022263806646119445","2.6524005783631983","145","115","8","21031",,,,,,,,"IEA","IBA,IEA",,,,,,,,,,,,,,,,,,,,,,,,,,,,,,,,,,,,,,,,,,,"IBA,IEA",,,,,,,,,,,,,,,,,"IBA,TAS",,,,,,,,,,,"ISS,IBA,IEA",,,,"ISS,IBA",,,,,,,,,,,,,"ISS,IBA,TAS,IEA",,,,,,,,,,,,,,,,,"IEA",,,,,,,
"GO:BP","neurotransmitter secretion","GO:0007269","false","0.0022263806646119445","2.6524005783631983","145","115","8","21031",,,,,,,,"IEA","IBA,IEA",,,,,,,,,,,,,,,,,,,,,,,,,,,,,,,,,,,,,,,,,,,"IBA,IEA",,,,,,,,,,,,,,,,,"IBA,TAS",,,,,,,,,,,"ISS,IBA,IEA",,,,"ISS,IBA",,,,,,,,,,,,,"ISS,IBA,TAS,IEA",,,,,,,,,,,,,,,,,"IEA",,,,,,,
"GO:BP","axonogenesis","GO:0007409","false","0.0027449501063083613","2.561465545112574","466","115","13","21031",,"IEA","ISS","ISS,IEA",,,,,,,,,,,,,,,,,,,,,,,,,,,,"IBA","IEA",,"ISS,IEA",,,,,,,,"IEA",,,,"IEA",,,,,,,,,,,,,"ISS,IEA",,,,,,,,,,,,,,,,,,,,,,,,,,,"ISS,IBA,TAS,IEA",,,,"IBA,IEA",,,,,,,,,"IBA,NAS,IEA",,,,,,,,,,,,,,,,,,"ISS",,,
"GO:BP","neurotransmitter transport","GO:0006836","false","0.003468779245544871","2.459823337947601","207","115","9","21031",,,,,,,,"IEA","IBA,IEA",,,,,,,,,,,,,,"TAS,IEA",,,,,,,,,,,,,,,,,,,,,,,,,,,,,"IBA,IEA",,,,,,,,,,,,,,,,,"IBA,TAS,IEA",,,,,,,,,,,"ISS,IBA,IEA",,,,"ISS,IBA",,,,,,,,,,,,,"ISS,IBA,TAS,IEA",,,,,,,,,,,,,,,,,"IEA",,,,,,,
"GO:BP","learning","GO:0007612","false","0.0038562293708884116","2.4138371418987394","156","115","8","21031",,"IEA","ISS,IEA",,,,,,,,,,,,,,,,,,,,"ISS,IEA",,,,,"IEA",,,,,,,,,,,"IEA",,,,,,,,,"IEA",,,,,,"IEA",,,,,,,,,,,,,,,,,,,,,,,,,,,,,,,,,,,,,,,"IEA",,,,,,,,,,,,,,,,,,,,,,,,,,,,
"GO:BP","learning or memory","GO:0007611","false","0.005246349237293822","2.28014280280757","279","115","10","21031",,"IEA","ISS,IEA",,,,,,,,,,,,,,,,,,,,"ISS,IEA",,,,,"TAS,IEA",,,,,,,,,,,"IEA",,,,,,,,,"IEA",,,,,,"ISS,IEA",,,,"TAS",,,,,,,,,,,,,,"ISS,IEA",,,,,,,,,,,,,,,,,,,,,"IEA",,,,,,,,,,,,,,,,,,,,,,,,,,,,
"GO:BP","animal organ development","GO:0048513","false","0.0053070552021905444","2.275146394963029","3039","115","36","21031",,"IEP,ISS,IEA","ISS,IEA",,"IEA",,,,,,,,"IDA,ISS,IBA,TAS","ISS",,,,,,,,,,,,,,"NAS",,,,"ISS",,"IEA","IMP,ISS,IEA","IMP,ISS,IBA,IEA","IEA","IEA",,,"ISS,IEA",,"IEA","IEA",,,"IEA",,,"IBA",,,,,,,,,,"ISS,IEA",,,"ISS,IEA",,"IEA",,"IEA",,,,"IEA","IMP,IEA",,,,,,,,,,,,,,,"TAS,IEA","ISS",,,,,,,,,,,,"IDA","IDA,IMP,IBA,IEA",,,,"IMP,ISS",,,"IEA","IDA","IEA",,,"IEA","IEA",,"ISS,IEA",,"ISS",,"ISS,IEA",
"GO:BP","regulation of membrane potential","GO:0042391","false","0.007560908104872569","2.12142604031224","433","115","12","21031",,,"ISS,IEA",,,,,,,"IMP,ISS",,,,,,"IEA",,,,,,,,,,,,"ISS,ISO,IBA,IEA",,,,,,,,"IMP",,,"IEA",,,,,,,"ISS,TAS,IEA",,,,,,,,"IEA",,"IEA",,,,,,,,,,,,,"ISS,IBA",,,,,,,,,,,,,,,,,,,,,,,,,,,,,,,,,,,,"TAS",,"IEA",,,,,,,,,,,,,,
"GO:BP","metal ion transport","GO:0030001","false","0.0093409121745598","2.029610711239462","877","115","17","21031",,,"IDA,ISS,IEA",,,,"ISS",,,"IDA,IGI,ISS,IEA","IDA,IBA,TAS,IEA",,,,,,,,,,,,"IDA,IBA",,"IBA,IEA",,,"IDA,IMP,IEA",,,,,,,,"ISS",,,,,,,,,,,,,,,,,,,,,,"TAS",,,"IEA",,,,,,,,,,,,,,,,"IDA,IBA,IEA",,,,,,,,,,,,"IBA,IEA",,,,,,,,,,,,,,,,"IDA,IMP,IGI,ISS,IBA,TAS,IEA","IDA,IMP,ISS,TAS,IEA","ISS,IEA",,,,"IDA,ISS,IBA",,,"IEA",,,,,,,
"GO:BP","positive regulation of synaptic transmission","GO:0050806","false","0.009443445039314085","2.0248695429238173","176","115","8","21031",,,,,,,,,,,,,,,,"IEA",,,,,,,,,,,,"ISS,ISO,IBA,IEA",,,,,,,,,,,"IEA",,,,,"IEA",,,,"IBA,IEA",,,,,,,,,,,,,,,,,,,,,"IBA",,,"IEA",,,,,,,,,,,,,,,,,,,,,,,,,"ISS,IEA",,,,,,,,,,,,,,,,,,,,,,,,
"GO:BP","axon development","GO:0061564","false","0.01049466121727833","1.9790315765042932","527","115","13","21031",,"IEA","ISS","ISS,IEA",,,,,,,,,,,,,,,,,,,,,,,,,,,,"ISS,IBA","IEA",,"ISS,IEA",,,,,,,,"IEA",,,,"IEA",,,,,,,,,,,,,"ISS,IEA",,,,,,,,,,,,,,,,,,,,,,,,,,,"ISS,IBA,TAS,IEA",,,,"IBA,IEA",,,,,,,,,"IBA,NAS,IEA",,,,,,,,,,,,,,,,,,"ISS",,,
"GO:BP","regulation of signal transduction","GO:0009966","false","0.011741823906480528","1.9302644370751383","3010","115","35","21031",,"IMP,IBA,TAS,IEA",,,"IBA","TAS",,,,,,"TAS,IEA","IDA,IMP",,,"IEA",,,,"IDA,IBA",,,,"IBA",,"IDA,IMP,IBA,IEA",,"ISS,ISO",,,,,,"IEA",,,"IBA",,,"IDA,IMP",,,,"IBA","IDA,IMP","IDA,IEA",,,,,"ISS,TAS,IEA",,,"IEA",,,,"TAS","IDA,TAS",,"IDA,IBA,IEA",,"IDA,ISS,IEA",,,,,,"ISS",,"IEA","IDA,IMP,TAS,IEA",,,"IMP,ISS,IEA","IBA",,,,,"IBA,IEA",,,,,"IMP,IBA,IEA",,,"IBA,IEA",,,,,,,"IEA",,,,,,,,,,,,,,,,,,"ISS,IEA",,"IMP,ISS,IEA",,,"IMP","IMP,IBA",
"GO:BP","regulation of secretion","GO:0051046","false","0.012175461233932917","1.9145145777471875","619","115","14","21031",,,,,,,,"IEA",,,,,"IDA",,,,,,,,,,"IEA",,,,,,,,,,,,,,,,"IEA",,,,,,,,,,,,,"IBA",,,,,,"TAS",,,,,,,,,,,"IBA,TAS",,,"IEA",,,,,,,,,,,"IDA,IBA","ISS,IBA","IBA,IEA",,,,,,,,"IEA",,,,"ISS,IBA,TAS,IEA",,,,,,,,,,,,,,,,,"IEA",,,,,,,
"GO:BP","associative learning","GO:0008306","false","0.013758150722291654","1.8614399371090506","87","115","6","21031",,"IEA",,,,,,,,,,,,,,,,,,,,,"ISS",,,,,"IEA",,,,,,,,,,,"IEA",,,,,,,,,"IEA",,,,,,,,,,,,,,,,,,,,,,,,,,,,,,,,,,,,,,,,,,,,,"IEA",,,,,,,,,,,,,,,,,,,,,,,,,,,,
"GO:BP","positive regulation of developmental process","GO:0051094","false","0.015840802936090696","1.8002228087392234","1328","115","21","21031",,"IDA,IEA",,,,,,,,,,,"IDA,ISS",,,,,,,,,,,,,,,,,,,,,"ISS,IEA",,,,,,,"IEA",,,"IEA",,,"IEA","IBA,IEA",,,,,,"IEA",,,,,,"ISS,IEA",,,,,,,,,"IDA",,,"IEA",,,"IEA",,,,,,,"IEA","ISS",,,,"IEA",,,,,,,,,,"IDA",,,,,"IEA",,,"IMP",,,,"IEA","ISS,IEA",,,,"ISS,IEA",,,,,,,
"GO:BP","cognition","GO:0050890","false","0.018489134592269335","1.73308341607705","322","115","10","21031",,"IEA","ISS,IEA",,,,,,,,,,,,,,,,,,,,"ISS,IEA",,,,,"TAS,IEA",,,,,,,,,,,"IEA",,,,,,,,,"IEA",,,,,,"IMP,ISS,IEA",,,,"TAS",,,,,,,,,,,,,,"ISS,IEA",,,,,,,,,,,,,,,,,,,,,"IEA",,,,,,,,,,,,,,,,,,,,,,,,,,,,
"GO:BP","hematopoietic stem cell migration","GO:0035701","true","0.021770445788465445","1.6621326779185548","9","115","3","21031",,"IEA",,,,,,,,,,,,,,,,,"IMP",,,,,,,,,,,,,,,,,,,,,,,,"IMP",,,,,,,,,,,,,,,,,,,,,,,,,,,,,,,,,,,,,,,,,,,,,,,,,,,,,,,,,,,,,,,,,,,,,,,,,,,,,,
"GO:BP","regulation of plasma membrane bounded cell projection organization","GO:0120035","false","0.02184362440115718","1.6606752997206025","652","115","14","21031",,"IEA","ISS","ISS,IEA",,,,,,,,,,,,,,,,,,,,,,,,,,,,"IMP",,"ISS,IEA",,,,,,,"ISS,IEA",,,"IBA",,,"IEA",,,,,,,,,,,,,"ISS,IEA",,,,,,,,,,,,,,,,,,,,,,,"ISS",,,,,,,,,"ISS,IEA",,,,,,,,,,,,,,,,,,,,,,,"IDA",,,"IMP",,"IBA",
"GO:BP","monoatomic ion transport","GO:0006811","false","0.024138524658415827","1.6172892774155236","1256","115","20","21031",,,"IDA,ISS,IEA",,,,"ISS",,,"IDA,IGI,ISS,IEA","IDA,IBA,TAS,IEA",,,,,,,,,,,,"IDA,IBA",,"IBA,IEA",,,"IDA,IMP,ISS,ISO,IEA",,,,,,,,"ISS",,,,,,,,,,,,,,,,,,"IGI",,"IEA",,"TAS",,,"IEA",,,,,,,,,,,,,"TAS",,,"IDA,IBA,IEA",,,,,,,,,,,,"IBA,IEA",,,,,,,,,,,,,,,,"IDA,IMP,IGI,ISS,IBA,TAS,IEA","IDA,IMP,ISS,TAS,IEA","ISS,IEA",,,,"IDA,ISS,IBA",,,"IEA",,,,,,,
"GO:BP","synaptic vesicle exocytosis","GO:0016079","false","0.02426955318765773","1.614938219132463","96","115","6","21031",,,,,,,,"IEA","IBA,IEA",,,,,,,,,,,,,,,,,,,,,,,,,,,,,,,,,,,,,,,,,,,"IEA",,,,,,,,,,,,,,,,,"IBA,TAS",,,,,,,,,,,,,,,,,,,,,,,,,,,,"ISS,IBA,IEA",,,,,,,,,,,,,,,,,"IEA",,,,,,,
"GO:BP","regulation of biological quality","GO:0065008","false","0.025300071983327246","1.5968782431752755","2846","115","33","21031",,"ISS,IEA","ISS,IEA",,,,,,"IEA","IMP,ISS","IDA",,"IDA,IMP",,,"IEA",,"IEA",,,,,,,,,,"ISS,ISO,IBA,NAS,IEA",,,,,,,,"IMP",,,"IDA,IEA",,,,,"IEA","IEA","ISS,TAS,IEA","ISS,IBA,IEA","IBA,IEA",,,"TAS,IEA",,,"IEA",,"IEA",,"TAS",,,,,,,,,,,"ISS,IBA",,,"IEA",,,,,,,,,,,"IDA,IMP,ISS","ISS",,,,,"IBA,IEA",,,,"IEA",,,,,,,,,"IDA,IMP,IEA","IBA",,"IMP,ISS,TAS,IC",,"IEA",,"IDA,ISS,IEA",,,,,"IEA",,,,"ISS",,,
"GO:BP","nervous system process","GO:0050877","false","0.025875447987400296","1.5871121224327385","1484","115","22","21031",,"ISS,IEA","ISS,IEA",,"TAS",,"IBA",,,,,,,,,"IEA",,,"ISS",,,,"ISS,IEA",,,,,"ISS,ISO,IBA,TAS,IEA",,,,,,,,,,,"IEA",,,,,,,,"IEA","IEA",,,,,,"IMP,ISS,IEA",,,,"TAS",,,,,,,"IEA",,,,"ISS,IEA",,,"ISS,IEA",,,,,,,,,,,,,,,,,,,,,"IEA",,,,,,,,,,,,,,"IEA",,"ISS","ISS,IEA",,,,,,,,"ISS",,"IMP",
"GO:BP","regulation of cell projection organization","GO:0031344","false","0.028140967169846744","1.5506609804865839","667","115","14","21031",,"IEA","ISS","ISS,IEA",,,,,,,,,,,,,,,,,,,,,,,,,,,,"IMP",,"ISS,IEA",,,,,,,"ISS,IEA",,,"IBA",,,"IEA",,,,,,,,,,,,,"ISS,IEA",,,,,,,,,,,,,,,,,,,,,,,"ISS",,,,,,,,,"ISS,IEA",,,,,,,,,,,,,,,,,,,,,,,"IDA",,,"IMP",,"IBA",
"GO:BP","secretion","GO:0046903","false","0.031483981352713415","1.5019103534990372","963","115","17","21031",,"IMP",,,,,,"IEA","IBA,IEA",,,,"IDA",,,,,,,,,,"IEA",,,,,,,,,,,,,,,,"IEA",,,,,,,,,,,,,"IBA,IEA",,,,,,"TAS",,,,,,,,,,,"IDA,IBA,TAS,NAS,IEA",,,"IEA",,,,,,,,"ISS,IBA,IEA",,,"IDA,IBA","ISS,IBA","IBA,IEA",,,,,,,,"IEA",,,,"ISS,IBA,TAS,IEA",,,,,,,,,,,,,,,,,"IEA",,,,,,,
"GO:BP","intracellular signaling cassette","GO:0141124","true","0.03324789417294567","1.4782358564670839","1861","115","25","21031",,"IMP,TAS","IDA",,,"IBA,TAS,IEA",,,,,,"TAS,IEA","IMP","IBA,IEA",,,,,,"IDA",,,,,,"IDA,IMP",,"IEA",,,"IPI",,,"IEA",,,"IBA",,,"IDA,IMP",,,,"IBA",,,,,,,,,,"IGI,IEA","ISS,IBA",,"IEA",,,,,,,,,,,,,,,"IDA,IMP,IEA",,,"IDA,IMP,ISS,TAS,IEA",,,,,,,,,"NAS",,"IMP,IBA",,,,,,,,,,,,,,,,,,,"ISS,TAS",,,,,,,,,"ISS,IEA",,"IMP",,,,"IMP,IBA",
"GO:BP","exocytosis","GO:0006887","true","0.03435329627005973","1.4640315851483778","346","115","10","21031",,"IMP",,,,,,"IEA","IBA,IEA",,,,,,,,,,,,,,,,,,,,,,,,,,,,,,,,,,,,,,,,,,,"IBA,IEA",,,,,,,,,,,,,,,,,"IDA,IBA,TAS,NAS,IEA",,,,,,,,,,,"IEA",,,"IDA,IBA",,"IBA,IEA",,,,,,,,,,,,"ISS,IBA,TAS,IEA",,,,,,,,,,,,,,,,,"IEA",,,,,,,
"GO:BP","cell-cell adhesion via plasma-membrane adhesion molecules","GO:0098742","true","0.03954567089070041","1.4029010522721304","280","115","9","21031",,,,"IGI,IEA",,,,,,,,,,,,"IMP,IBA",,,,,,,,,,,,,,,,,,,,,,,,"IDA,IBA,IEA",,,,,"IDA",,,"IEA",,,,,,,,,,,,,,,,,,,,,,,,,,,,,,,,,,,"ISS",,,,,,,,"IDA",,,,,,,,,"IDA,IBA",,,,,,,,,,"IBA",,,,,,,,,,,
"GO:BP","system process","GO:0003008","false","0.041282903632770235","1.3842297642068815","2258","115","28","21031",,"ISS,IEA","ISS,IEA",,"TAS",,"IBA,IEA",,,"IMP","IDA",,,,,"IEA",,"IMP,IEA","ISS",,,,"ISS,NAS,IEA",,,,,"ISS,ISO,IBA,TAS,IEA",,,,,,,,"IMP,ISS,IBA",,,"IEA",,,,,,,,"IEA","IEA",,"IBA",,,,"IMP,ISS,IEA",,,,"TAS",,,,,,,"IEA",,,,"ISS,IEA",,,"ISS,IEA",,,,,,,,,,,,,,,,,,,,,"IEA",,,,,,,,,,,,"IMP,ISS,TAS,IC",,"IEA",,"ISS","ISS,IEA",,,,,,,,"ISS",,"IMP",
"GO:BP","positive regulation of neuron projection development","GO:0010976","false","0.043776729985126904","1.3587566822942327","158","115","7","21031",,,,,,,,,,,,,,,,,,,,,,,,,,,,,,,,"IMP",,"ISS,IEA",,,,,,,"ISS,IEA",,,"IBA",,,"IEA",,,,,,,,,,,,,"ISS,IEA",,,,,,,,,,,,,,,,,,,,,,,,,,,,,,,,,,,,,,,,,,,,,,,,,,,,,,,,,,,,"IBA",
"GO:BP","calcium-ion regulated exocytosis","GO:0017156","true","0.04746715622879603","1.3236067862116287","65","115","5","21031",,,,,,,,,"IBA",,,,,,,,,,,,,,,,,,,,,,,,,,,,,,,,,,,,,,,,,,,"IBA",,,,,,,,,,,,,,,,,"IDA,IBA,TAS",,,,,,,,,,,"IEA",,,,,,,,,,,,,,,,,"ISS,IBA,IEA",,,,,,,,,,,,,,,,,,,,,,,,
"GO:BP","response to stimulus","GO:0050896","false","0.04769751332117344","1.3215042620299788","8976","115","71","21031",,"IDA,IMP,ISS,IBA,TAS,IEA","IDA,TAS,IEA",,"IBA,IEA","IBA,TAS,IEA","NAS,IEA",,,"IGI","IDA,TAS","IDA,IBA,TAS,IEA","IDA,IMP,IBA,TAS,IEA","IBA,IEA",,"IEA",,,,"IDA,IBA",,,"IDA,IEA","IBA",,"IDA,IMP,IBA,NAS,IEA",,"IDA,ISS,ISO,IBA,TAS,IEA",,,"IPI,TAS,IEA","IDA,IMP,IBA,IEA",,"IDA,IBA,TAS,IEA","IEA",,"IBA,IEA","IMP,IBA,IEA","IDA,IMP,TAS,IEA","IDA,IMP,IEA",,"NAS",,"IMP,IBA,TAS,IEA","IDA,IMP,NAS","IDA,ISS,NAS,IEA","IEA",,"IEA",,"ISS,IBA,TAS,IEA",,,"IMP,IGI,ISS,IBA,TAS,IEA","ISS,IBA","TAS,IEA","IEA","IBA,TAS,IEA","IDA,TAS,IEA",,"IDA,IBA,TAS,IEA",,"IDA,ISS,IEA",,,,"IEA",,"ISS,IEA",,"IEA","IDA,IMP,ISS,IBA,TAS,IEA",,"NAS","IDA,IMP,IGI,ISS,IBA,TAS,IEA","IBA,TAS,IEA",,"IDA,TAS,IEA",,,"IBA,IEA","IBA,IEA","IEA","ISS,NAS,IEA",,"IMP,IBA,IEA","ISS,IEA","ISS,TAS","IBA,IEA",,"IEA",,"IBA,IEA","IDA,IBA,IEA",,"IEA","ISS,IBA,TAS,IEA","IBA",,,,,,"IBA,TAS","IDA,IMP,ISS,TAS",,"IDA,IBA,IEA","IEA",,"IEA",,,,"ISS,IBA,NAS,IEA",,"IDA,IMP,ISS,IBA,IEA",,"ISS","IMP","IMP,IBA,TAS,IEA",
"GO:BP","regulation of vesicle-mediated transport","GO:0060627","false","0.04875338909501309","1.3119951889069164","522","115","12","21031",,,,,,,,"IEA",,,,,"IDA,IMP",,,,,,,,,,,,,,,,,,,"IDA",,,,,,,,"IMP",,,,,,,,,,,"IMP","IBA",,,,,,,,,,,,,,,,,"IBA",,,,,,,,,,,,,,"IDA,IBA","ISS,IEA","IBA,IEA",,,,,,,,,,,,"ISS,IBA,TAS,IEA",,,,,,,,,,,,,,,,,"IEA",,,,,,,
"GO:CC","cell junction","GO:0030054","true","4.863464866252071e-16","15.313054217127446","2230","117","48","22097",,"IEA","ISS,IEA","IEA",,"IEA",,"IBA,TAS,IEA","IBA,TAS,IEA",,,,"IDA,IMP",,,"IDA,IBA,IEA",,"IDA,IBA,IEA","IDA,ISS,IBA,IEA",,,"ISS","IEA",,,,,"ISS,IBA,NAS,IEA",,,,,,,,"IDA,ISS,IBA,TAS,NAS,IEA",,,,"HDA,IBA,IEA",,,,"IEA","IEA",,,"IBA,IEA","IEA",,,"ISS,IBA,TAS,IEA","IEA","IBA,IEA",,"ISS,IBA,IEA",,,,,,,,,,"HDA,IBA","IDA",,"ISS,IBA,TAS,NAS,IEA",,,"IDA,HDA","IDA,IEA",,,"IEA",,"IEA",,"ISS,IBA,IEA","IBA,IEA",,"IDA,IMP,NAS","ISS,IBA,IEA","IBA,IEA",,"IEA",,,,,,,,,,"IBA,TAS,IEA",,,"IEA",,"IDA,IMP,IEA",,,"IDA,ISS,IBA,TAS,IEA",,"IDA,IBA,IEA",,"IEA",,,,"IDA,IEA","IEA","ISS,NAS",,"IBA,IEA","ISS,IBA,IEA",,"ISS,IEA",
"GO:CC","plasma membrane","GO:0005886","false","7.03998645430132e-15","14.152428176486843","5742","117","74","22097",,"IDA,TAS,IEA","ISS,IEA","IDA,ISS,TAS,IEA",,,"ISS,IBA,IEA","TAS,IEA","ISS,IBA,IEA","IDA,IBA,IEA","IDA,IBA,TAS,IEA","IBA,IEA","IDA,IEA","ISS",,"IEA",,"IDA,TAS,IEA","IDA,IMP,TAS,NAS,IEA",,,"IDA","IDA,TAS,IEA",,"IEA","TAS",,"IDA,ISS,ISO,IBA,TAS,NAS,IEA",,,,"IDA,TAS,IEA","IEA","IDA,TAS,IEA",,"IDA,IBA,TAS",,,"IDA,IBA,TAS,IEA","IDA,IBA,TAS,IEA",,,,"TAS,IEA","IDA,IEA",,"IDA,IBA,IEA","IBA,IEA","TAS,IEA","IBA,TAS,IEA","IDA,TAS,IEA","IBA,IEA","IEA","IMP,IBA,TAS,IEA",,"ISS,IBA,TAS,IEA",,"IEA",,"ISS,IBA,IEA","IDA,IBA,TAS,IEA",,"IDA","TAS","TAS,IEA","IDA,NAS",,,"ISS,IBA,NAS,IEA",,,"IDA,ISS,IBA,TAS,IEA",,"IEA","IEA","TAS","IDA,IBA,TAS,IEA","IDA,IPI,IBA,TAS,IEA",,"IEA","IBA,IEA",,"IDA,TAS,NAS,IEA",,"IBA,IEA",,"IDA,IEA",,,,"IEA","ISS,IEA",,,,,"IBA,TAS,IEA","IBA",,"IBA,TAS,IEA",,"IEA",,"IDA","IDA,ISS,IBA,TAS,IEA","IDA,IMP,IBA,TAS,IEA","IDA,IBA,IEA","IDA,IEA",,"IDA,IEA","IDA,ISS,IBA,IEA","IDA","IDA","IDA,TAS,IEA",,,"TAS,IEA","IBA,IEA",,"IDA,TAS",
"GO:CC","cell periphery","GO:0071944","false","3.9359790797670666e-14","13.404947218565358","6228","117","76","22097",,"IDA,TAS,IEA","ISS,IEA","IDA,ISS,TAS,IEA",,,"ISS,IBA,IEA","TAS,IEA","ISS,IBA,IEA","IDA,IBA,IEA","IDA,IBA,TAS,IEA","IBA,IEA","IDA,IEA","ISS",,"IEA",,"IDA,TAS,IEA","IDA,IMP,TAS,NAS,IEA",,,"IDA","IDA,TAS,IEA",,"IEA","TAS",,"IDA,ISS,ISO,IBA,TAS,NAS,IEA",,,,"IDA,TAS,IEA","IEA","IDA,TAS,IEA",,"IDA,IBA,TAS",,,"IDA,IBA,TAS,IEA","IDA,HDA,IBA,TAS,IEA",,,,"TAS,IEA","IDA,IEA",,"IDA,IBA,IEA","IBA,IEA","TAS,IEA","IBA,TAS,IEA","IDA,TAS,IEA","IBA,IEA","IEA","IMP,IBA,TAS,IEA",,"ISS,IBA,TAS,IEA",,"IEA","IDA,HDA,NAS,IEA","ISS,IBA,IEA","IDA,IBA,TAS,IEA",,"IDA","TAS","IBA,TAS,IEA","IDA,NAS",,,"ISS,IBA,NAS,IEA",,,"IDA,ISS,IBA,TAS,IEA",,"IEA","IEA","TAS","IDA,IBA,TAS,IEA","IDA,IPI,IBA,TAS,IEA","IBA","IEA","IBA,IEA",,"IDA,TAS,NAS,IEA",,"IBA,IEA",,"IDA,IEA",,,,"IEA","ISS,IEA",,,,,"IBA,TAS,IEA","IBA",,"IBA,TAS,IEA",,"IBA,IEA",,"IDA","IDA,ISS,IBA,TAS,IEA","IDA,IMP,IBA,TAS,IEA","IDA,IBA,IEA","IDA,IEA",,"IDA,IEA","IDA,ISS,IBA,IEA","IDA","IDA","IDA,TAS,IEA",,,"TAS,IEA","IBA,IEA",,"IDA,TAS",
"GO:CC","synapse","GO:0045202","false","7.595060714151602e-13","12.119468750080902","1468","117","36","22097",,,,"IEA",,,,"IBA,TAS,IEA","IBA,TAS,IEA",,,,"IDA,IMP",,,"IEA",,,,,,,"IEA",,,,,"ISS,IBA,NAS,IEA",,,,,,,,,,,,"IEA",,,,"IEA","IEA",,,"IBA,IEA","IEA",,,"ISS,IBA,TAS,IEA","IEA","IBA,IEA",,"ISS,IBA,IEA",,,,,,,,,,"IBA",,,"ISS,IBA,TAS,NAS,IEA",,,,,,,"IEA",,"IEA",,"ISS,IBA,IEA","IBA,IEA",,"IDA,IMP,NAS","ISS,IBA,IEA","IBA,IEA",,"IEA",,,,,,,,,,"IBA,TAS,IEA",,,"IEA",,"IDA,IMP,IEA",,,"IDA,ISS,IBA",,"IDA,IBA,IEA",,"IEA",,,,,"IEA","ISS,NAS",,"IBA,IEA",,,"ISS,IEA",
"GO:CC","neuron projection","GO:0043005","true","1.8301347954871893e-12","11.737516921865007","1334","117","34","22097",,,"ISS,IEA",,,,,,"IBA,IEA",,,,,,,,,"IEA",,,,,"ISS,IBA",,,,,"IEA",,,,"IBA",,,"ISS,IEA",,,,"IEA","IDA",,,"IEA","IEA",,,,"IEA","IEA",,,"ISS,IBA,IEA",,"IEA",,"ISS,IBA,IEA",,,,"ISS,IBA,IEA","IBA",,,,,,,,,,,,,,,,"IEA","IEA",,,,"IBA,IEA","ISS,IEA",,,,"ISS,IEA",,,,,,,,,,"ISS,IBA,IEA",,,"IBA",,,,,"ISS,IBA","IBA","IDA","IDA,IEA",,"ISS,IBA,IEA",,,,"IEA","ISS",,,"ISS,IEA",,"ISS,IEA",
"GO:CC","cell projection","GO:0042995","false","1.7662994195193793e-10","9.752935673792042","2389","117","42","22097",,,"ISS,IEA",,,"IBA,IEA",,,"IBA,IEA",,,,,,,,,"IEA",,,,,"ISS,IBA,IEA",,,,,"IEA",,,,"IBA",,,"ISS,IEA",,,,"IDA,IBA,IEA","IDA",,,"IEA","IEA",,,"IEA","IEA","IEA",,,"ISS,IBA,IEA",,"IEA",,"ISS,IBA,IEA",,,,"ISS,IBA,IEA","IBA",,"IDA",,,,,,"IEA",,,"IDA",,,,"IEA","IEA","IEA",,,"IEA","IBA,IEA","ISS,IEA",,,,"ISS,IEA","NAS",,,,,,,,,"ISS,IBA,IEA",,,"IBA",,,,,"ISS,IBA","IBA","IDA","IDA,IEA",,"ISS,IBA,IEA",,,,"IEA","ISS",,,"ISS,IEA",,"ISS,IEA",
"GO:CC","synaptic membrane","GO:0097060","false","1.1400974317879233e-8","7.943058032628666","399","117","17","22097",,,,"IEA",,,,,"IBA,IEA",,,,,,,,,,,,,,"IEA",,,,,"ISS,IBA,NAS,IEA",,,,,,,,,,,,,,,,,"IEA",,,"IBA,IEA","IEA",,,"IBA,IEA",,"IBA,IEA",,"IBA,IEA",,,,,,,,,,,,,"ISS,IBA,NAS,IEA",,,,,,,,,"IEA",,,"IBA,IEA",,"NAS",,,,,,,,,,,,,,"IEA",,,,,"IEA",,,,,"IBA,IEA",,,,,,,,,,,,,,
"GO:CC","plasma membrane bounded cell projection","GO:0120025","false","1.6391290754371785e-8","7.785386845976221","2277","117","38","22097",,,"ISS,IEA",,,"IBA,IEA",,,"IBA,IEA",,,,,,,,,"IEA",,,,,"ISS,IBA",,,,,"IEA",,,,"IBA",,,"ISS,IEA",,,,"IDA,IBA,IEA","IDA",,,"IEA","IEA",,,,"IEA","IEA",,,"ISS,IBA,IEA",,"IEA",,"ISS,IBA,IEA",,,,"ISS,IBA,IEA","IBA",,"IDA",,,,,,,,,"IDA",,,,,"IEA","IEA",,,,"IBA,IEA","ISS,IEA",,,,"ISS,IEA","NAS",,,,,,,,,"ISS,IBA,IEA",,,"IBA",,,,,"ISS,IBA","IBA","IDA","IDA,IEA",,"ISS,IBA,IEA",,,,"IEA","ISS",,,"ISS,IEA",,"ISS,IEA",
"GO:CC","presynapse","GO:0098793","false","4.0876490947275074e-8","7.388526393393054","564","117","19","22097",,,,"IEA",,,,"IBA,TAS,IEA","IBA,TAS,IEA",,,,,,,,,,,,,,"IEA",,,,,"IEA",,,,,,,,,,,,,,,,,,,,,"IEA",,,"ISS,IBA,TAS,IEA",,,,,,,,,,,,,,"IBA",,,"ISS,IBA,TAS,NAS,IEA",,,,,,,"IEA",,,,"ISS,IBA,IEA","IBA,IEA",,,"ISS,IBA,IEA","IBA,IEA",,,,,,,,,,,,"IBA,TAS,IEA",,,,,,,,"ISS",,"IEA",,,,,,,"IEA",,,,,,"ISS,IEA",
"GO:CC","membrane","GO:0016020","false","2.1146423181795437e-7","6.674763080949749","9864","117","85","22097",,"IDA,TAS,IEA","ISS,IEA","IDA,ISS,TAS,IEA",,,"ISS,IBA,IEA","IBA,TAS,IEA","ISS,IBA,IEA","IDA,IBA,IEA","IDA,IBA,TAS,IEA","IBA,IEA","IDA,NAS,IEA","ISS",,"IEA",,"IDA,TAS,IEA","IDA,IMP,TAS,NAS,IEA",,"TAS,IEA","IDA","IDA,TAS,IEA",,"IEA","IDA,IBA,TAS,NAS,IEA",,"IDA,ISS,ISO,IBA,TAS,NAS,IEA","NAS,IEA","IBA,IEA",,"IDA,TAS,IEA","IEA","IDA,TAS,IEA",,"IDA,IBA,TAS","TAS,IEA",,"IDA,IBA,TAS,IEA","IDA,IBA,TAS,IEA",,,,"TAS,IEA","IDA,NAS,IEA",,"IDA,IBA,IEA","IBA,IEA","TAS,IEA","IBA,TAS,IEA","IDA,TAS,IEA","ISS,IBA,IEA","IEA","IMP,IBA,TAS,IEA",,"ISS,IBA,TAS,IEA","HDA,IEA","IEA",,"ISS,IBA,IEA","IDA,IBA,TAS,IEA",,"IDA","TAS,IEA","TAS,IEA","IDA,NAS",,,"ISS,IBA,NAS,IEA","IDA,IBA,IEA","HDA,TAS,NAS,IEA","IDA,ISS,IBA,TAS,IEA",,"IEA","IDA,IEA","TAS","IDA,IBA,TAS,IEA","IDA,IPI,IBA,TAS,IEA",,"ISS,IBA,IEA","IBA,IEA",,"IDA,TAS,NAS,IEA","IDA,ISS,IBA,IEA","IBA,IEA",,"IDA,IEA",,,,"IEA","ISS,IEA",,,,,"IBA,TAS,IEA","IBA","IEA","IBA,TAS,IEA","IEA","IEA",,"IDA,IEA","IDA,ISS,IBA,TAS,IEA","IDA,IMP,IBA,TAS,IEA","IDA,IBA,TAS,NAS,IEA","IDA,IEA",,"IDA,IEA","IDA,ISS,IBA,IEA","IDA","IDA","IDA,TAS,IEA",,,"TAS,IEA","IBA,IEA",,"IDA,TAS,IEA","IEA"
"GO:CC","postsynapse","GO:0098794","false","4.3607158290086547e-7","6.360442213696804","650","117","19","22097",,,,,,,,,,,,,,,,"IEA",,,,,,,"IEA",,,,,"ISS,IBA,NAS,IEA",,,,,,,,,,,,,,,,"IEA","IEA",,,"IBA,IEA",,,,"IBA,IEA",,"IBA,IEA",,"ISS,IBA,IEA",,,,,,,,,,,,,,,,,,,,"IEA",,"IEA",,"IEA","IBA,IEA",,"NAS",,,,,,,,,,,,,,,,,,,"IEA",,,"ISS,IBA",,"IBA,IEA",,,,,,,,"NAS",,"IBA,IEA",,,,
"GO:CC","somatodendritic compartment","GO:0036477","false","0.0000058458179983397435","5.23315470994115","848","117","20","22097",,,"ISS,IEA",,,,,,,,,,,,,,,"IEA","ISS",,,,"ISS",,,,,"IEA",,,,"IBA",,,,,,,"IEA",,,,,"IEA",,,,"IEA",,,,"IEA",,"IEA",,"ISS,IBA,IEA",,,,"ISS,IBA,IEA",,,,,,,,,,,,,,,,,"IEA",,,,,"IBA,IEA","ISS,IEA",,,,"IEA",,,,,,,,,,,,,,,,,,"ISS",,"IDA,IEA","IDA,IEA",,,,,,,,,,,,,
"GO:CC","postsynaptic membrane","GO:0045211","false","0.00000886217525572291","5.0524596657419165","278","117","12","22097",,,,,,,,,,,,,,,,,,,,,,,"IEA",,,,,"IBA,NAS,IEA",,,,,,,,,,,,,,,,,"IEA",,,"IBA,IEA",,,,"IBA,IEA",,"IBA,IEA",,"IBA,IEA",,,,,,,,,,,,,,,,,,,,,,"IEA",,,"IBA,IEA",,"NAS",,,,,,,,,,,,,,,,,,,"IEA",,,,,"IBA,IEA",,,,,,,,,,,,,,
"GO:CC","dendrite","GO:0030425","false","0.000009294810512045566","5.031759459513581","622","117","17","22097",,,"ISS,IEA",,,,,,,,,,,,,,,"IEA",,,,,,,,,,"IEA",,,,"IBA",,,,,,,"IEA",,,,,"IEA",,,,"IEA",,,,"IEA",,"IEA",,"ISS,IBA,IEA",,,,"ISS,IBA,IEA",,,,,,,,,,,,,,,,,"IEA",,,,,"IBA,IEA","ISS,IEA",,,,"IEA",,,,,,,,,,,,,,,,,,"ISS",,,"IDA,IEA",,,,,,,,,,,,,
"GO:CC","dendritic tree","GO:0097447","false","0.00000973791591939904","5.011533979625684","624","117","17","22097",,,"ISS,IEA",,,,,,,,,,,,,,,"IEA",,,,,,,,,,"IEA",,,,"IBA",,,,,,,"IEA",,,,,"IEA",,,,"IEA",,,,"IEA",,"IEA",,"ISS,IBA,IEA",,,,"ISS,IBA,IEA",,,,,,,,,,,,,,,,,"IEA",,,,,"IBA,IEA","ISS,IEA",,,,"IEA",,,,,,,,,,,,,,,,,,"ISS",,,"IDA,IEA",,,,,,,,,,,,,
"GO:CC","neuron to neuron synapse","GO:0098984","false","0.000022562945822148004","4.646604199423467","366","117","13","22097",,,,,,,,,,,,,,,,"IEA",,,,,,,,,,,,"ISS,IBA,IEA",,,,,,,,,,,,,,,,,"IEA",,,"IEA",,,,,,"IBA,IEA",,"IBA",,,,,,,,,,,,,,,,,,,,,,,,"IEA",,,,,,,,,,,,,,,,,"IEA",,,,,"IEA",,,"ISS",,"IBA,IEA",,,,,,,,"NAS",,"IEA",,,,
"GO:CC","postsynaptic density","GO:0014069","false","0.00003843693749439259","4.415251222519373","318","117","12","22097",,,,,,,,,,,,,,,,"IEA",,,,,,,,,,,,"ISS,IBA,IEA",,,,,,,,,,,,,,,,,"IEA",,,"IEA",,,,,,"IBA,IEA",,"IBA",,,,,,,,,,,,,,,,,,,,,,,,"IEA",,,,,,,,,,,,,,,,,,,,,,"IEA",,,"ISS",,"IBA,IEA",,,,,,,,"NAS",,"IEA",,,,
"GO:CC","asymmetric synapse","GO:0032279","false","0.00006521043078590667","4.185682930795084","334","117","12","22097",,,,,,,,,,,,,,,,"IEA",,,,,,,,,,,,"ISS,IBA,IEA",,,,,,,,,,,,,,,,,"IEA",,,"IEA",,,,,,"IBA,IEA",,"IBA",,,,,,,,,,,,,,,,,,,,,,,,"IEA",,,,,,,,,,,,,,,,,,,,,,"IEA",,,"ISS",,"IBA,IEA",,,,,,,,"NAS",,"IEA",,,,
"GO:CC","postsynaptic specialization","GO:0099572","false","0.00009512621889398403","4.021699765379953","346","117","12","22097",,,,,,,,,,,,,,,,"IEA",,,,,,,,,,,,"ISS,IBA,IEA",,,,,,,,,,,,,,,,,"IEA",,,"IEA",,,,,,"IBA,IEA",,"IBA",,,,,,,,,,,,,,,,,,,,,,,,"IEA",,,,,,,,,,,,,,,,,,,,,,"IEA",,,"ISS",,"IBA,IEA",,,,,,,,"NAS",,"IBA,IEA",,,,
"GO:CC","axon","GO:0030424","false","0.00011400602334662317","3.943072202724089","656","117","16","22097",,,"ISS,IEA",,,,,,"IBA,IEA",,,,,,,,,,,,,,"ISS,IBA",,,,,,,,,,,,"ISS,IEA",,,,,,,,,,,,,,"IEA",,,,,,,,,,,"ISS,IBA,IEA",,,,,,,,,,,,,,,,,,,,,,,"IEA",,,,"ISS,IEA",,,,,,,,,,"IBA,IEA",,,"IBA",,,,,"ISS,IBA","IBA",,,,,,,,"IEA","ISS",,,"ISS,IEA",,"ISS,IEA",
"GO:CC","glutamatergic synapse","GO:0098978","false","0.00012182345658342545","3.914269082114102","424","117","13","22097",,,,"IEA",,,,,,,,,"IDA,IMP",,,,,,,,,,,,,,,"IEA",,,,,,,,,,,,,,,,"IEA","IEA",,,"IEA",,,,,,"IEA",,,,,,,,,,,,,,,,,,,,,,,,,,"IEA",,,"IDA,IMP",,,,,,,,,,,,,,"IEA",,,,,"IDA,IMP,IEA",,,,,"IEA",,,,,,,,,,"IBA",,,,
"GO:CC","exocytic vesicle membrane","GO:0099501","false","0.0001231335353398858","3.909623651133639","128","117","8","22097",,,,,,,,"IBA,TAS,IEA","IBA",,,,,,,,,,,,,,,,,,,,,,,,,,,,,,,,,,,,,,,,"IEA",,,"ISS,IBA,IEA",,,,,,,,,,,,,,,,,,,,,,,,,,,,"ISS,IBA,IEA",,,,"ISS,IBA,IEA","IEA",,,,,,,,,,,,"IBA,TAS,IEA",,,,,,,,,,,,,,,,,,,,,,,,
"GO:CC","synaptic vesicle membrane","GO:0030672","false","0.0001231335353398858","3.909623651133639","128","117","8","22097",,,,,,,,"IBA,TAS,IEA","IBA",,,,,,,,,,,,,,,,,,,,,,,,,,,,,,,,,,,,,,,,"IEA",,,"ISS,IBA,IEA",,,,,,,,,,,,,,,,,,,,,,,,,,,,"ISS,IBA,IEA",,,,"ISS,IBA,IEA","IEA",,,,,,,,,,,,"IBA,TAS,IEA",,,,,,,,,,,,,,,,,,,,,,,,
"GO:CC","plasma membrane region","GO:0098590","false","0.00021817661204040896","3.661191806479986","1266","117","22","22097",,,,"IEA",,,,,"IBA,IEA",,,,"IDA",,,,,"IEA",,,,,"IEA",,,,,"ISS,IBA,NAS,IEA",,,,,,,,,,,,"IDA",,,,,"IEA",,,"IBA,IEA","IEA",,,"IBA,IEA",,"IBA,IEA",,"IBA,IEA",,,,,,,,,,,,,"ISS,IBA,NAS,IEA",,,"IDA,IBA,IEA",,,,,,"IEA",,,"IBA,IEA",,"NAS",,,,,,,,,,,,,,"IEA",,,,,"IEA",,,,,"IBA,IEA",,,,,,,"IEA",,,,,,,
"GO:CC","postsynaptic density membrane","GO:0098839","false","0.00033444230924068607","3.475678786533698","101","117","7","22097",,,,,,,,,,,,,,,,,,,,,,,,,,,,"IBA,IEA",,,,,,,,,,,,,,,,,"IEA",,,"IEA",,,,,,"IBA,IEA",,"IBA",,,,,,,,,,,,,,,,,,,,,,,,,,,,,,,,,,,,,,,,,,,,,,"IEA",,,,,"IBA,IEA",,,,,,,,,,,,,,
"GO:CC","synaptic vesicle","GO:0008021","false","0.0006137851243249576","3.211983641322691","213","117","9","22097",,,,,,,,"IBA,TAS,IEA","IBA",,,,,,,,,,,,,,,,,,,"IEA",,,,,,,,,,,,,,,,,,,,,"IEA",,,"ISS,IBA,TAS,IEA",,,,,,,,,,,,,,,,,,,,,,,,,,,,"ISS,IBA,IEA",,,,"ISS,IBA,IEA","IBA,IEA",,,,,,,,,,,,"IBA,TAS,IEA",,,,,,,,,,,,,,,,,,,,,,,,
"GO:CC","presynaptic membrane","GO:0042734","false","0.0008784633384837048","3.056276358501595","166","117","8","22097",,,,"IEA",,,,,"IBA,IEA",,,,,,,,,,,,,,"IEA",,,,,"IEA",,,,,,,,,,,,,,,,,,,,,"IEA",,,,,,,,,,,,,,,,,,,,"ISS,IBA,NAS,IEA",,,,,,,,,,,,"IBA,IEA",,,,,,,,,,,,,,,,"IEA",,,,,,,,,,,,,,,,,,,,,,,,
"GO:CC","postsynaptic specialization membrane","GO:0099634","false","0.00118872610669264","2.9249181992539626","122","117","7","22097",,,,,,,,,,,,,,,,,,,,,,,,,,,,"IBA,IEA",,,,,,,,,,,,,,,,,"IEA",,,"IEA",,,,,,"IBA,IEA",,"IBA",,,,,,,,,,,,,,,,,,,,,,,,,,,,,,,,,,,,,,,,,,,,,,"IEA",,,,,"IBA,IEA",,,,,,,,,,,,,,
"GO:CC","exocytic vesicle","GO:0070382","false","0.0012794522691337185","2.8929759111355278","233","117","9","22097",,,,,,,,"IBA,TAS,IEA","IBA",,,,,,,,,,,,,,,,,,,"IEA",,,,,,,,,,,,,,,,,,,,,"IEA",,,"ISS,IBA,TAS,IEA",,,,,,,,,,,,,,,,,,,,,,,,,,,,"ISS,IBA,IEA",,,,"ISS,IBA,IEA","IBA,IEA",,,,,,,,,,,,"IBA,TAS,IEA",,,,,,,,,,,,,,,,,,,,,,,,
"GO:CC","cell-cell junction","GO:0005911","false","0.006129867954738816","2.2125488806440563","519","117","12","22097",,"IEA","ISS,IEA",,,,,,,,,,,,,"IDA,IBA",,"IDA,IBA,IEA","IDA,ISS,IBA,IEA",,,"ISS",,,,,,,,,,,,,,"IDA,ISS,IBA,TAS,NAS,IEA",,,,"IBA",,,,,,,,,,,,,,,,,,,,,,,,,,,,,,,,,"IDA,IEA",,,,,,,,,,,,,,,,,,,,,,,,,,,,,,,,"ISS,TAS",,,,,,,,"IDA,IEA",,,,,"ISS,IBA,IEA",,,
"GO:CC","cell surface","GO:0009986","true","0.006730492530515915","2.171953153389927","903","117","16","22097",,"IEA",,,,,,,,,,,,,,,,,"IDA,IBA",,,,"IBA,IEA",,,,,"ISS,IEA",,,,,,,,,,,"IEA","IEA",,,,"IEA","IDA",,,"IBA,IEA",,,,,,,,,,,,,,,,,,,,,,,,"IDA,IEA",,,"IEA",,,,,,,,"ISS",,,,"IEA",,,,"IEA",,,,,,,,,"IDA",,,,,,,,,,,,,,,,,,,,"IEA",
"GO:CC","transport vesicle membrane","GO:0030658","false","0.011021419178503033","1.957762479739293","235","117","8","22097",,,,,,,,"IBA,TAS,IEA","IBA",,,,,,,,,,,,,,,,,,,,,,,,,,,,,,,,,,,,,,,,"IEA",,,"ISS,IBA,IEA",,,,,,,,,,,,,,,,,,,,,,,,,,,,"ISS,IBA,IEA",,,,"ISS,IBA,IEA","IEA",,,,,,,,,,,,"IBA,TAS,IEA",,,,,,,,,,,,,,,,,,,,,,,,
"GO:CC","anchoring junction","GO:0070161","false","0.0263096994476551","1.579884113106637","905","117","15","22097",,"IEA","ISS,IEA",,,"IEA",,,,,,,,,,"IDA,IBA",,"IDA,IBA,IEA","IDA,ISS,IBA,IEA",,,"ISS",,,,,,,,,,,,,,"IDA,ISS,IBA,TAS,NAS,IEA",,,,"HDA,IBA",,,,,,,,,,,,,,,,,,,,,,,,,,"HDA",,,,,,"HDA","IDA,IEA",,,,,,,,,,,,,,,,,,,,,,,,,,,,,,,,"ISS,TAS",,,,,,,,"IDA,IEA",,,,,"ISS,IBA,IEA",,,
"GO:CC","receptor complex","GO:0043235","true","0.032066041616750036","1.493954648119751","523","117","11","22097",,"IBA",,,,,,,,,,,,,,,,,,,,,,,,,,"IDA,ISS,ISO,IBA,TAS,IEA",,,,,,"IBA",,,,,,,,,,"IBA",,,,,,,,,,,,"ISS,IBA",,,,,,,,"IDA,IBA",,,,,,,,"IDA,IBA,IEA",,,,,,"IDA,IPI,IBA",,,"IBA,IEA",,,,,,,,,,,,,,,,,,,,,,,,,,"IDA,IEA",,,,,,,,,,,,,"IDA,IBA",
"KEGG","Glutamatergic synapse","KEGG:04724","false","0.00021767127969145444","3.662198869508993","115","47","7","8484",,,,,,,,,,,,,,,,,,,,,,,,,,,,"KEGG",,,,,,,,,,,,,,,,,,,,,,,,,,"KEGG",,"KEGG",,,,,,,,,,,,,,,,,,,,"KEGG",,,,,,,,,,,,,,,,,,,,,,,,,,,,,,,"KEGG",,,,,,,"KEGG",,,"KEGG",,,,
"KEGG","Spinocerebellar ataxia","KEGG:05017","false","0.0008427109780971369","3.074321348435525","141","47","7","8484",,,,,,,,,,,"KEGG",,,,,,,,,,,,,,,,,"KEGG",,,"KEGG",,,,,,,,,,,,,,,,,,,,,,,,,,,,,,,,,,,,,,,,,,,,"KEGG",,,,,,,,,,,,,,,,,,,,,,,,,,,,,,,,"KEGG",,,,,,,"KEGG",,"KEGG",,,,,
"KEGG","Calcium signaling pathway","KEGG:04020","false","0.004700900810396809","2.3278189123837096","251","47","8","8484",,,,,,,,,,,,,,,,,,,,,,,,,,,,"KEGG",,,,,,,,,"KEGG",,"KEGG",,,,,,,,,,,,,,,"KEGG",,,,,,,,,,,,,,,,,,"KEGG",,,,,,,,,,,,,,,,,,,,,,,,,,,,,,,,,"KEGG",,"KEGG",,,,,,,"KEGG",,,,,,,
"KEGG","Amphetamine addiction","KEGG:05031","false","0.042507061973971465","1.3715389117956955","69","47","4","8484",,,,,,,,,,,,,,,,,,,,,,,,,,,,"KEGG",,,,,,,,,,,,,,,,,,,,,,,,,,,,"KEGG",,,,,,,,,,,,,,,,,,,,,,,,,,,,,,,,,,,,,,,,,,,,,,,,,,,"KEGG",,,,,,,"KEGG",,,,,,,
"REAC","Neuronal System","REAC:R-HSA-112316","false","3.265250834158329e-7","6.486083450925954","400","73","17","10842",,,,,,,,,,,,,"REAC",,,,,,,,,,"REAC",,,,,"REAC",,,,,,,,,,,,,,,,,,,,,"REAC",,,,,"REAC",,"REAC",,,,,,,,,,"REAC",,,"REAC",,,,,,,,,"REAC",,"REAC",,,"REAC",,,,,,,,,,,,,,"REAC",,,,,"REAC",,,,"REAC","REAC",,,,,,,"REAC",,,"REAC",,,,
"REAC","Protein-protein interactions at synapses","REAC:R-HSA-6794362","false","0.00003947911861733139","4.403632551643288","86","73","8","10842",,,,,,,,,,,,,,,,,,,,,,,,,,,,"REAC",,,,,,,,,,,,,,,,,,,,,,,,,,"REAC",,"REAC",,,,,,,,,,"REAC",,,,,,,,,,,,,,,,,"REAC",,,,,,,,,,,,,,"REAC",,,,,"REAC",,,,,,,,,,,,,,,"REAC",,,,
"REAC","Transmission across Chemical Synapses","REAC:R-HSA-112315","false","0.000445462889615601","3.351188470092816","259","73","11","10842",,,,,,,,,,,,,"REAC",,,,,,,,,,"REAC",,,,,"REAC",,,,,,,,,,,,,,,,,,,,,"REAC",,,,,,,"REAC",,,,,,,,,,,,,"REAC",,,,,,,,,"REAC",,"REAC",,,,,,,,,,,,,,,,,"REAC",,,,,,,,,,"REAC",,,,,,,"REAC",,,,,,,
"REAC","GABA synthesis, release, reuptake and degradation","REAC:R-HSA-888590","false","0.0021385376302459286","2.669883103385017","18","73","4","10842",,,,,,,,,,,,,,,,,,,,,,,"REAC",,,,,,,,,,,,,,,,,,,,,,,,,,"REAC",,,,,,,,,,,,,,,,,,,,"REAC",,,,,,,,,,,,,,,,,,,,,,,,,,,,"REAC",,,,,,,,,,,,,,,,,,,,,,,,
"REAC","Neurotransmitter release cycle","REAC:R-HSA-112310","false","0.008000249948981455","2.096896444287098","50","73","5","10842",,,,,,,,,,,,,,,,,,,,,,,"REAC",,,,,,,,,,,,,,,,,,,,,,,,,,"REAC",,,,,,,,,,,,,,,,,,,,"REAC",,,,,,,,,,,"REAC",,,,,,,,,,,,,,,,,"REAC",,,,,,,,,,,,,,,,,,,,,,,,
"REAC","Neurexins and neuroligins","REAC:R-HSA-6794361","false","0.01397823831030508","1.8545475596578567","56","73","5","10842",,,,,,,,,,,,,,,,,,,,,,,,,,,,"REAC",,,,,,,,,,,,,,,,,,,,,,,,,,"REAC",,,,,,,,,,,,,,,,,,,,,,,,,,,,,,,,,,,,,,,,,,,"REAC",,,,,"REAC",,,,,,,,,,,,,,,"REAC",,,,
"WP","ADHD and autism ASD linked metabolic pathways and SNP","WP:WP5420","false","0.009602602204786289","2.017611061747947","341","65","11","8286",,"WP",,,,,,,,,,,,,,,,,,,,,"WP",,,,,"WP",,,,,,,,,,,,,,,,,,,,,"WP",,,,,"WP",,"WP",,,,,,,,,,,,,,,,"WP",,,,,,,,,,,,,,,,,,,,,,,,,"WP",,,,,,,,,,"WP",,,,,,,"WP",,,"WP",,,,
"WP","Common pathways underlying drug addiction","WP:WP2636","false","0.04545164415894306","1.3424504020736694","41","65","4","8286",,,,,,,,,,,,,,,,,,,,,,,,,,,,"WP",,,,,,,,,,,,,,,,,,,,,,,,,,"WP",,"WP",,,,,,,,,,,,,,,,,,,,,,,,,,,,,,,,,,,,,,,,,,,,,,,,,,,,,,,,,,"WP",,,,,,,
"WP","NRXN1 deletion syndrome","WP:WP5398","false","0.04687166661225797","1.329089604029632","17","65","3","8286",,,,,,,,,,,,,,,,,,,,,,,,,,,,"WP",,,,,,,,,,,,,,,,,,,,,,,,,,,,"WP",,,,,,,,,,,,,,,,,,,,,,,,,,,,,,,,,,,,,,,,,,,,,,,,,,,"WP",,,,,,,,,,,,,,
"TF","Factor: ZF5; motif: NRNGNGCGCGCWN; match class: 1","TF:M00333_1","false","4.5812212696411245e-7","6.339018731611074","12784","121","108","20045","TF","TF","TF",,"TF","TF","TF","TF","TF","TF","TF","TF","TF",,"TF","TF","TF","TF","TF","TF","TF","TF","TF","TF","TF","TF","TF","TF","TF",,,"TF",,"TF","TF","TF","TF","TF","TF","TF","TF","TF","TF","TF","TF","TF","TF","TF","TF","TF","TF",,"TF","TF",,"TF",,"TF","TF","TF","TF","TF","TF","TF","TF","TF","TF","TF","TF","TF","TF","TF","TF","TF","TF","TF",,"TF","TF","TF","TF","TF","TF",,"TF","TF","TF","TF","TF","TF","TF","TF","TF","TF","TF","TF",,"TF","TF","TF","TF",,"TF","TF","TF","TF","TF","TF","TF","TF","TF","TF","TF","TF","TF","TF","TF","TF",,"TF","TF"
"TF","Factor: ZNF219; motif: SNNCAGCACCNNGGNCAGCGSC","TF:M13149","false","0.00008259168790173888","4.083063658249271","11695","121","99","20045","TF","TF",,"TF",,"TF","TF","TF",,,"TF","TF",,,"TF","TF","TF",,"TF","TF","TF","TF","TF","TF","TF","TF",,"TF","TF",,"TF","TF",,"TF","TF","TF","TF","TF","TF","TF",,,"TF","TF","TF","TF","TF","TF","TF","TF","TF","TF",,"TF",,,"TF","TF","TF","TF","TF","TF","TF","TF","TF","TF","TF","TF","TF","TF","TF","TF","TF","TF","TF","TF","TF","TF",,"TF","TF","TF",,,"TF","TF","TF","TF","TF",,"TF","TF","TF","TF","TF","TF","TF","TF","TF","TF","TF",,"TF","TF","TF",,"TF","TF","TF",,"TF","TF","TF","TF","TF","TF","TF","TF","TF","TF","TF"
"TF","Factor: E2F-2; motif: GCGCGCGCGYW","TF:M11531","false","0.00011943628305520323","3.922863720635784","13659","121","108","20045","TF","TF","TF","TF","TF","TF","TF","TF",,"TF","TF","TF","TF",,"TF","TF","TF","TF","TF","TF","TF","TF","TF",,"TF","TF","TF","TF","TF",,"TF","TF",,"TF","TF","TF","TF","TF",,"TF","TF","TF","TF","TF","TF","TF","TF","TF","TF","TF","TF",,"TF","TF",,"TF",,"TF","TF","TF","TF","TF","TF","TF","TF","TF","TF","TF","TF","TF","TF","TF","TF","TF","TF","TF",,"TF",,"TF","TF","TF","TF",,"TF","TF","TF","TF","TF","TF","TF","TF","TF","TF","TF","TF","TF","TF","TF","TF","TF","TF","TF","TF","TF","TF","TF","TF","TF","TF","TF","TF","TF","TF","TF","TF","TF","TF",,"TF","TF"
"TF","Factor: AP-2alpha; motif: NGCCYSNNGSN","TF:M01857","false","0.00019450159147437463","3.7110768407870585","9435","121","86","20045","TF","TF","TF",,"TF","TF","TF","TF",,"TF","TF","TF","TF",,"TF","TF",,"TF","TF","TF","TF",,,,,"TF","TF","TF","TF",,,,,"TF","TF","TF",,"TF","TF","TF","TF","TF","TF","TF","TF","TF","TF","TF","TF",,"TF",,"TF",,,,,"TF","TF","TF","TF",,,"TF","TF","TF","TF","TF","TF","TF","TF","TF","TF","TF",,"TF",,"TF","TF","TF","TF","TF",,,,,"TF","TF","TF",,"TF",,"TF",,"TF","TF",,"TF","TF",,"TF",,"TF","TF","TF",,"TF","TF","TF","TF","TF","TF","TF","TF","TF","TF","TF","TF","TF",,"TF"
"TF","Factor: ZXDL; motif: GSGSCNNGGGMRGCNCCGGGS; match class: 1","TF:M12722_1","false","0.00024461118682428813","3.6115236852189385","6868","121","70","20045","TF",,"TF",,"TF",,"TF","TF",,"TF","TF","TF","TF",,,"TF",,,"TF","TF","TF","TF",,,"TF","TF",,,"TF",,,,,"TF","TF","TF",,"TF",,,"TF",,"TF","TF","TF","TF","TF","TF",,,,,,,,,,"TF","TF","TF","TF","TF","TF",,"TF",,"TF","TF","TF",,"TF","TF","TF",,"TF","TF",,"TF","TF","TF",,"TF",,,,"TF",,,"TF",,"TF",,"TF","TF","TF","TF",,,"TF","TF","TF",,"TF",,"TF",,,"TF","TF","TF","TF","TF","TF","TF",,"TF","TF","TF",,"TF",
"TF","Factor: GKLF; motif: NNNRGGNGNGGSN; match class: 1","TF:M07289_1","false","0.0005615329830205596","3.250624729298998","10876","121","93","20045","TF",,"TF","TF","TF","TF","TF","TF",,"TF","TF",,"TF",,"TF","TF","TF","TF","TF","TF","TF","TF","TF",,"TF","TF","TF","TF","TF",,"TF","TF","TF","TF","TF","TF","TF","TF",,,"TF","TF","TF","TF","TF","TF","TF",,"TF",,,"TF","TF","TF",,,,"TF","TF","TF",,"TF",,"TF","TF","TF","TF","TF","TF",,"TF","TF","TF","TF","TF","TF",,"TF",,"TF","TF",,"TF",,,"TF","TF","TF","TF","TF","TF","TF",,,,"TF","TF","TF","TF","TF","TF","TF","TF","TF","TF",,,"TF","TF","TF","TF","TF",,"TF","TF","TF","TF","TF","TF","TF","TF"
"TF","Factor: HA95; motif: CCSNSSCCNSCNCCWSCCNS; match class: 1","TF:M13127_1","false","0.0006905553399739899","3.160801512042207","8631","121","80","20045",,"TF","TF",,,,"TF","TF",,"TF","TF","TF","TF",,"TF","TF",,"TF","TF",,"TF","TF",,,"TF","TF","TF","TF","TF",,"TF",,,"TF","TF","TF",,"TF",,,"TF","TF","TF","TF","TF","TF","TF","TF",,,,,,,,,,"TF","TF","TF","TF",,,"TF","TF",,"TF","TF","TF","TF","TF","TF","TF","TF","TF","TF",,"TF","TF","TF",,,,,"TF","TF","TF","TF","TF","TF","TF",,"TF","TF","TF","TF","TF","TF","TF","TF","TF",,"TF","TF","TF",,,"TF","TF","TF","TF","TF",,"TF",,"TF","TF","TF",,"TF",
"TF","Factor: ZNF138; motif: GCAGCRSCNSGSNCMGSGCS","TF:M13144","false","0.0008092516294589054","3.0919164174560674","9856","121","87","20045","TF","TF","TF","TF",,"TF","TF","TF",,"TF","TF","TF","TF",,,"TF","TF","TF","TF","TF","TF","TF","TF",,"TF","TF",,"TF","TF",,,,,"TF",,,,"TF","TF","TF","TF",,"TF","TF","TF","TF","TF","TF","TF","TF",,"TF","TF","TF",,,"TF","TF","TF","TF","TF","TF","TF","TF","TF","TF","TF","TF","TF","TF","TF","TF","TF","TF","TF","TF",,"TF",,"TF","TF",,,,,"TF",,"TF","TF",,"TF",,"TF","TF","TF","TF",,"TF","TF","TF",,,"TF","TF","TF",,"TF","TF","TF","TF",,"TF","TF","TF","TF","TF",,"TF",,"TF",
"TF","Factor: ZF5; motif: NRNGNGCGCGCWN","TF:M00333","false","0.0009555757801215304","3.019734866344587","15464","121","114","20045","TF","TF","TF","TF","TF","TF","TF","TF","TF","TF","TF","TF","TF","TF","TF","TF","TF","TF","TF","TF","TF","TF","TF","TF","TF","TF","TF","TF","TF",,,"TF","TF","TF","TF","TF","TF","TF","TF","TF","TF","TF","TF","TF","TF","TF","TF","TF","TF","TF","TF","TF","TF","TF",,"TF",,"TF","TF","TF","TF","TF","TF","TF","TF","TF","TF","TF","TF","TF","TF","TF","TF","TF","TF","TF","TF","TF","TF","TF","TF","TF","TF",,"TF","TF","TF","TF","TF","TF","TF","TF","TF","TF","TF","TF","TF","TF","TF","TF","TF",,"TF","TF","TF","TF","TF","TF","TF","TF","TF","TF","TF","TF","TF","TF","TF","TF",,"TF","TF"
"TF","Factor: BEN; motif: CAGCGRNV; match class: 1","TF:M01240_1","false","0.0010263414747811778","2.988708120764321","13586","121","106","20045","TF","TF","TF","TF","TF","TF","TF","TF","TF","TF","TF","TF","TF",,"TF","TF","TF","TF","TF","TF","TF","TF","TF","TF","TF","TF","TF","TF","TF",,,"TF",,"TF","TF","TF","TF","TF","TF","TF","TF","TF","TF","TF","TF","TF","TF","TF","TF","TF","TF",,"TF","TF",,"TF",,"TF","TF","TF","TF","TF","TF","TF","TF","TF","TF","TF","TF","TF","TF","TF","TF","TF","TF","TF","TF","TF","TF","TF",,"TF",,,,"TF","TF","TF","TF",,"TF",,"TF","TF","TF","TF","TF","TF","TF","TF","TF",,"TF","TF","TF",,"TF","TF","TF","TF","TF","TF","TF","TF","TF","TF","TF","TF","TF","TF","TF"
"TF","Factor: E2F-1; motif: NNNSSCGCSAANN","TF:M07250","false","0.001463426711599312","2.834629022150575","11049","121","93","20045","TF","TF","TF","TF","TF",,"TF","TF",,"TF","TF","TF","TF",,"TF","TF","TF",,"TF","TF",,"TF","TF","TF","TF","TF","TF",,"TF","TF","TF","TF",,"TF",,"TF","TF","TF","TF",,"TF","TF","TF","TF","TF",,"TF","TF","TF","TF",,"TF",,"TF",,"TF",,"TF","TF","TF","TF","TF","TF",,,,"TF","TF","TF","TF","TF","TF","TF","TF","TF","TF",,"TF",,"TF",,"TF","TF",,"TF","TF","TF","TF","TF","TF","TF",,,"TF","TF","TF","TF","TF","TF","TF","TF",,,"TF","TF","TF","TF","TF","TF","TF","TF","TF","TF","TF","TF",,"TF","TF",,,"TF"
"TF","Factor: HIC1; motif: NSNNNNTGCCCSSNN","TF:M01072","false","0.0015412227720661897","2.8121345827698434","4286","121","50","20045",,,"TF",,"TF","TF",,"TF",,"TF",,,,,,,"TF",,"TF",,"TF","TF","TF",,"TF","TF","TF",,"TF",,,,,,"TF","TF",,,"TF","TF","TF",,,"TF",,"TF",,"TF","TF",,,,,,,,,,,,,"TF",,"TF","TF",,"TF",,"TF",,"TF",,"TF",,"TF","TF","TF","TF",,,,,,,,"TF",,"TF","TF",,"TF",,"TF",,,"TF",,,"TF","TF","TF",,,"TF",,,,"TF","TF",,,,,"TF","TF","TF","TF",,,,
"TF","Factor: RERE; motif: CNGCNSCNNGSRCRGSGSS","TF:M13129","false","0.0018152963685630174","2.741052461137983","10538","121","90","20045","TF","TF",,"TF","TF","TF","TF","TF",,"TF","TF","TF","TF",,,"TF","TF","TF","TF","TF","TF","TF","TF",,"TF","TF",,"TF","TF",,,,,"TF",,"TF","TF","TF","TF","TF","TF",,"TF","TF","TF","TF","TF","TF","TF",,,"TF",,"TF",,,,"TF","TF","TF","TF","TF","TF","TF","TF","TF","TF","TF","TF","TF","TF","TF","TF","TF","TF","TF",,"TF",,"TF","TF","TF",,,"TF","TF","TF","TF","TF",,"TF",,"TF","TF","TF",,"TF","TF","TF","TF",,,"TF","TF","TF",,"TF","TF","TF",,"TF","TF","TF","TF",,"TF","TF","TF","TF","TF",
"TF","Factor: ZNF138; motif: GCAGCRSCNSGSNCMGSGCS; match class: 1","TF:M13144_1","false","0.00186760383178937","2.7287152436921462","5699","121","60","20045","TF","TF",,,,,"TF","TF",,"TF","TF","TF","TF",,,,,,"TF","TF","TF","TF",,,"TF","TF",,"TF","TF",,,,,"TF",,,,"TF","TF",,"TF",,"TF",,"TF","TF",,"TF",,,,,,"TF",,,,"TF","TF","TF","TF",,,"TF","TF",,"TF",,"TF","TF","TF","TF","TF","TF","TF","TF",,"TF",,"TF",,,,,,"TF",,"TF",,,,,"TF",,"TF","TF",,,"TF",,,,"TF","TF",,,"TF","TF","TF","TF",,"TF","TF","TF",,"TF",,"TF",,"TF",
"TF","Factor: ETF; motif: GVGGMGG; match class: 1","TF:M00695_1","false","0.0025617183693379232","2.5914686175130863","7249","121","70","20045","TF",,"TF",,"TF",,"TF",,,"TF","TF",,"TF",,"TF",,"TF",,,"TF","TF","TF",,,"TF","TF",,,"TF",,,,,,"TF","TF",,"TF","TF",,"TF","TF","TF","TF","TF","TF",,"TF","TF",,,,,"TF",,,,"TF","TF","TF","TF","TF",,,"TF",,"TF","TF","TF",,"TF","TF","TF","TF","TF","TF",,"TF","TF","TF",,"TF",,,,"TF","TF","TF",,,"TF",,"TF","TF","TF","TF",,,"TF","TF","TF",,"TF",,"TF",,"TF","TF","TF","TF",,"TF",,"TF","TF","TF","TF",,,"TF",
"TF","Factor: E2F-2; motif: GCGCGCGCGYW; match class: 1","TF:M11531_1","false","0.002612673683318886","2.5829148292254804","12708","121","101","20045","TF","TF","TF",,"TF",,"TF","TF",,"TF","TF","TF","TF",,"TF","TF","TF","TF","TF","TF","TF","TF",,,"TF","TF","TF","TF","TF",,,"TF",,"TF","TF","TF","TF","TF",,"TF","TF","TF","TF","TF","TF","TF","TF","TF","TF",,"TF",,"TF","TF",,"TF",,"TF","TF","TF","TF","TF","TF","TF","TF","TF","TF","TF","TF","TF","TF","TF","TF","TF","TF","TF",,"TF",,"TF","TF","TF","TF",,"TF","TF","TF","TF","TF","TF","TF",,"TF","TF","TF","TF","TF","TF","TF","TF","TF",,"TF","TF","TF","TF","TF","TF","TF","TF","TF","TF","TF","TF","TF","TF","TF","TF",,"TF","TF"
"TF","Factor: ZNF253; motif: SNGNSCGNGGNGCKGNN; match class: 1","TF:M13147_1","false","0.0031115507777506432","2.507023107320691","6820","121","67","20045","TF","TF",,,,"TF",,"TF",,"TF","TF",,"TF",,"TF",,"TF",,"TF","TF","TF",,,,"TF","TF",,,"TF",,,,,,"TF","TF","TF","TF",,,"TF","TF","TF","TF","TF","TF","TF","TF",,,,,"TF",,,,,,,"TF","TF","TF",,,"TF",,"TF","TF","TF","TF","TF","TF","TF","TF","TF","TF",,"TF",,"TF","TF",,,,,"TF",,"TF","TF",,,,"TF","TF","TF","TF",,"TF","TF",,"TF",,"TF","TF",,,"TF","TF","TF","TF",,,"TF","TF",,"TF",,"TF",,"TF","TF"
"TF","Factor: Egr-1; motif: NGCGTGCGY; match class: 1","TF:M04950_1","false","0.005358030118761515","2.270994849448384","5721","121","59","20045","TF","TF",,,"TF",,"TF",,,"TF","TF","TF","TF",,"TF","TF","TF","TF",,,"TF",,,,,,"TF","TF","TF",,,"TF",,"TF","TF","TF",,"TF",,"TF",,,"TF",,,"TF","TF",,"TF",,,,"TF",,,"TF",,,"TF",,"TF",,"TF",,,"TF","TF","TF",,,,"TF",,"TF","TF","TF",,"TF",,"TF",,"TF","TF",,,,"TF","TF",,"TF",,,,"TF",,"TF",,"TF","TF","TF","TF",,"TF",,,"TF",,,"TF","TF","TF",,,,,"TF","TF",,,"TF",
"TF","Factor: ZBTB14; motif: SSCCGCGCACNS","TF:M12461","false","0.007614177945233641","2.118376977832919","2963","121","38","20045","TF","TF","TF",,,,,,,,,"TF",,,"TF",,,"TF",,,"TF",,,,,"TF",,,"TF",,,"TF",,,,,,,,,"TF",,"TF",,"TF",,"TF",,,,,,"TF",,,,,"TF",,,"TF",,,,,,"TF","TF",,,"TF","TF",,,"TF","TF",,,,"TF",,,,,"TF","TF",,,,,,"TF","TF","TF",,"TF","TF","TF",,,,"TF","TF",,"TF",,,,"TF","TF",,,,,,,"TF",,,,
"TF","Factor: Egr-1; motif: GCGCATGCG","TF:M04869","false","0.008439553208911623","2.0736805443743895","11569","121","94","20045","TF","TF","TF",,"TF","TF","TF","TF",,"TF","TF","TF","TF",,,"TF","TF","TF","TF","TF","TF","TF",,"TF","TF","TF",,"TF","TF",,,,,"TF","TF","TF","TF","TF","TF","TF",,"TF","TF","TF","TF","TF","TF","TF","TF","TF",,,"TF","TF",,,,"TF","TF","TF","TF","TF","TF","TF","TF","TF","TF","TF","TF","TF","TF","TF","TF","TF","TF","TF",,"TF",,"TF","TF","TF",,,"TF","TF","TF","TF","TF","TF","TF",,"TF","TF",,"TF",,,"TF","TF","TF",,"TF","TF","TF","TF","TF","TF","TF","TF","TF","TF","TF","TF","TF","TF","TF","TF",,"TF",
"TF","Factor: TCF-1; motif: ACATCGRGRCGCTGW; match class: 1","TF:M11601_1","false","0.009443804177660034","2.0248530268287404","11404","121","93","20045","TF","TF","TF","TF","TF","TF","TF","TF",,"TF","TF","TF","TF",,"TF","TF","TF","TF","TF","TF","TF","TF","TF",,"TF","TF",,"TF","TF",,,,,"TF","TF","TF","TF",,"TF","TF","TF","TF","TF","TF","TF","TF","TF","TF","TF","TF",,"TF",,,,,,"TF","TF","TF","TF","TF","TF","TF","TF",,"TF","TF","TF",,"TF","TF","TF","TF","TF","TF","TF","TF",,"TF","TF",,,,"TF","TF","TF","TF","TF",,"TF",,"TF","TF","TF","TF","TF",,"TF","TF","TF",,"TF","TF","TF",,"TF","TF","TF","TF",,"TF","TF","TF","TF","TF","TF","TF",,"TF","TF"
"TF","Factor: TFII-I; motif: RGAGGKAGG","TF:M00706","false","0.010267154531345841","1.9885499013454402","5828","121","59","20045","TF","TF","TF","TF",,"TF",,,,"TF","TF","TF","TF",,,,,"TF",,,"TF","TF",,,,"TF","TF","TF","TF","TF","TF",,,"TF",,,"TF","TF",,,"TF","TF",,,"TF",,,"TF","TF",,"TF",,"TF",,"TF","TF",,,,"TF","TF",,,"TF",,"TF",,"TF","TF","TF","TF","TF","TF",,"TF","TF","TF",,"TF",,,"TF",,,,,"TF",,,"TF",,,"TF",,"TF",,"TF","TF","TF","TF",,,,,"TF",,,,"TF","TF","TF",,,"TF",,,,"TF",,,
"TF","Factor: WT1; motif: RGGNGGGGGAGGRGGNGGRG","TF:M10108","false","0.010406612507198014","1.9826906162001425","6724","121","65","20045",,"TF","TF",,"TF","TF",,"TF",,"TF","TF",,"TF",,,,"TF","TF","TF",,,,"TF","TF",,"TF","TF","TF",,,"TF",,,,,,,"TF",,,"TF","TF","TF","TF",,"TF","TF","TF",,,,,"TF","TF","TF",,,,,,"TF",,,"TF",,,"TF","TF","TF",,"TF","TF",,,,"TF","TF","TF","TF","TF",,"TF",,,,,"TF","TF","TF","TF","TF",,"TF","TF","TF",,"TF","TF","TF","TF","TF",,"TF","TF","TF",,,"TF","TF",,,"TF",,"TF",,"TF",,"TF",,"TF","TF"
"TF","Factor: HA95; motif: CCSNSSCCNSCNCCWSCCNS","TF:M13127","false","0.010824227078593762","1.965603105365924","12581","121","99","20045","TF","TF","TF","TF","TF",,"TF","TF",,"TF","TF","TF","TF",,"TF","TF","TF","TF","TF","TF","TF","TF",,,"TF","TF","TF","TF","TF",,"TF",,,"TF","TF","TF","TF","TF",,,"TF","TF","TF","TF","TF","TF","TF","TF","TF",,,,"TF","TF","TF",,,"TF","TF","TF","TF","TF",,"TF","TF","TF","TF","TF","TF","TF","TF","TF","TF","TF","TF","TF","TF","TF","TF","TF","TF","TF","TF",,"TF","TF","TF","TF","TF","TF","TF","TF","TF","TF","TF","TF","TF","TF","TF","TF","TF",,"TF","TF","TF",,"TF","TF","TF","TF","TF","TF",,"TF","TF","TF","TF","TF",,"TF",
"TF","Factor: ZF5; motif: GSGCGCGR; match class: 1","TF:M00716_1","false","0.014686062348249651","1.8330946323692976","14519","121","108","20045","TF","TF","TF","TF","TF","TF","TF","TF",,"TF","TF","TF","TF",,"TF","TF","TF","TF","TF","TF","TF","TF",,"TF","TF","TF","TF","TF","TF",,,"TF",,"TF","TF","TF","TF","TF","TF","TF","TF","TF","TF","TF","TF","TF","TF","TF","TF","TF","TF",,"TF","TF",,"TF",,"TF","TF","TF","TF","TF","TF","TF","TF",,"TF","TF","TF","TF","TF","TF","TF","TF","TF","TF",,"TF","TF","TF","TF","TF","TF",,"TF","TF","TF","TF","TF","TF","TF",,"TF","TF","TF","TF","TF","TF","TF","TF","TF","TF","TF","TF","TF","TF","TF","TF","TF","TF","TF","TF","TF","TF","TF","TF","TF","TF","TF","TF","TF"
"TF","Factor: Kaiso; motif: GCMGGGRGCRGS; match class: 1","TF:M03876_1","false","0.015350126241483535","1.8138880484764208","9369","121","81","20045",,"TF","TF",,"TF","TF","TF","TF",,"TF","TF","TF","TF",,"TF",,"TF","TF","TF","TF","TF","TF",,,,"TF","TF","TF","TF",,,,,"TF","TF","TF","TF",,"TF",,"TF","TF","TF","TF","TF","TF","TF","TF","TF",,,,"TF","TF",,,,"TF","TF","TF","TF",,,,"TF",,"TF","TF","TF","TF","TF","TF","TF",,"TF","TF","TF","TF","TF",,,,,,,"TF","TF","TF","TF",,"TF",,"TF",,"TF","TF","TF","TF","TF","TF","TF",,"TF",,"TF",,"TF","TF","TF","TF",,"TF","TF","TF",,"TF","TF","TF",,"TF","TF"
"TF","Factor: MAZ; motif: GGGGGAGGGGGNGRGRRRGNRG; match class: 1","TF:M09984_1","false","0.015796693034186866","1.8014338211040997","5755","121","58","20045",,"TF","TF","TF","TF","TF","TF","TF",,"TF","TF",,"TF",,,,,"TF","TF",,,"TF",,,"TF","TF",,"TF",,,,,,"TF",,"TF",,,,,"TF",,"TF",,,"TF","TF",,,,,,"TF",,"TF",,,"TF","TF","TF",,,,,,"TF","TF","TF","TF",,,,,"TF",,"TF",,"TF",,"TF","TF",,,,"TF",,"TF",,"TF","TF","TF",,"TF","TF",,,"TF","TF","TF","TF","TF","TF",,,"TF",,,"TF","TF",,"TF",,,"TF",,"TF","TF","TF",,"TF",
"TF","Factor: GCMa:Erg; motif: ATGCGGGCGGAARKG; match class: 1","TF:M08487_1","false","0.01737276139703449","1.760131145042922","9056","121","79","20045",,"TF","TF","TF","TF","TF","TF","TF",,"TF",,,"TF",,"TF","TF","TF","TF","TF","TF","TF",,,,"TF",,,"TF","TF",,,,,"TF",,"TF",,"TF",,"TF","TF",,"TF","TF","TF","TF","TF","TF",,,,,,"TF",,,,"TF","TF","TF","TF","TF",,,"TF","TF","TF","TF","TF","TF",,"TF","TF","TF","TF","TF",,"TF",,"TF",,,"TF",,,"TF","TF",,"TF","TF","TF",,"TF",,,"TF","TF",,,"TF","TF",,"TF","TF","TF","TF","TF","TF","TF","TF","TF","TF","TF","TF","TF","TF","TF","TF","TF","TF","TF"
"TF","Factor: ZF5; motif: NGAGCGCGC","TF:M10111","false","0.023082518738230768","1.6367168032099084","2734","121","35","20045","TF",,,,"TF",,,,,"TF",,,,,,"TF",,,,,,,,,,,,"TF","TF",,,,,"TF",,,,,,"TF","TF",,,"TF","TF","TF",,,,,,,,,,"TF",,"TF","TF","TF","TF",,,,"TF",,,,,,"TF",,,"TF",,"TF",,"TF",,,,,,,,,,"TF","TF",,,,"TF",,"TF","TF",,,"TF","TF",,,,,"TF",,,"TF","TF",,,,,"TF","TF",,,,,,"TF"
"TF","Factor: MAZ; motif: GGGGGAGGGGGNGRGRRRGNRG","TF:M09984","false","0.029225825795808406","1.5342332087034727","9841","121","83","20045",,"TF","TF","TF","TF","TF","TF","TF",,"TF","TF",,"TF",,"TF",,,"TF","TF",,,"TF","TF",,"TF","TF",,"TF",,,"TF",,,"TF","TF","TF",,"TF",,,"TF","TF","TF","TF","TF","TF","TF",,"TF",,"TF","TF","TF",,"TF",,,"TF","TF","TF",,,,"TF","TF","TF","TF","TF","TF","TF","TF","TF",,"TF","TF","TF",,"TF",,"TF","TF","TF","TF",,"TF",,"TF","TF","TF","TF","TF","TF","TF","TF",,,"TF","TF","TF","TF","TF","TF","TF",,"TF",,,"TF","TF","TF","TF","TF",,"TF","TF","TF","TF","TF",,"TF",
"TF","Factor: DB1; motif: GGRRRRGRRGGAGGGGGNGRRR","TF:M10107","false","0.030112188345084338","1.5212576818283217","6014","121","59","20045",,,"TF",,,"TF","TF","TF",,,"TF",,"TF",,"TF",,,"TF","TF",,,,,,"TF",,,"TF","TF","TF","TF",,,"TF",,,,,,,"TF","TF","TF",,"TF","TF","TF",,,,,,"TF",,"TF",,,,"TF",,"TF",,,,"TF","TF","TF",,"TF","TF","TF","TF",,"TF",,"TF",,"TF",,"TF","TF","TF",,,,,"TF",,"TF","TF",,,"TF","TF",,,"TF","TF","TF","TF","TF","TF","TF",,,,,,"TF",,"TF",,,"TF","TF","TF","TF","TF",,"TF","TF"
"TF","Factor: Egr-1; motif: GCGCATGCG; match class: 1","TF:M04869_1","false","0.03150814650641943","1.5015771438177525","10557","121","87","20045","TF","TF","TF",,"TF","TF","TF",,,"TF","TF","TF","TF",,,"TF","TF","TF","TF","TF","TF",,,"TF","TF",,,"TF","TF",,,,,"TF","TF","TF","TF","TF",,"TF",,"TF","TF","TF","TF","TF","TF","TF","TF","TF",,,,"TF",,,,"TF","TF","TF","TF","TF","TF","TF","TF","TF","TF","TF","TF","TF","TF","TF","TF","TF","TF","TF",,"TF",,"TF",,"TF",,,"TF","TF","TF","TF","TF","TF","TF",,"TF","TF",,"TF",,,"TF","TF","TF",,"TF","TF","TF","TF",,"TF","TF","TF","TF","TF","TF","TF","TF","TF","TF","TF",,"TF",
"TF","Factor: ETF; motif: GVGGMGG","TF:M00695","false","0.03300512543474567","1.4814186123893127","10745","121","88","20045","TF","TF","TF",,"TF","TF","TF","TF",,"TF","TF","TF","TF",,"TF",,"TF",,,"TF","TF","TF",,,"TF","TF","TF","TF","TF",,,,,"TF","TF","TF","TF","TF","TF","TF","TF","TF","TF","TF","TF","TF","TF","TF","TF",,,,,"TF",,,,"TF","TF","TF","TF","TF","TF","TF","TF",,"TF","TF","TF","TF","TF","TF","TF","TF","TF","TF",,"TF","TF","TF","TF","TF",,,,"TF","TF","TF","TF",,"TF",,"TF","TF","TF","TF","TF","TF","TF","TF","TF",,"TF",,"TF",,"TF","TF","TF","TF",,"TF",,"TF","TF","TF","TF","TF",,"TF",
"TF","Factor: ZNF93; motif: GGYAGCRGCAGCGGYG; match class: 1","TF:M12742_1","false","0.04043644476640101","1.3932270352325733","1335","121","22","20045",,,"TF",,,,,,,,,,"TF",,,,"TF",,,,,,,,"TF","TF",,,,,,,,,,,,,,,"TF",,"TF",,"TF",,,,,,,,,,,,,,"TF",,,,,,,,,,"TF",,"TF",,"TF",,,,,"TF",,"TF",,"TF",,,,,,,,,,,,"TF","TF","TF","TF",,"TF",,,,,,,,,,"TF",,,"TF",,,,,,,,,
"TF","Factor: ZNF609; motif: GNSNGGGNGCTGN; match class: 1","TF:M13132_1","false","0.04154666628833993","1.3814638183458878","5487","121","55","20045","TF","TF",,,,,"TF","TF",,,"TF",,,,"TF",,"TF","TF","TF","TF",,,"TF",,,,,"TF",,,,,,,,"TF",,"TF",,,,,"TF",,,"TF",,"TF","TF",,,"TF","TF",,,,,,,,,"TF",,"TF",,,"TF",,"TF",,,"TF","TF","TF",,"TF","TF","TF",,"TF","TF",,,,"TF","TF","TF","TF","TF",,"TF",,"TF",,,"TF",,"TF","TF","TF",,,"TF","TF",,,,"TF","TF",,,"TF","TF","TF","TF","TF",,"TF",,"TF","TF"
"TF","Factor: ZBTB33; motif: GGYGCTG; match class: 1","TF:M13142_1","false","0.043545697344194","1.3610547502312471","3443","121","40","20045","TF",,,,,,"TF","TF",,"TF",,,,,"TF","TF","TF",,"TF",,,,,,"TF",,"TF","TF",,,,,,,,"TF",,,"TF",,"TF","TF",,,,"TF",,"TF","TF",,,,,"TF",,,,,,,,"TF",,,,,"TF","TF",,,,"TF",,,"TF","TF",,"TF",,,,,,,,"TF","TF","TF","TF",,,,"TF",,,,,,"TF",,,,,"TF","TF",,,"TF","TF","TF",,,,"TF",,"TF",,,,"TF",
"HPA","cerebellum; synaptic glomeruli - core[Low]","HPA:0091061","false","0.0019114771721740922","2.718630884178055","291","66","10","11019",,,,,,,,"Supported",,"Enhanced",,,,,"Enhanced",,,,,,,,,,,,,"Enhanced",,,,,,,,,,,,,,,,,,,,,"Enhanced",,,"Enhanced",,,,,,,,,"Enhanced",,,,,,,,,,,,,,,,,"Enhanced",,,,,,,,,,,,,,,,,,,"Enhanced",,,,,,,,,,,,,,"Enhanced",,,,,,,,,,
"HPA","cerebellum; GLUC cells - cytoplasm/membrane[Medium]","HPA:0090922","false","0.002327568465384996","2.633097535394273","177","66","8","11019",,,,,,,,"Supported",,,,,,,,,,,,,,,"Enhanced",,,,,,,,,,,,,,,,,,,,,,,,,,"Enhanced",,,"Enhanced",,,,,,,,,"Enhanced",,,,,,,,,,,,,,"Supported",,,"Enhanced",,,,,,,,,,,,,,,,,,,"Enhanced",,,,,,,,,,,,,,,,,,,,,,,,
"HPA","cerebellum; GLUC cells - cytoplasm/membrane[Low]","HPA:0090921","false","0.004710959086611197","2.326890667473961","195","66","8","11019",,,,,,,,"Supported",,,,,,,,,,,,,,,"Enhanced",,,,,,,,,,,,,,,,,,,,,,,,,,"Enhanced",,,"Enhanced",,,,,,,,,"Enhanced",,,,,,,,,,,,,,"Supported",,,"Enhanced",,,,,,,,,,,,,,,,,,,"Enhanced",,,,,,,,,,,,,,,,,,,,,,,,
"HPA","cerebellum; synaptic glomeruli - core[Medium]","HPA:0091062","false","0.014390293366301455","1.8419303522713726","228","66","8","11019",,,,,,,,"Supported",,,,,,,"Enhanced",,,,,,,,,,,,,"Enhanced",,,,,,,,,,,,,,,,,,,,,,,,"Enhanced",,,,,,,,,"Enhanced",,,,,,,,,,,,,,,,,"Enhanced",,,,,,,,,,,,,,,,,,,"Enhanced",,,,,,,,,,,,,,"Enhanced",,,,,,,,,,
"HPA","cerebellum; molecular layer cells - cytoplasm/membrane[Medium]","HPA:0091002","false","0.01857991449072708","1.7309562890663186","305","66","9","11019",,"Enhanced",,,,,,,,,,,,,"Enhanced",,,,,,,,"Enhanced",,,,,,,,,,,,,,,,,,,,,,,,,,"Enhanced",,,"Enhanced",,,,,,,,,"Enhanced",,,,,,,,,,,,,,"Supported",,,,,,,,,,,,,,,,,,,,,,"Enhanced",,,,,,,,,,,,"Enhanced",,,,,,,,,,,,
"HPA","cerebellum; synaptic glomeruli - core[High]","HPA:0091063","false","0.023322680830383517","1.632221530974503","125","66","6","11019",,,,,,,,"Supported",,,,,,,"Enhanced",,,,,,,,,,,,,"Enhanced",,,,,,,,,,,,,,,,,,,,,,,,,,,,,,,,,,,,,,,,,,,,,,,,,,"Enhanced",,,,,,,,,,,,,,,,,,,"Enhanced",,,,,,,,,,,,,,"Enhanced",,,,,,,,,,
"HPA","cerebellum; molecular layer - neuropil[Low]","HPA:0090991","false","0.03788919157111086","1.4214846610208935","262","66","8","11019",,,,,,,,,,"Enhanced",,,,,"Enhanced",,,,,,,,"Enhanced",,,,,,,,,,,,,,,,,,,,,,,,,,,,,"Enhanced",,,,,,,,,"Enhanced","Enhanced",,,,,,,,,,,,,,,,,,,,,,,,,,,,,,,,,,,"Enhanced",,,,,,,,,,,,,,"Enhanced",,,,,,,,,,
"HPA","cerebellum; molecular layer cells - cytoplasm/membrane[Low]","HPA:0091001","false","0.04147755208191957","1.3821868826756036","339","66","9","11019",,"Enhanced",,,,,,,,,,,,,"Enhanced",,,,,,,,"Enhanced",,,,,,,,,,,,,,,,,,,,,,,,,,"Enhanced",,,"Enhanced",,,,,,,,,"Enhanced",,,,,,,,,,,,,,"Supported",,,,,,,,,,,,,,,,,,,,,,"Enhanced",,,,,,,,,,,,"Enhanced",,,,,,,,,,,,
"HP","EEG with abnormally slow frequencies","HP:0011203","false","0.00998841747258462","2.0005033143131916","96","39","7","4958",,,"HP",,,,,,,"HP",,,,,,,,,,,,,"HP",,,,,"HP",,,,,,,,,,,,,,,,,,,,,,,,,,,,"HP",,,,,,,"HP",,,,,,,,,,,,,,,"HP",,,,,,,,,,,,,,,,,,,,,,,,,,,,,,,,,,,,,,,,,,,
"HP","Autistic behavior","HP:0000729","false","0.02055825164783578","1.687013822166222","582","39","15","4958",,,"HP","HP",,,,,,"HP",,,,,,,,,"HP",,,,"HP",,,,,"HP",,,,,,,"HP",,,,,,,,"HP",,,,,,,,,,,,,,,,,,,,"HP",,,,,,,,,,,,,,,"HP",,,,,"HP",,,,,,,"HP",,,,,,,"HP",,,,,,,,,,,,,,,,,,,"HP",,"HP",,,
"HP","EEG abnormality","HP:0002353","false","0.035225361770615006","1.4531445379155539","532","39","14","4958",,,"HP","HP",,"HP",,,,"HP",,,,,,,,,,,,,"HP",,,,,"HP",,,,,,,,,,,,,,,,,,,,,,,,,,,,"HP",,,,,,,"HP",,,"HP",,,,,,,,,,,,"HP",,"HP",,,,,,,,,,,,,,,,,"HP","HP",,,,,,,,,,,,,,,,,,,,"HP",,,
"HP","EEG with generalized epileptiform discharges","HP:0011198","false","0.04240247130755487","1.3726088310497873","272","39","10","4958",,,"HP",,,,,,,"HP",,,,,,,,,,,,,"HP",,,,,"HP",,,,,,,,,,,,,,,,,,,,,,,,,,,,,,,,,,,"HP",,,"HP",,,,,,,,,,,,"HP",,,,,,,,,,,,,,,,,,,"HP","HP",,,,,,,,,,,,,,,,,,,,"HP",,,
